Object	Before SHA256	After SHA256
adamic-count.o	29f7874845d5c50b414f8bb2502850b624be1eb886b93ba07e61110abba4429e	29f7874845d5c50b414f8bb2502850b624be1eb886b93ba07e61110abba4429e
adamic.o	98cda1bdf9f34d9f2dcc37f3676521af68270316b1327fdad8de37888c9cde61	98cda1bdf9f34d9f2dcc37f3676521af68270316b1327fdad8de37888c9cde61
array-count.o	5e245e939a869aeb21ed85cad9502ae86f8a20257eabc99af7ffda0b6f0b7359	5e245e939a869aeb21ed85cad9502ae86f8a20257eabc99af7ffda0b6f0b7359
array.o	5e245e939a869aeb21ed85cad9502ae86f8a20257eabc99af7ffda0b6f0b7359	5e245e939a869aeb21ed85cad9502ae86f8a20257eabc99af7ffda0b6f0b7359
array_from-count.o	16c9af2ad21a7405abebfce1fb827708c8649a96b55723a08533937ed5de4a91	16c9af2ad21a7405abebfce1fb827708c8649a96b55723a08533937ed5de4a91
array_from.o	16c9af2ad21a7405abebfce1fb827708c8649a96b55723a08533937ed5de4a91	16c9af2ad21a7405abebfce1fb827708c8649a96b55723a08533937ed5de4a91
bitwise-count.o	a4f1493f7d89c2709f505e23a3714df7ac63fffeb5040685fadb302f0cb1930d	a4f1493f7d89c2709f505e23a3714df7ac63fffeb5040685fadb302f0cb1930d
bitwise.o	a4f1493f7d89c2709f505e23a3714df7ac63fffeb5040685fadb302f0cb1930d	a4f1493f7d89c2709f505e23a3714df7ac63fffeb5040685fadb302f0cb1930d
case-count.o	5fb4e6b0acef142f81c9cfde1c0213e1317e2742a6191c338e27324757b1a467	5fb4e6b0acef142f81c9cfde1c0213e1317e2742a6191c338e27324757b1a467
case.o	5fb4e6b0acef142f81c9cfde1c0213e1317e2742a6191c338e27324757b1a467	5fb4e6b0acef142f81c9cfde1c0213e1317e2742a6191c338e27324757b1a467
class_features-count.o	1bcb77b08fee91865a80a1e357e6709012b5deefa3e44a517f969adcb8a25249	1bcb77b08fee91865a80a1e357e6709012b5deefa3e44a517f969adcb8a25249
class_features.o	1bcb77b08fee91865a80a1e357e6709012b5deefa3e44a517f969adcb8a25249	1bcb77b08fee91865a80a1e357e6709012b5deefa3e44a517f969adcb8a25249
class_inheritance-count.o	776b2c20a9a0d1ea3f4b1501f288fc60086545a6246800e6fc7109d7a2bdc0c8	776b2c20a9a0d1ea3f4b1501f288fc60086545a6246800e6fc7109d7a2bdc0c8
class_inheritance.o	776b2c20a9a0d1ea3f4b1501f288fc60086545a6246800e6fc7109d7a2bdc0c8	776b2c20a9a0d1ea3f4b1501f288fc60086545a6246800e6fc7109d7a2bdc0c8
class_static-count.o	8e969ff6ec28cf918b47a396d251382b7b8d24072c22d5b994f3a90a64116173	8e969ff6ec28cf918b47a396d251382b7b8d24072c22d5b994f3a90a64116173
class_static.o	8e969ff6ec28cf918b47a396d251382b7b8d24072c22d5b994f3a90a64116173	8e969ff6ec28cf918b47a396d251382b7b8d24072c22d5b994f3a90a64116173
closure-count.o	219ba7dc18bbf8718cdc1a6e5b1f94718e93d1a2afef3852ee8a499453839d0c	219ba7dc18bbf8718cdc1a6e5b1f94718e93d1a2afef3852ee8a499453839d0c
closure.o	219ba7dc18bbf8718cdc1a6e5b1f94718e93d1a2afef3852ee8a499453839d0c	219ba7dc18bbf8718cdc1a6e5b1f94718e93d1a2afef3852ee8a499453839d0c
count-count.o	0ff76b8f9ab22594a8ead1999d971154bf44c2d108d0e0c33a822204b7e06fe3	0ff76b8f9ab22594a8ead1999d971154bf44c2d108d0e0c33a822204b7e06fe3
count.o	be3875d975f4d48d430177e812f88121cd10d4b35d863b9d31821de143f5c86f	be3875d975f4d48d430177e812f88121cd10d4b35d863b9d31821de143f5c86f
directory-count.o	043be6687c2bd2f9cf0d1dea77107cf4a8d9de75fb041d7ac50b8944a684cb5c	043be6687c2bd2f9cf0d1dea77107cf4a8d9de75fb041d7ac50b8944a684cb5c
directory.o	043be6687c2bd2f9cf0d1dea77107cf4a8d9de75fb041d7ac50b8944a684cb5c	043be6687c2bd2f9cf0d1dea77107cf4a8d9de75fb041d7ac50b8944a684cb5c
dtoa-count.o	ec4af61efad4f003ac803e26ef5549ba3521718b0fd7176420f5e808881abd93	ec4af61efad4f003ac803e26ef5549ba3521718b0fd7176420f5e808881abd93
dtoa.o	ec4af61efad4f003ac803e26ef5549ba3521718b0fd7176420f5e808881abd93	ec4af61efad4f003ac803e26ef5549ba3521718b0fd7176420f5e808881abd93
exceptions-count.o	a3cd969d9f5d3797ef06ff3178c0559cccdbb97a054b030ef0d0a0af9640173d	a3cd969d9f5d3797ef06ff3178c0559cccdbb97a054b030ef0d0a0af9640173d
exceptions.o	a3cd969d9f5d3797ef06ff3178c0559cccdbb97a054b030ef0d0a0af9640173d	a3cd969d9f5d3797ef06ff3178c0559cccdbb97a054b030ef0d0a0af9640173d
from_codes-count.o	6d3a0d9aba13f9ce5df10b38b451aef69646fa1c650d464e378ddaf363e548cb	6d3a0d9aba13f9ce5df10b38b451aef69646fa1c650d464e378ddaf363e548cb
from_codes.o	6d3a0d9aba13f9ce5df10b38b451aef69646fa1c650d464e378ddaf363e548cb	6d3a0d9aba13f9ce5df10b38b451aef69646fa1c650d464e378ddaf363e548cb
heap-count.o	1d5988093d2a502bffc411369340ec695dd3b87a4d6d443fd150d06507d6301d	1d5988093d2a502bffc411369340ec695dd3b87a4d6d443fd150d06507d6301d
heap.o	4a2e7c970d847d06fc21f0b8a95ca0e7cb25d6da5f5f822ad377244216e34093	4a2e7c970d847d06fc21f0b8a95ca0e7cb25d6da5f5f822ad377244216e34093
hypot-count.o	26c462381e8a10b123b4994673900345cd44635abc24683e79babf7793437b17	26c462381e8a10b123b4994673900345cd44635abc24683e79babf7793437b17
hypot.o	26c462381e8a10b123b4994673900345cd44635abc24683e79babf7793437b17	26c462381e8a10b123b4994673900345cd44635abc24683e79babf7793437b17
ieee754-count.o	cab8dd649e02fdcd3683f01a8dd01746173e486bdc33874d421ac9a9b6ceafb9	cab8dd649e02fdcd3683f01a8dd01746173e486bdc33874d421ac9a9b6ceafb9
ieee754.o	cab8dd649e02fdcd3683f01a8dd01746173e486bdc33874d421ac9a9b6ceafb9	cab8dd649e02fdcd3683f01a8dd01746173e486bdc33874d421ac9a9b6ceafb9
input-count.o	f80a2e1c4e2f08377c5465871896cab394f68ffd7b19ee3d05cd0a57a3a600f9	f80a2e1c4e2f08377c5465871896cab394f68ffd7b19ee3d05cd0a57a3a600f9
input.o	f80a2e1c4e2f08377c5465871896cab394f68ffd7b19ee3d05cd0a57a3a600f9	f80a2e1c4e2f08377c5465871896cab394f68ffd7b19ee3d05cd0a57a3a600f9
json_stringify-count.o	a641d79108b32cd3e083c9d18a8b89b0ee29e39a9a095bab1c862e68a16bfde9	a641d79108b32cd3e083c9d18a8b89b0ee29e39a9a095bab1c862e68a16bfde9
json_stringify.o	a641d79108b32cd3e083c9d18a8b89b0ee29e39a9a095bab1c862e68a16bfde9	a641d79108b32cd3e083c9d18a8b89b0ee29e39a9a095bab1c862e68a16bfde9
library_array-count.o	a45a5acf3381173d64fcf1cc86ea5c7c1b1b1e9d9f77503e9cbb10c2ea1a1439	a45a5acf3381173d64fcf1cc86ea5c7c1b1b1e9d9f77503e9cbb10c2ea1a1439
library_array.o	a45a5acf3381173d64fcf1cc86ea5c7c1b1b1e9d9f77503e9cbb10c2ea1a1439	a45a5acf3381173d64fcf1cc86ea5c7c1b1b1e9d9f77503e9cbb10c2ea1a1439
library_language-count.o	f174beb8717bd3e52cb9d7e97f7db67ff86338d2dc20d3467c3dedf880a1306c	f174beb8717bd3e52cb9d7e97f7db67ff86338d2dc20d3467c3dedf880a1306c
library_language.o	f174beb8717bd3e52cb9d7e97f7db67ff86338d2dc20d3467c3dedf880a1306c	f174beb8717bd3e52cb9d7e97f7db67ff86338d2dc20d3467c3dedf880a1306c
library_math_number-count.o	835ceb65ab1844f26c2501a315b5e7b6468b59bdb538754ff7d6a50c9b01ede2	835ceb65ab1844f26c2501a315b5e7b6468b59bdb538754ff7d6a50c9b01ede2
library_math_number.o	835ceb65ab1844f26c2501a315b5e7b6468b59bdb538754ff7d6a50c9b01ede2	835ceb65ab1844f26c2501a315b5e7b6468b59bdb538754ff7d6a50c9b01ede2
library_object-count.o	4ef6cef79aff0d8f6016c2ed53581d9cc3cb29ae2caf5e3bdd9b35241dd6dd58	4ef6cef79aff0d8f6016c2ed53581d9cc3cb29ae2caf5e3bdd9b35241dd6dd58
library_object.o	4ef6cef79aff0d8f6016c2ed53581d9cc3cb29ae2caf5e3bdd9b35241dd6dd58	4ef6cef79aff0d8f6016c2ed53581d9cc3cb29ae2caf5e3bdd9b35241dd6dd58
map-count.o	47a17cf4ff5ab5ca764ac6312cd7f9f480e7c5de102a7773876e61dc32ae2fb2	47a17cf4ff5ab5ca764ac6312cd7f9f480e7c5de102a7773876e61dc32ae2fb2
map.o	47a17cf4ff5ab5ca764ac6312cd7f9f480e7c5de102a7773876e61dc32ae2fb2	47a17cf4ff5ab5ca764ac6312cd7f9f480e7c5de102a7773876e61dc32ae2fb2
map_set-count.o	5bd3e0d3fba5da5f3505fce5fcd8fd644c5e2f7123aab49370e43fa36f3b66da	5bd3e0d3fba5da5f3505fce5fcd8fd644c5e2f7123aab49370e43fa36f3b66da
map_set.o	5bd3e0d3fba5da5f3505fce5fcd8fd644c5e2f7123aab49370e43fa36f3b66da	5bd3e0d3fba5da5f3505fce5fcd8fd644c5e2f7123aab49370e43fa36f3b66da
math-count.o	e6a6dadd7f8dc225afb3a8bbb8698320a3bb4c4ad080bc4f940d6bdde99c4a5c	e6a6dadd7f8dc225afb3a8bbb8698320a3bb4c4ad080bc4f940d6bdde99c4a5c
math.o	e6a6dadd7f8dc225afb3a8bbb8698320a3bb4c4ad080bc4f940d6bdde99c4a5c	e6a6dadd7f8dc225afb3a8bbb8698320a3bb4c4ad080bc4f940d6bdde99c4a5c
maybe-count.o	26f459c7c6e0b21c60edf419157e8389a5b2125135ad2cce535eb08d21d042e3	26f459c7c6e0b21c60edf419157e8389a5b2125135ad2cce535eb08d21d042e3
maybe.o	26f459c7c6e0b21c60edf419157e8389a5b2125135ad2cce535eb08d21d042e3	26f459c7c6e0b21c60edf419157e8389a5b2125135ad2cce535eb08d21d042e3
normalize-count.o	709b4f43c4dbd24987dc7cb1a9d7bded0ed3deed864c05af50cc73deb2bd4a85	709b4f43c4dbd24987dc7cb1a9d7bded0ed3deed864c05af50cc73deb2bd4a85
normalize.o	709b4f43c4dbd24987dc7cb1a9d7bded0ed3deed864c05af50cc73deb2bd4a85	709b4f43c4dbd24987dc7cb1a9d7bded0ed3deed864c05af50cc73deb2bd4a85
number-count.o	5a4834b3e84bb5c439ca676a27a24180a22e339412a240f0197d44192c157f1a	5a4834b3e84bb5c439ca676a27a24180a22e339412a240f0197d44192c157f1a
number.o	5a4834b3e84bb5c439ca676a27a24180a22e339412a240f0197d44192c157f1a	5a4834b3e84bb5c439ca676a27a24180a22e339412a240f0197d44192c157f1a
object-count.o	c34fd22ab5450d57d1092d76775454f1293db4303a58166bc4ca6906da07d146	c34fd22ab5450d57d1092d76775454f1293db4303a58166bc4ca6906da07d146
object.o	c34fd22ab5450d57d1092d76775454f1293db4303a58166bc4ca6906da07d146	c34fd22ab5450d57d1092d76775454f1293db4303a58166bc4ca6906da07d146
parse-count.o	18022c28d837ff49f6f562328e332e088987db8fbed2c1f21868669b39adad9a	18022c28d837ff49f6f562328e332e088987db8fbed2c1f21868669b39adad9a
parse.o	18022c28d837ff49f6f562328e332e088987db8fbed2c1f21868669b39adad9a	18022c28d837ff49f6f562328e332e088987db8fbed2c1f21868669b39adad9a
radix-count.o	24d43f4ec646e7a5227d376ef95af54c85ce4a59368c3ee1410451b1558a09c4	24d43f4ec646e7a5227d376ef95af54c85ce4a59368c3ee1410451b1558a09c4
radix.o	24d43f4ec646e7a5227d376ef95af54c85ce4a59368c3ee1410451b1558a09c4	24d43f4ec646e7a5227d376ef95af54c85ce4a59368c3ee1410451b1558a09c4
regexp-count.o	a37910ccf7167e0f683ea918715a419e7594c6de45d8a5bfd070e177531e47c2	a37910ccf7167e0f683ea918715a419e7594c6de45d8a5bfd070e177531e47c2
regexp.o	a37910ccf7167e0f683ea918715a419e7594c6de45d8a5bfd070e177531e47c2	a37910ccf7167e0f683ea918715a419e7594c6de45d8a5bfd070e177531e47c2
region-count.o	1948fe4ee1062782d80d1decffcc20f07982ac4916d5130467a6f04775f07407	1948fe4ee1062782d80d1decffcc20f07982ac4916d5130467a6f04775f07407
region.o	3bdd0ba5086bfa896de62710277b6f2b1a9b336dd5924b39781a155757d49809	3bdd0ba5086bfa896de62710277b6f2b1a9b336dd5924b39781a155757d49809
set-count.o	3fdd2bef70d8c4c0bda8c0dfd30308ec4054f77b70bd3910d3b0d4b4c1e702fd	3fdd2bef70d8c4c0bda8c0dfd30308ec4054f77b70bd3910d3b0d4b4c1e702fd
set.o	3fdd2bef70d8c4c0bda8c0dfd30308ec4054f77b70bd3910d3b0d4b4c1e702fd	3fdd2bef70d8c4c0bda8c0dfd30308ec4054f77b70bd3910d3b0d4b4c1e702fd
sort-count.o	cc67676116302ac17df60515fbed86d23c42aa5ea4da37f9509e562de637ad63	cc67676116302ac17df60515fbed86d23c42aa5ea4da37f9509e562de637ad63
sort.o	cc67676116302ac17df60515fbed86d23c42aa5ea4da37f9509e562de637ad63	cc67676116302ac17df60515fbed86d23c42aa5ea4da37f9509e562de637ad63
sort_undefined-count.o	1bb48055f9832c4222f46501e106874f14a5bbe692e4eb026370de3fabcbceeb	1bb48055f9832c4222f46501e106874f14a5bbe692e4eb026370de3fabcbceeb
sort_undefined.o	1bb48055f9832c4222f46501e106874f14a5bbe692e4eb026370de3fabcbceeb	1bb48055f9832c4222f46501e106874f14a5bbe692e4eb026370de3fabcbceeb
spread-count.o	38c6bbfa3c95a07a09dc60578bf0adbf8ecc6e16c6d8f0f6863f346f88620834	38c6bbfa3c95a07a09dc60578bf0adbf8ecc6e16c6d8f0f6863f346f88620834
spread.o	38c6bbfa3c95a07a09dc60578bf0adbf8ecc6e16c6d8f0f6863f346f88620834	38c6bbfa3c95a07a09dc60578bf0adbf8ecc6e16c6d8f0f6863f346f88620834
stack-count.o	e05c998bc412bb10f5db11b4b7436da9841fa452573803a3cc9c5633400abd22	e05c998bc412bb10f5db11b4b7436da9841fa452573803a3cc9c5633400abd22
stack.o	e05c998bc412bb10f5db11b4b7436da9841fa452573803a3cc9c5633400abd22	e05c998bc412bb10f5db11b4b7436da9841fa452573803a3cc9c5633400abd22
string-count.o	e3ba6780fb3d19ec1baf04e4e2d049e6048ca458e5dad8e042bbf3c8c62e36ab	e3ba6780fb3d19ec1baf04e4e2d049e6048ca458e5dad8e042bbf3c8c62e36ab
string.o	e3ba6780fb3d19ec1baf04e4e2d049e6048ca458e5dad8e042bbf3c8c62e36ab	e3ba6780fb3d19ec1baf04e4e2d049e6048ca458e5dad8e042bbf3c8c62e36ab
string_append-count.o	d985705bd2f5d6adc2a254175c91ea146b3cd2e2eacf29c467cb759a2f96fec4	d985705bd2f5d6adc2a254175c91ea146b3cd2e2eacf29c467cb759a2f96fec4
string_append.o	d985705bd2f5d6adc2a254175c91ea146b3cd2e2eacf29c467cb759a2f96fec4	d985705bd2f5d6adc2a254175c91ea146b3cd2e2eacf29c467cb759a2f96fec4
string_from-count.o	2f96536d1810c1174d138e975e1228f700ca7277b28328a656cc6aaf2dd4ff9e	2f96536d1810c1174d138e975e1228f700ca7277b28328a656cc6aaf2dd4ff9e
string_from.o	2f96536d1810c1174d138e975e1228f700ca7277b28328a656cc6aaf2dd4ff9e	2f96536d1810c1174d138e975e1228f700ca7277b28328a656cc6aaf2dd4ff9e
string_index-count.o	613886386ccbd0317e32e91a173fd56cf70dd0ebd22268e725e81c7bb99c20b4	613886386ccbd0317e32e91a173fd56cf70dd0ebd22268e725e81c7bb99c20b4
string_index.o	613886386ccbd0317e32e91a173fd56cf70dd0ebd22268e725e81c7bb99c20b4	613886386ccbd0317e32e91a173fd56cf70dd0ebd22268e725e81c7bb99c20b4
string_share-count.o	cb5dce85185489384a7558377f91282bb8360c9ac362dff1d74f0338698480f2	cb5dce85185489384a7558377f91282bb8360c9ac362dff1d74f0338698480f2
string_share.o	cb5dce85185489384a7558377f91282bb8360c9ac362dff1d74f0338698480f2	cb5dce85185489384a7558377f91282bb8360c9ac362dff1d74f0338698480f2
tsgo-count.o	383ca92b2068f193c372d9cd067988a2840b97309336ee51fc0aacac085d8c7b	383ca92b2068f193c372d9cd067988a2840b97309336ee51fc0aacac085d8c7b
tsgo.o	383ca92b2068f193c372d9cd067988a2840b97309336ee51fc0aacac085d8c7b	383ca92b2068f193c372d9cd067988a2840b97309336ee51fc0aacac085d8c7b
union-count.o	822eea0ddce773c495655404196321601f9d4a022ac7cd852fc487aa8e5e66b0	822eea0ddce773c495655404196321601f9d4a022ac7cd852fc487aa8e5e66b0
union.o	822eea0ddce773c495655404196321601f9d4a022ac7cd852fc487aa8e5e66b0	822eea0ddce773c495655404196321601f9d4a022ac7cd852fc487aa8e5e66b0
utf8-count.o	328fa2c45c31f011ac61c258fca558524313e4dd902663ba92f1b7a6bdcdbf8b	328fa2c45c31f011ac61c258fca558524313e4dd902663ba92f1b7a6bdcdbf8b
utf8.o	328fa2c45c31f011ac61c258fca558524313e4dd902663ba92f1b7a6bdcdbf8b	328fa2c45c31f011ac61c258fca558524313e4dd902663ba92f1b7a6bdcdbf8b
weak-count.o	b95cc9a890c12f980d179cc2cfa15b22c6f4db6ead38f9b84a2890ac42853009	b95cc9a890c12f980d179cc2cfa15b22c6f4db6ead38f9b84a2890ac42853009
weak.o	b95cc9a890c12f980d179cc2cfa15b22c6f4db6ead38f9b84a2890ac42853009	b95cc9a890c12f980d179cc2cfa15b22c6f4db6ead38f9b84a2890ac42853009
