source,transplanted,subject
b82ae6db5b39496eee9404f77703982174e16587,848256147f06569e20757a57dc0fbf5bd595d5ed,Audit project stricter-option sites without weakening loader rejection
b651b3055d73fb8cac38fc25d21e81c634c9ba96,0fad61950eb1a71b656d697490453d5a2a634d11,Use project options and lib in TypeScript loading and retain unconverted sites
d5b7660fa2254e6dce58bf594a6a40aea77f916a,d78f5ec877126124bc5ebd4c0def9b0e0f23d66f,Keep collection iterator completion out of element inference
24d980a7ef594cdf0b9c532f680d5b348c3a4b80,9f3bf894c0ba94c298540b178d6e0e70ebcb26e7,Respect TypeScript project libraries and compiler options
5aef91aeaad17ab1e7eda11769ea57f9e6cdea96,d5e72314e358bcda8816dde2e529b81b57048a52,Insert indexed presence guards for supported project reads
390af985caf2a81edb239cdf5e3238add50a7fcd,228faa5bf9fd4020f2459f446b00d4a715a7d007,Check JSON stringify results at project string uses
dfb82dabbf7b548de84a334ae5e72935bd08ce90,3bb0027a3c2c9f214ed05874d51584581711e817,Keep sparse array presence through aliases and guard indexed reads
7d70c57286e0299a914ec956453685d756eb2617,86f4c0d764ad7218377a601a8e111946dd4d1d3e,Admit enum lengths for sparse arrays without erasing receiver effects
c132be26c3756a3a91e1d07c7ad951e45d3d6056,76abaf8469f520a8c24afc0e83eae3140feca937,Guard numeric typed-array reads using counted storage
a77b4c46bbd6e671cd3a3bb932f04a733c2defc5,182efdc3de5d8117239d83516e70a839b29a9aff,Preserve thrown values and test caught Error identity
ded85b2d80f408d6aa59d2d81aceea89adabe872,9bd019a7453ac628daa7e98a5b281073f0b5a07b,Check caught members at definite typed uses
area reconciliation,36398645c21a8ee89fbd76552448d12be33d1fba,Lower readonly string records through the existing table and indexed guard
area reconciliation,962559b0b606f9a2f7fe89bd1974006a50f0a9c5,Prove both record and array guards and report supported record scope
area reconciliation,af3a7704b16938ea95fd0290cad39b8f87bb69ad,Support finite nested readonly record payloads
d7e67e207368e5f74230883f032b8ae733a02524,bb358ce74dcfbd22778728ecc52200fc5b8d7a4f,Report every production option obligation by ledger identity without admitting remaining errors
51eab0da364b133c54bb9e03e3995427c453c742,e8e7bdbb459218e4f655ab5c6d13c86e47303fc4,Verify all 173 ledger rows and preserve integrated runtime representations
area reconciliation,d44c1a4f884ed935c8748dfc3f39b52704bfebe3,Prove five checker indexed read shapes against Node
area reconciliation,83b41db8be719f1211c1e0190e9b729de33111aa,Prove tuple and returned array reads and record optional return limits
area reconciliation,9e90076afddd308b57c4db7d3d6d8c36e4253fe5,Prove five parameter use witnesses with one observable check each
area reconciliation,a3b5c98edfdd30bc5862240124a13ee29b2e996d,Prove the next five parameter read uses
area reconciliation,482fa7eac361e05128f59bf5353a1f5feece1119,Finish checker read witnesses and pin the remaining refusal rows
area reconciliation,d05b15904961b2c94d020a45f7844402bcf7cd43,Report 23 proven checker rows and four blocked rows with final gate evidence
area reconciliation,1bafd96820da329a84045594e95e2e0a15efd4cd,Guard each dense array binding through the indexed read helper
area reconciliation,7ab4cdba8d1e2f4e32550f943ece529665d2f41b,Preserve overload attribution for optional results of indexed arguments
area reconciliation,37f7f55ec703b2afe67eadd2a44344366507c11e,Report completed indexed witnesses and the absent own-field storage block
area reconciliation,bc2415d9884d6c0075692190f749f69f8a9453c5,Verify records merge and report the named optional field dependency
area reconciliation,5499fc3a5f517e5f657136ce31be67da5a175d4a,Prove D069 with an initially absent optional field
area reconciliation,576de51e46f52b0fd0d2ccafa044d8951c0a75b6,Add generator indexed witnesses with isolated project ts fixtures
area reconciliation,636c6c9c6a7e76d59811bbfcdc7bccf126dad7d9,Record runtime proof for five clause array rows
area reconciliation,600e331a1d5c189a550f27b5dfdefcea8e878969,Record clause and numeric label indexed proofs through D209
area reconciliation,65cc0981028b0cc9427d7da146777d3dcfa82ec8,Record block array proofs and the D212 non-null refusal
area reconciliation,3e7b4299c6ced1973290dd4ea54bcab532992935,Prove remaining block and nested array reads through D219
area reconciliation,2740abe2e135285beb9c21a3b751bab256028a12,Complete all generator indexed read shape witnesses
area reconciliation,f564bddf73f8a79645ad72a5b36e815d7703542a,Pin exact explain output and record the final indexed witness gate
area reconciliation,4a4e9ef2ba824d7437a38a560570f3328be501f5,Prove four array stack rows and record two hole refusals. Use explicit sinks for isolated TypeScript witnesses.
area reconciliation,75f43611c98aa58926032ab36d5b5778c169c6a3,Prove five class fields rows with numeric path and object array witnesses.
area reconciliation,9d86093f87b5ec6f4d6f4eea2301d0bdaa9b78f3,Prove five property chain and parameter array rows.
area reconciliation,72c781ca44de682c92db0bcac26c89b6ee8b9645,Complete indexed c witness census and record all mutant outcomes.
area reconciliation,2ff2a160319fd21df1df6236ba4495e8b75f503c,Finish the two sparse indexed witnesses and their compound guards
area reconciliation,ac07b1859e812c9b4e6bbdd4ec3652deb1c4d28a,Prove first indexed d reads and record representation gaps
area reconciliation,f85fc92de7459213b6e870c8374fa1d401583650,Prove five transformer and numeric index witnesses
area reconciliation,1e3c1b7d6340f8ee51f7b3240d81a4afb9b2035f,Prove esnext reads and report halfway coverage
area reconciliation,8ba6c93e626eab6b27013398c5047c72c0868f8d,Prove prologue JSX and module indexed reads
area reconciliation,582738a91994c48279b62cbdb0af9657fcef113f,Prove remaining module reads and hold the exact ledger census
area reconciliation,dadcbabf5ec129956545d8c3f28228e51369275b,Record indexed d verification and representation refusals
area reconciliation,de0bd6ad205ba1c9e47622522f09bdef8e33f3eb,Cover the three omitted indexed rows and record representation blockers
area reconciliation,33c00a6107137bf5040fdb7107b7fe5f090c23ef,Report D151 null and undefined representation decision
area reconciliation,651711f723c84eff9b98ccbf0cf2472f816baa68,Represent nullable strings with an immortal reference sentinel
area reconciliation,f3210c6ae42516f9597b65f3d84f1d17bb5e9a76,Guard nullable string indexed reads for undefined only
area reconciliation,d5cdfd2f557bf0339e9744895490ab938074fb34,Prove D151 nullable reads against Node and runtime mutants
area reconciliation,8880b99e9f7859fc74426b37dcab56e2fca349ad,Prove chained record guards and first five hole reads; retain nested record refusal
area reconciliation,ae844d2a2870e8e6b2c58d5984f9b9c09fbb14d6,Prove five more hole reads and preserve merge validation evidence
area reconciliation,92b42baaeb42835b25f3b2a11da246f961e8a80c,Prove five esnext and JSX hole reads
area reconciliation,83e02fb08d186a24f6afd4c534418e1095ae27bc,Prove five JSX and module transformer hole reads
area reconciliation,312ff1a71afd7876b166e345013a55c7e49ab53b,Prove final hole variants and report every assigned row state
area reconciliation,87ae8ca5f9a1a64fe48e8027d820038b7db072cd,Keep record cast refusals scoped to records and verify merged witnesses
area reconciliation,2a2257b53f80a8e950d8593db2392ba5d2911743,Inline nullable reference predicates and backstop sentinel migration
area reconciliation,fb8eef857004c5e74211c5c435e55835abdd305c,Preserve null identity in Map keys and string conversions
area reconciliation,36c0f7ec6a0284c6f50e0bb81e7bf61615ac90d7,Prove D119 nested record read and both native guard mutants
area reconciliation,ff07f7776ae131c4bf9e483f9d3d7a8a0467ca09,Report all 27 rows proven and preserve runtime review validation
area reconciliation,f5a28f4ff56b6e2356eebdc18299c3da46107e6c,Integrate indexed witnesses and report whole compiler checker blockers
area reconciliation,99d90d9610a2bc4b2b1329b318ef2274fbc5be05,Preserve integrated record and explain behavior and consume the production census
area reconciliation,ae9a8428b985321ba148036ef1e71deaa459d851,Reconcile checked bindings and namespace initialization with the merged contracts
area reconciliation,f1a8652c6bca390ad1ff2ed8764fe0236c7dc1c3,Report all 173 production census rows and final merged witness evidence
