id,file,line,column,owner,source_expression,status,refusal_scope,reason,error_kind,checker_error,indexed_check_emitted,read_local_outcome
D037,src/compiler/checker.ts,12034,30,createTypeChecker.getFlowTypeFromCommonJSExport,file.endFlowNode,still refuses,"original file dependency graph, before indexed-site lowering",/tmp/stricter-indexed-all-typescript/src/compiler/core.ts:19:52: stage 0 can't lower an indirect call or class construction before enum initialization; declare enums before executable module code yet,NotYet,False,False,not reached
D054,src/compiler/checker.ts,17946,29,createTypeChecker.createNormalizedTupleType,elementTypes[unionIndex],still refuses,"original file dependency graph, before indexed-site lowering",/tmp/stricter-indexed-all-typescript/src/compiler/core.ts:19:52: stage 0 can't lower an indirect call or class construction before enum initialization; declare enums before executable module code yet,NotYet,False,False,not reached
D056,src/compiler/checker.ts,19044,25,createTypeChecker.getTemplateLiteralType,types[unionIndex],still refuses,"original file dependency graph, before indexed-site lowering",/tmp/stricter-indexed-all-typescript/src/compiler/core.ts:19:52: stage 0 can't lower an indirect call or class construction before enum initialization; declare enums before executable module code yet,NotYet,False,False,not reached
D057,src/compiler/checker.ts,20595,32,createTypeChecker.getMappedType,targets[i],still refuses,"original file dependency graph, before indexed-site lowering",/tmp/stricter-indexed-all-typescript/src/compiler/core.ts:19:52: stage 0 can't lower an indirect call or class construction before enum initialization; declare enums before executable module code yet,NotYet,False,False,not reached
D060,src/compiler/checker.ts,22498,29,createTypeChecker.checkTypeRelatedTo.reportIncompatibleStack,reportError(...stack[0]),still refuses,"original file dependency graph, before indexed-site lowering",/tmp/stricter-indexed-all-typescript/src/compiler/core.ts:19:52: stage 0 can't lower an indirect call or class construction before enum initialization; declare enums before executable module code yet,NotYet,False,False,not reached
D061,src/compiler/checker.ts,22498,32,createTypeChecker.checkTypeRelatedTo.reportIncompatibleStack,stack[0],still refuses,"original file dependency graph, before indexed-site lowering",/tmp/stricter-indexed-all-typescript/src/compiler/core.ts:19:52: stage 0 can't lower an indirect call or class construction before enum initialization; declare enums before executable module code yet,NotYet,False,False,not reached
D067,src/compiler/checker.ts,38430,64,createTypeChecker.getParameterNameAtPosition,"getTupleElementLabel(associatedName, index, elementFlags, restParameter)",still refuses,"original file dependency graph, before indexed-site lowering",/tmp/stricter-indexed-all-typescript/src/compiler/core.ts:19:52: stage 0 can't lower an indirect call or class construction before enum initialization; declare enums before executable module code yet,NotYet,False,False,not reached
D068,src/compiler/checker.ts,42849,65,createTypeChecker.getTypeArgumentConstraint,getConstraintOfTypeParameter(relevantTypeParameter),still refuses,"original file dependency graph, before indexed-site lowering",/tmp/stricter-indexed-all-typescript/src/compiler/core.ts:19:52: stage 0 can't lower an indirect call or class construction before enum initialization; declare enums before executable module code yet,NotYet,False,False,not reached
D069,src/compiler/checker.ts,43517,20,createTypeChecker.getPromisedTypeOfPromise,typeAsPromise.promisedTypeOfPromise,still refuses,"original file dependency graph, before indexed-site lowering",/tmp/stricter-indexed-all-typescript/src/compiler/core.ts:19:52: stage 0 can't lower an indirect call or class construction before enum initialization; declare enums before executable module code yet,NotYet,False,False,not reached
D071,src/compiler/checker.ts,46114,128,createTypeChecker.getIterationTypesOfIterableFast,"resolver.resolveIterationType(yieldType, /*errorNode*/ undefined)",still refuses,"original file dependency graph, before indexed-site lowering",/tmp/stricter-indexed-all-typescript/src/compiler/core.ts:19:52: stage 0 can't lower an indirect call or class construction before enum initialization; declare enums before executable module code yet,NotYet,False,False,not reached
D072,src/compiler/checker.ts,46114,208,createTypeChecker.getIterationTypesOfIterableFast,"resolver.resolveIterationType(returnType, /*errorNode*/ undefined)",still refuses,"original file dependency graph, before indexed-site lowering",/tmp/stricter-indexed-all-typescript/src/compiler/core.ts:19:52: stage 0 can't lower an indirect call or class construction before enum initialization; declare enums before executable module code yet,NotYet,False,False,not reached
D073,src/compiler/checker.ts,46128,128,createTypeChecker.getIterationTypesOfIterableFast,"resolver.resolveIterationType(yieldType, /*errorNode*/ undefined)",still refuses,"original file dependency graph, before indexed-site lowering",/tmp/stricter-indexed-all-typescript/src/compiler/core.ts:19:52: stage 0 can't lower an indirect call or class construction before enum initialization; declare enums before executable module code yet,NotYet,False,False,not reached
D077,src/compiler/checker.ts,50153,121,createTypeChecker.getApplicableIndexSymbol,copy.declarations,still refuses,"original file dependency graph, before indexed-site lowering",/tmp/stricter-indexed-all-typescript/src/compiler/core.ts:19:52: stage 0 can't lower an indirect call or class construction before enum initialization; declare enums before executable module code yet,NotYet,False,False,not reached
D082,src/compiler/checker.ts,52426,13,createTypeChecker.checkGrammarIndexSignatureParameters,parameter.dotDotDotToken,still refuses,"original file dependency graph, before indexed-site lowering",/tmp/stricter-indexed-all-typescript/src/compiler/core.ts:19:52: stage 0 can't lower an indirect call or class construction before enum initialization; declare enums before executable module code yet,NotYet,False,False,not reached
D083,src/compiler/checker.ts,52427,39,createTypeChecker.checkGrammarIndexSignatureParameters,parameter.dotDotDotToken,still refuses,"original file dependency graph, before indexed-site lowering",/tmp/stricter-indexed-all-typescript/src/compiler/core.ts:19:52: stage 0 can't lower an indirect call or class construction before enum initialization; declare enums before executable module code yet,NotYet,False,False,not reached
D084,src/compiler/checker.ts,52429,35,createTypeChecker.checkGrammarIndexSignatureParameters,hasEffectiveModifiers(parameter),still refuses,"original file dependency graph, before indexed-site lowering",/tmp/stricter-indexed-all-typescript/src/compiler/core.ts:19:52: stage 0 can't lower an indirect call or class construction before enum initialization; declare enums before executable module code yet,NotYet,False,False,not reached
D085,src/compiler/checker.ts,52430,39,createTypeChecker.checkGrammarIndexSignatureParameters,parameter.name,still refuses,"original file dependency graph, before indexed-site lowering",/tmp/stricter-indexed-all-typescript/src/compiler/core.ts:19:52: stage 0 can't lower an indirect call or class construction before enum initialization; declare enums before executable module code yet,NotYet,False,False,not reached
D086,src/compiler/checker.ts,52432,13,createTypeChecker.checkGrammarIndexSignatureParameters,parameter.questionToken,still refuses,"original file dependency graph, before indexed-site lowering",/tmp/stricter-indexed-all-typescript/src/compiler/core.ts:19:52: stage 0 can't lower an indirect call or class construction before enum initialization; declare enums before executable module code yet,NotYet,False,False,not reached
D087,src/compiler/checker.ts,52433,39,createTypeChecker.checkGrammarIndexSignatureParameters,parameter.questionToken,still refuses,"original file dependency graph, before indexed-site lowering",/tmp/stricter-indexed-all-typescript/src/compiler/core.ts:19:52: stage 0 can't lower an indirect call or class construction before enum initialization; declare enums before executable module code yet,NotYet,False,False,not reached
D088,src/compiler/checker.ts,52435,13,createTypeChecker.checkGrammarIndexSignatureParameters,parameter.initializer,still refuses,"original file dependency graph, before indexed-site lowering",/tmp/stricter-indexed-all-typescript/src/compiler/core.ts:19:52: stage 0 can't lower an indirect call or class construction before enum initialization; declare enums before executable module code yet,NotYet,False,False,not reached
D089,src/compiler/checker.ts,52436,39,createTypeChecker.checkGrammarIndexSignatureParameters,parameter.name,still refuses,"original file dependency graph, before indexed-site lowering",/tmp/stricter-indexed-all-typescript/src/compiler/core.ts:19:52: stage 0 can't lower an indirect call or class construction before enum initialization; declare enums before executable module code yet,NotYet,False,False,not reached
D090,src/compiler/checker.ts,52438,14,createTypeChecker.checkGrammarIndexSignatureParameters,parameter.type,still refuses,"original file dependency graph, before indexed-site lowering",/tmp/stricter-indexed-all-typescript/src/compiler/core.ts:19:52: stage 0 can't lower an indirect call or class construction before enum initialization; declare enums before executable module code yet,NotYet,False,False,not reached
D091,src/compiler/checker.ts,52439,39,createTypeChecker.checkGrammarIndexSignatureParameters,parameter.name,still refuses,"original file dependency graph, before indexed-site lowering",/tmp/stricter-indexed-all-typescript/src/compiler/core.ts:19:52: stage 0 can't lower an indirect call or class construction before enum initialization; declare enums before executable module code yet,NotYet,False,False,not reached
D092,src/compiler/checker.ts,52441,42,createTypeChecker.checkGrammarIndexSignatureParameters,parameter.type,still refuses,"original file dependency graph, before indexed-site lowering",/tmp/stricter-indexed-all-typescript/src/compiler/core.ts:19:52: stage 0 can't lower an indirect call or class construction before enum initialization; declare enums before executable module code yet,NotYet,False,False,not reached
D093,src/compiler/checker.ts,52443,39,createTypeChecker.checkGrammarIndexSignatureParameters,parameter.name,still refuses,"original file dependency graph, before indexed-site lowering",/tmp/stricter-indexed-all-typescript/src/compiler/core.ts:19:52: stage 0 can't lower an indirect call or class construction before enum initialization; declare enums before executable module code yet,NotYet,False,False,not reached
D094,src/compiler/checker.ts,52446,39,createTypeChecker.checkGrammarIndexSignatureParameters,parameter.name,still refuses,"original file dependency graph, before indexed-site lowering",/tmp/stricter-indexed-all-typescript/src/compiler/core.ts:19:52: stage 0 can't lower an indirect call or class construction before enum initialization; declare enums before executable module code yet,NotYet,False,False,not reached
D095,src/compiler/checker.ts,5311,45,createTypeChecker.getMergedSymbol,merged,still refuses,"original file dependency graph, before indexed-site lowering",/tmp/stricter-indexed-all-typescript/src/compiler/core.ts:19:52: stage 0 can't lower an indirect call or class construction before enum initialization; declare enums before executable module code yet,NotYet,False,False,not reached
D107,src/compiler/commandLineParser.ts,2077,79,parseOptionValue,args[i],still refuses,"original file dependency graph, before indexed-site lowering",/tmp/stricter-indexed-all-typescript/src/compiler/core.ts:19:52: stage 0 can't lower an indirect call or class construction before enum initialization; declare enums before executable module code yet,NotYet,False,False,not reached
D119,src/compiler/moduleNameResolver.ts,474,36,getPackageJsonTypesVersionsPaths,paths,still refuses,"original file dependency graph, before indexed-site lowering",/tmp/stricter-indexed-all-typescript/src/compiler/core.ts:19:52: stage 0 can't lower an indirect call or class construction before enum initialization; declare enums before executable module code yet,NotYet,False,False,not reached
D129,src/compiler/program.ts,4157,64,createProgram.verifyCompilerOptions,hasZeroOrOneAsteriskCharacter(subst),still refuses,"original file dependency graph, before indexed-site lowering",/tmp/stricter-indexed-all-typescript/src/compiler/core.ts:19:52: stage 0 can't lower an indirect call or class construction before enum initialization; declare enums before executable module code yet,NotYet,False,False,not reached
D130,src/compiler/program.ts,4160,69,createProgram.verifyCompilerOptions,pathIsRelative(subst),still refuses,"original file dependency graph, before indexed-site lowering",/tmp/stricter-indexed-all-typescript/src/compiler/core.ts:19:52: stage 0 can't lower an indirect call or class construction before enum initialization; declare enums before executable module code yet,NotYet,False,False,not reached
D131,src/compiler/program.ts,4160,95,createProgram.verifyCompilerOptions,pathIsAbsolute(subst),still refuses,"original file dependency graph, before indexed-site lowering",/tmp/stricter-indexed-all-typescript/src/compiler/core.ts:19:52: stage 0 can't lower an indirect call or class construction before enum initialization; declare enums before executable module code yet,NotYet,False,False,not reached
D151,src/compiler/sourcemap.ts,216,58,createSourceMapGenerator.appendSourceMap,map.sourcesContent,still refuses,"original file dependency graph, before indexed-site lowering",/tmp/stricter-indexed-all-typescript/src/compiler/core.ts:19:52: stage 0 can't lower an indirect call or class construction before enum initialization; declare enums before executable module code yet,NotYet,False,False,not reached
D155,src/compiler/transformer.ts,367,9,transformNodes.enableSubstitution,enabledSyntaxKindFeatures[kind],still refuses,"original file dependency graph, before indexed-site lowering",/tmp/stricter-indexed-all-typescript/src/compiler/core.ts:19:52: stage 0 can't lower an indirect call or class construction before enum initialization; declare enums before executable module code yet,NotYet,False,False,not reached
D156,src/compiler/transformer.ts,395,9,transformNodes.enableEmitNotification,enabledSyntaxKindFeatures[kind],still refuses,"original file dependency graph, before indexed-site lowering",/tmp/stricter-indexed-all-typescript/src/compiler/core.ts:19:52: stage 0 can't lower an indirect call or class construction before enum initialization; declare enums before executable module code yet,NotYet,False,False,not reached
D157,src/compiler/transformer.ts,563,9,transformNodes.endLexicalEnvironment,lexicalEnvironmentVariableDeclarations,still refuses,"original file dependency graph, before indexed-site lowering",/tmp/stricter-indexed-all-typescript/src/compiler/core.ts:19:52: stage 0 can't lower an indirect call or class construction before enum initialization; declare enums before executable module code yet,NotYet,False,False,not reached
D158,src/compiler/transformer.ts,564,9,transformNodes.endLexicalEnvironment,lexicalEnvironmentFunctionDeclarations,still refuses,"original file dependency graph, before indexed-site lowering",/tmp/stricter-indexed-all-typescript/src/compiler/core.ts:19:52: stage 0 can't lower an indirect call or class construction before enum initialization; declare enums before executable module code yet,NotYet,False,False,not reached
D159,src/compiler/transformer.ts,565,9,transformNodes.endLexicalEnvironment,lexicalEnvironmentStatements,still refuses,"original file dependency graph, before indexed-site lowering",/tmp/stricter-indexed-all-typescript/src/compiler/core.ts:19:52: stage 0 can't lower an indirect call or class construction before enum initialization; declare enums before executable module code yet,NotYet,False,False,not reached
D160,src/compiler/transformer.ts,614,9,transformNodes.endBlockScope,blockScopedVariableDeclarations,still refuses,"original file dependency graph, before indexed-site lowering",/tmp/stricter-indexed-all-typescript/src/compiler/core.ts:19:52: stage 0 can't lower an indirect call or class construction before enum initialization; declare enums before executable module code yet,NotYet,False,False,not reached
D161,src/compiler/transformers/classFields.ts,1835,21,transformClassFields.visitInNewClassLexicalEnvironment,privateInstanceMethodsAndAccessors[0],still refuses,"original file dependency graph, before indexed-site lowering",/tmp/stricter-indexed-all-typescript/src/compiler/core.ts:19:52: stage 0 can't lower an indirect call or class construction before enum initialization; declare enums before executable module code yet,NotYet,False,False,not reached
D162,src/compiler/transformers/classFields.ts,2251,45,transformClassFields.transformConstructorBodyWorker,statementsIn[superStatementIndex],still refuses,"original file dependency graph, before indexed-site lowering",/tmp/stricter-indexed-all-typescript/src/compiler/core.ts:19:52: stage 0 can't lower an indirect call or class construction before enum initialization; declare enums before executable module code yet,NotYet,False,False,not reached
D163,src/compiler/transformers/classFields.ts,2252,97,transformClassFields.transformConstructorBodyWorker,"visitNodes(statementsIn, visitor, isStatement, statementOffset, superStatementIndex - statementOffset)",still refuses,"original file dependency graph, before indexed-site lowering",/tmp/stricter-indexed-all-typescript/src/compiler/core.ts:19:52: stage 0 can't lower an indirect call or class construction before enum initialization; declare enums before executable module code yet,NotYet,False,False,not reached
D164,src/compiler/transformers/classFields.ts,2253,27,transformClassFields.transformConstructorBodyWorker,superStatementIndex,still refuses,"original file dependency graph, before indexed-site lowering",/tmp/stricter-indexed-all-typescript/src/compiler/core.ts:19:52: stage 0 can't lower an indirect call or class construction before enum initialization; declare enums before executable module code yet,NotYet,False,False,not reached
D165,src/compiler/transformers/classFields.ts,2297,52,transformClassFields.transformConstructorBodyWorker,getOriginalNode(statement),still refuses,"original file dependency graph, before indexed-site lowering",/tmp/stricter-indexed-all-typescript/src/compiler/core.ts:19:52: stage 0 can't lower an indirect call or class construction before enum initialization; declare enums before executable module code yet,NotYet,False,False,not reached
D166,src/compiler/transformers/classFields.ts,2376,56,transformClassFields.transformConstructorBody,getOriginalNode(statement),still refuses,"original file dependency graph, before indexed-site lowering",/tmp/stricter-indexed-all-typescript/src/compiler/core.ts:19:52: stage 0 can't lower an indirect call or class construction before enum initialization; declare enums before executable module code yet,NotYet,False,False,not reached
D170,src/compiler/transformers/declarations.ts,1678,110,transformDeclarations.transformTopLevelDeclaration.heritageClauses,clause.types,still refuses,"original file dependency graph, before indexed-site lowering",/tmp/stricter-indexed-all-typescript/src/compiler/core.ts:19:52: stage 0 can't lower an indirect call or class construction before enum initialization; declare enums before executable module code yet,NotYet,False,False,not reached
D171,src/compiler/transformers/es2015.ts,2803,38,transformES2015.visitVariableDeclarationList,node.declarations,still refuses,"original file dependency graph, before indexed-site lowering",/tmp/stricter-indexed-all-typescript/src/compiler/core.ts:19:52: stage 0 can't lower an indirect call or class construction before enum initialization; declare enums before executable module code yet,NotYet,False,False,not reached
D172,src/compiler/transformers/es2015.ts,3046,64,transformES2015.convertForOfStatementHead,declarations[0],still refuses,"original file dependency graph, before indexed-site lowering",/tmp/stricter-indexed-all-typescript/src/compiler/core.ts:19:52: stage 0 can't lower an indirect call or class construction before enum initialization; declare enums before executable module code yet,NotYet,False,False,not reached
D173,src/compiler/transformers/es2015.ts,4437,29,transformES2015.visitTypeScriptClassWrapper,funcStatements[classBodyStart],still refuses,"original file dependency graph, before indexed-site lowering",/tmp/stricter-indexed-all-typescript/src/compiler/core.ts:19:52: stage 0 can't lower an indirect call or class construction before enum initialization; declare enums before executable module code yet,NotYet,False,False,not reached
D174,src/compiler/transformers/es2015.ts,4691,34,transformES2015.transformAndSpreadElements,segments[0],still refuses,"original file dependency graph, before indexed-site lowering",/tmp/stricter-indexed-all-typescript/src/compiler/core.ts:19:52: stage 0 can't lower an indirect call or class construction before enum initialization; declare enums before executable module code yet,NotYet,False,False,not reached
D175,src/compiler/transformers/es2015.ts,4693,13,transformES2015.transformAndSpreadElements,segments[0],still refuses,"original file dependency graph, before indexed-site lowering",/tmp/stricter-indexed-all-typescript/src/compiler/core.ts:19:52: stage 0 can't lower an indirect call or class construction before enum initialization; declare enums before executable module code yet,NotYet,False,False,not reached
D178,src/compiler/transformers/es2017.ts,599,86,transformES2017.visitVariableDeclarationListWithCollidingNames,node.declarations,still refuses,"original file dependency graph, before indexed-site lowering",/tmp/stricter-indexed-all-typescript/src/compiler/core.ts:19:52: stage 0 can't lower an indirect call or class construction before enum initialization; declare enums before executable module code yet,NotYet,False,False,not reached
D179,src/compiler/transformers/es2017.ts,764,38,transformES2017.transformAsyncFunctionBody,outerParameter.name,still refuses,"original file dependency graph, before indexed-site lowering",/tmp/stricter-indexed-all-typescript/src/compiler/core.ts:19:52: stage 0 can't lower an indirect call or class construction before enum initialization; declare enums before executable module code yet,NotYet,False,False,not reached
D180,src/compiler/transformers/es2017.ts,765,25,transformES2017.transformAsyncFunctionBody,originalParameter.initializer,still refuses,"original file dependency graph, before indexed-site lowering",/tmp/stricter-indexed-all-typescript/src/compiler/core.ts:19:52: stage 0 can't lower an indirect call or class construction before enum initialization; declare enums before executable module code yet,NotYet,False,False,not reached
D181,src/compiler/transformers/es2017.ts,765,58,transformES2017.transformAsyncFunctionBody,originalParameter.dotDotDotToken,still refuses,"original file dependency graph, before indexed-site lowering",/tmp/stricter-indexed-all-typescript/src/compiler/core.ts:19:52: stage 0 can't lower an indirect call or class construction before enum initialization; declare enums before executable module code yet,NotYet,False,False,not reached
D182,src/compiler/transformers/es2017.ts,767,76,transformES2017.transformAsyncFunctionBody,outerParameter.name,still refuses,"original file dependency graph, before indexed-site lowering",/tmp/stricter-indexed-all-typescript/src/compiler/core.ts:19:52: stage 0 can't lower an indirect call or class construction before enum initialization; declare enums before executable module code yet,NotYet,False,False,not reached
D183,src/compiler/transformers/es2017.ts,770,44,transformES2017.transformAsyncFunctionBody,outerParameter.name,still refuses,"original file dependency graph, before indexed-site lowering",/tmp/stricter-indexed-all-typescript/src/compiler/core.ts:19:52: stage 0 can't lower an indirect call or class construction before enum initialization; declare enums before executable module code yet,NotYet,False,False,not reached
D184,src/compiler/transformers/esDecorators.ts,1164,45,transformESDecorators.transformConstructorBodyWorker,statementsIn[superStatementIndex],still refuses,"original file dependency graph, before indexed-site lowering",/tmp/stricter-indexed-all-typescript/src/compiler/core.ts:19:52: stage 0 can't lower an indirect call or class construction before enum initialization; declare enums before executable module code yet,NotYet,False,False,not reached
D185,src/compiler/transformers/esDecorators.ts,1165,97,transformESDecorators.transformConstructorBodyWorker,"visitNodes(statementsIn, visitor, isStatement, statementOffset, superStatementIndex - statementOffset)",still refuses,"original file dependency graph, before indexed-site lowering",/tmp/stricter-indexed-all-typescript/src/compiler/core.ts:19:52: stage 0 can't lower an indirect call or class construction before enum initialization; declare enums before executable module code yet,NotYet,False,False,not reached
D186,src/compiler/transformers/esDecorators.ts,1192,80,transformESDecorators.transformConstructorBodyWorker,"visitNodes(statementsIn, visitor, isStatement, superStatementIndex + 1)",still refuses,"original file dependency graph, before indexed-site lowering",/tmp/stricter-indexed-all-typescript/src/compiler/core.ts:19:52: stage 0 can't lower an indirect call or class construction before enum initialization; declare enums before executable module code yet,NotYet,False,False,not reached
D189,src/compiler/transformers/esnext.ts,183,34,transformESNext.visitSourceFile,getUsingKind(statement),still refuses,"original file dependency graph, before indexed-site lowering",/tmp/stricter-indexed-all-typescript/src/compiler/core.ts:19:52: stage 0 can't lower an indirect call or class construction before enum initialization; declare enums before executable module code yet,NotYet,False,False,not reached
D191,src/compiler/transformers/esnext.ts,344,44,transformESNext.transformUsingDeclarations,getUsingKind(statement),still refuses,"original file dependency graph, before indexed-site lowering",/tmp/stricter-indexed-all-typescript/src/compiler/core.ts:19:52: stage 0 can't lower an indirect call or class construction before enum initialization; declare enums before executable module code yet,NotYet,False,False,not reached
D192,src/compiler/transformers/esnext.ts,384,36,transformESNext.transformUsingDeclarations,visitor(statement),still refuses,"original file dependency graph, before indexed-site lowering",/tmp/stricter-indexed-all-typescript/src/compiler/core.ts:19:52: stage 0 can't lower an indirect call or class construction before enum initialization; declare enums before executable module code yet,NotYet,False,False,not reached
D193,src/compiler/transformers/esnext.ts,767,34,countPrologueStatements,statements[i],still refuses,"original file dependency graph, before indexed-site lowering",/tmp/stricter-indexed-all-typescript/src/compiler/core.ts:19:52: stage 0 can't lower an indirect call or class construction before enum initialization; declare enums before executable module code yet,NotYet,False,False,not reached
D194,src/compiler/transformers/esnext.ts,767,70,countPrologueStatements,statements[i],still refuses,"original file dependency graph, before indexed-site lowering",/tmp/stricter-indexed-all-typescript/src/compiler/core.ts:19:52: stage 0 can't lower an indirect call or class construction before enum initialization; declare enums before executable module code yet,NotYet,False,False,not reached
D195,src/compiler/transformers/generators.ts,1283,39,transformGenerators.transformAndEmitStatements,statements[i],still refuses,"original file dependency graph, before indexed-site lowering",/tmp/stricter-indexed-all-typescript/src/compiler/core.ts:19:52: stage 0 can't lower an indirect call or class construction before enum initialization; declare enums before executable module code yet,NotYet,False,False,not reached
D196,src/compiler/transformers/generators.ts,1370,35,transformGenerators.transformAndEmitVariableDeclarationList,variable.initializer,still refuses,"original file dependency graph, before indexed-site lowering",/tmp/stricter-indexed-all-typescript/src/compiler/core.ts:19:52: stage 0 can't lower an indirect call or class construction before enum initialization; declare enums before executable module code yet,NotYet,False,False,not reached
D197,src/compiler/transformers/generators.ts,1374,70,transformGenerators.transformAndEmitVariableDeclarationList,transformInitializedVariable(variable),still refuses,"original file dependency graph, before indexed-site lowering",/tmp/stricter-indexed-all-typescript/src/compiler/core.ts:19:52: stage 0 can't lower an indirect call or class construction before enum initialization; declare enums before executable module code yet,NotYet,False,False,not reached
D198,src/compiler/transformers/generators.ts,1684,46,transformGenerators.transformAndEmitForInStatement,initializer.declarations,still refuses,"original file dependency graph, before indexed-site lowering",/tmp/stricter-indexed-all-typescript/src/compiler/core.ts:19:52: stage 0 can't lower an indirect call or class construction before enum initialization; declare enums before executable module code yet,NotYet,False,False,not reached
D199,src/compiler/transformers/generators.ts,1729,55,transformGenerators.visitForInStatement,initializer.declarations,still refuses,"original file dependency graph, before indexed-site lowering",/tmp/stricter-indexed-all-typescript/src/compiler/core.ts:19:52: stage 0 can't lower an indirect call or class construction before enum initialization; declare enums before executable module code yet,NotYet,False,False,not reached
D200,src/compiler/transformers/generators.ts,1866,21,transformGenerators.transformAndEmitSwitchStatement,clause.kind,still refuses,"original file dependency graph, before indexed-site lowering",/tmp/stricter-indexed-all-typescript/src/compiler/core.ts:19:52: stage 0 can't lower an indirect call or class construction before enum initialization; declare enums before executable module code yet,NotYet,False,False,not reached
D201,src/compiler/transformers/generators.ts,1880,25,transformGenerators.transformAndEmitSwitchStatement,clause.kind,still refuses,"original file dependency graph, before indexed-site lowering",/tmp/stricter-indexed-all-typescript/src/compiler/core.ts:19:52: stage 0 can't lower an indirect call or class construction before enum initialization; declare enums before executable module code yet,NotYet,False,False,not reached
D202,src/compiler/transformers/generators.ts,1881,43,transformGenerators.transformAndEmitSwitchStatement,clause.expression,still refuses,"original file dependency graph, before indexed-site lowering",/tmp/stricter-indexed-all-typescript/src/compiler/core.ts:19:52: stage 0 can't lower an indirect call or class construction before enum initialization; declare enums before executable module code yet,NotYet,False,False,not reached
D203,src/compiler/transformers/generators.ts,1881,50,transformGenerators.transformAndEmitSwitchStatement,clause.expression,still refuses,"original file dependency graph, before indexed-site lowering",/tmp/stricter-indexed-all-typescript/src/compiler/core.ts:19:52: stage 0 can't lower an indirect call or class construction before enum initialization; declare enums before executable module code yet,NotYet,False,False,not reached
D204,src/compiler/transformers/generators.ts,1887,62,transformGenerators.transformAndEmitSwitchStatement,clause.expression,still refuses,"original file dependency graph, before indexed-site lowering",/tmp/stricter-indexed-all-typescript/src/compiler/core.ts:19:52: stage 0 can't lower an indirect call or class construction before enum initialization; declare enums before executable module code yet,NotYet,False,False,not reached
D205,src/compiler/transformers/generators.ts,1887,69,transformGenerators.transformAndEmitSwitchStatement,clause.expression,still refuses,"original file dependency graph, before indexed-site lowering",/tmp/stricter-indexed-all-typescript/src/compiler/core.ts:19:52: stage 0 can't lower an indirect call or class construction before enum initialization; declare enums before executable module code yet,NotYet,False,False,not reached
D206,src/compiler/transformers/generators.ts,1889,55,transformGenerators.transformAndEmitSwitchStatement,clauseLabels[i],still refuses,"original file dependency graph, before indexed-site lowering",/tmp/stricter-indexed-all-typescript/src/compiler/core.ts:19:52: stage 0 can't lower an indirect call or class construction before enum initialization; declare enums before executable module code yet,NotYet,False,False,not reached
D207,src/compiler/transformers/generators.ts,1889,85,transformGenerators.transformAndEmitSwitchStatement,clause.expression,still refuses,"original file dependency graph, before indexed-site lowering",/tmp/stricter-indexed-all-typescript/src/compiler/core.ts:19:52: stage 0 can't lower an indirect call or class construction before enum initialization; declare enums before executable module code yet,NotYet,False,False,not reached
D208,src/compiler/transformers/generators.ts,1889,92,transformGenerators.transformAndEmitSwitchStatement,clause.expression,still refuses,"original file dependency graph, before indexed-site lowering",/tmp/stricter-indexed-all-typescript/src/compiler/core.ts:19:52: stage 0 can't lower an indirect call or class construction before enum initialization; declare enums before executable module code yet,NotYet,False,False,not reached
D209,src/compiler/transformers/generators.ts,1911,27,transformGenerators.transformAndEmitSwitchStatement,clauseLabels[defaultClauseIndex],still refuses,"original file dependency graph, before indexed-site lowering",/tmp/stricter-indexed-all-typescript/src/compiler/core.ts:19:52: stage 0 can't lower an indirect call or class construction before enum initialization; declare enums before executable module code yet,NotYet,False,False,not reached
D210,src/compiler/transformers/generators.ts,1918,27,transformGenerators.transformAndEmitSwitchStatement,clauseLabels[i],still refuses,"original file dependency graph, before indexed-site lowering",/tmp/stricter-indexed-all-typescript/src/compiler/core.ts:19:52: stage 0 can't lower an indirect call or class construction before enum initialization; declare enums before executable module code yet,NotYet,False,False,not reached
D211,src/compiler/transformers/generators.ts,1919,44,transformGenerators.transformAndEmitSwitchStatement,caseBlock.clauses,still refuses,"original file dependency graph, before indexed-site lowering",/tmp/stricter-indexed-all-typescript/src/compiler/core.ts:19:52: stage 0 can't lower an indirect call or class construction before enum initialization; declare enums before executable module code yet,NotYet,False,False,not reached
D212,src/compiler/transformers/generators.ts,2446,48,transformGenerators.hasImmediateContainingLabeledBlock,supportsLabeledBreakOrContinue(containingBlock),still refuses,"original file dependency graph, before indexed-site lowering",/tmp/stricter-indexed-all-typescript/src/compiler/core.ts:19:52: stage 0 can't lower an indirect call or class construction before enum initialization; declare enums before executable module code yet,NotYet,False,False,not reached
D213,src/compiler/transformers/generators.ts,2469,56,transformGenerators.findBreakTarget,supportsLabeledBreakOrContinue(block),still refuses,"original file dependency graph, before indexed-site lowering",/tmp/stricter-indexed-all-typescript/src/compiler/core.ts:19:52: stage 0 can't lower an indirect call or class construction before enum initialization; declare enums before executable module code yet,NotYet,False,False,not reached
D214,src/compiler/transformers/generators.ts,2472,53,transformGenerators.findBreakTarget,supportsUnlabeledBreak(block),still refuses,"original file dependency graph, before indexed-site lowering",/tmp/stricter-indexed-all-typescript/src/compiler/core.ts:19:52: stage 0 can't lower an indirect call or class construction before enum initialization; declare enums before executable module code yet,NotYet,False,False,not reached
D215,src/compiler/transformers/generators.ts,2480,48,transformGenerators.findBreakTarget,supportsUnlabeledBreak(block),still refuses,"original file dependency graph, before indexed-site lowering",/tmp/stricter-indexed-all-typescript/src/compiler/core.ts:19:52: stage 0 can't lower an indirect call or class construction before enum initialization; declare enums before executable module code yet,NotYet,False,False,not reached
D216,src/compiler/transformers/generators.ts,2499,51,transformGenerators.findContinueTarget,supportsUnlabeledContinue(block),still refuses,"original file dependency graph, before indexed-site lowering",/tmp/stricter-indexed-all-typescript/src/compiler/core.ts:19:52: stage 0 can't lower an indirect call or class construction before enum initialization; declare enums before executable module code yet,NotYet,False,False,not reached
D217,src/compiler/transformers/generators.ts,2507,51,transformGenerators.findContinueTarget,supportsUnlabeledContinue(block),still refuses,"original file dependency graph, before indexed-site lowering",/tmp/stricter-indexed-all-typescript/src/compiler/core.ts:19:52: stage 0 can't lower an indirect call or class construction before enum initialization; declare enums before executable module code yet,NotYet,False,False,not reached
D218,src/compiler/transformers/generators.ts,2880,63,transformGenerators.appendLabel,withBlock.expression,still refuses,"original file dependency graph, before indexed-site lowering",/tmp/stricter-indexed-all-typescript/src/compiler/core.ts:19:52: stage 0 can't lower an indirect call or class construction before enum initialization; declare enums before executable module code yet,NotYet,False,False,not reached
D219,src/compiler/transformers/generators.ts,2951,21,transformGenerators.tryEnterLabel,labelNumbers[labelNumber],still refuses,"original file dependency graph, before indexed-site lowering",/tmp/stricter-indexed-all-typescript/src/compiler/core.ts:19:52: stage 0 can't lower an indirect call or class construction before enum initialization; declare enums before executable module code yet,NotYet,False,False,not reached
D220,src/compiler/transformers/generators.ts,2983,57,transformGenerators.tryEnterOrLeaveBlock,blockOffsets![blockIndex],still refuses,"original file dependency graph, before indexed-site lowering",/tmp/stricter-indexed-all-typescript/src/compiler/core.ts:19:52: stage 0 can't lower an indirect call or class construction before enum initialization; declare enums before executable module code yet,NotYet,False,False,not reached
D221,src/compiler/transformers/generators.ts,2984,23,transformGenerators.tryEnterOrLeaveBlock,block,still refuses,"original file dependency graph, before indexed-site lowering",/tmp/stricter-indexed-all-typescript/src/compiler/core.ts:19:52: stage 0 can't lower an indirect call or class construction before enum initialization; declare enums before executable module code yet,NotYet,False,False,not reached
D225,src/compiler/transformers/jsx.ts,309,58,transformJsx.convertJsxChildrenToChildrenPropAssignment,nonWhitespaceChildren[0],still refuses,"original file dependency graph, before indexed-site lowering",/tmp/stricter-indexed-all-typescript/src/compiler/core.ts:19:52: stage 0 can't lower an indirect call or class construction before enum initialization; declare enums before executable module code yet,NotYet,False,False,not reached
D226,src/compiler/transformers/jsx.ts,502,62,transformJsx.transformJsxAttributesToExpression,expressions[0],still refuses,"original file dependency graph, before indexed-site lowering",/tmp/stricter-indexed-all-typescript/src/compiler/core.ts:19:52: stage 0 can't lower an indirect call or class construction before enum initialization; declare enums before executable module code yet,NotYet,False,False,not reached
D227,src/compiler/transformers/module/esnextAnd2015.ts,100,46,transformECMAScriptModule.transformSourceFile,node.arguments,still refuses,"original file dependency graph, before indexed-site lowering",/tmp/stricter-indexed-all-typescript/src/compiler/core.ts:19:52: stage 0 can't lower an indirect call or class construction before enum initialization; declare enums before executable module code yet,NotYet,False,False,not reached
D228,src/compiler/transformers/module/esnextAnd2015.ts,163,91,transformECMAScriptModule.visitor,importsAndRequiresToRewriteOrShim[0],still refuses,"original file dependency graph, before indexed-site lowering",/tmp/stricter-indexed-all-typescript/src/compiler/core.ts:19:52: stage 0 can't lower an indirect call or class construction before enum initialization; declare enums before executable module code yet,NotYet,False,False,not reached
D229,src/compiler/transformers/module/esnextAnd2015.ts,194,37,transformECMAScriptModule.visitImportOrRequireCall,node.arguments,still refuses,"original file dependency graph, before indexed-site lowering",/tmp/stricter-indexed-all-typescript/src/compiler/core.ts:19:52: stage 0 can't lower an indirect call or class construction before enum initialization; declare enums before executable module code yet,NotYet,False,False,not reached
D230,src/compiler/transformers/module/esnextAnd2015.ts,196,81,transformECMAScriptModule.visitImportOrRequireCall,node.arguments,still refuses,"original file dependency graph, before indexed-site lowering",/tmp/stricter-indexed-all-typescript/src/compiler/core.ts:19:52: stage 0 can't lower an indirect call or class construction before enum initialization; declare enums before executable module code yet,NotYet,False,False,not reached
D231,src/compiler/transformers/module/esnextAnd2015.ts,251,22,transformECMAScriptModule.createRequireCall,importRequireStatements[1],still refuses,"original file dependency graph, before indexed-site lowering",/tmp/stricter-indexed-all-typescript/src/compiler/core.ts:19:52: stage 0 can't lower an indirect call or class construction before enum initialization; declare enums before executable module code yet,NotYet,False,False,not reached
