id,file,line,column,code,option,observed_excluded_diagnostic
D011,src/compiler/builder.ts,2273,9,TS2375,exactOptionalPropertyTypes,"/tmp/stricter-indexed-all-typescript/src/compiler/builder.ts:2273:9: error TS2375: Type '{ fileInfos: Map<Path, BuilderState.FileInfo>; compilerOptions: CompilerOptions; semanticDiagnosticsPerFile: Map<Path, readonly ReusableDiagnostic[]>; ... 7 more ...; checkPending: true | undefined; }' is not assignable to type 'ReusableBuilderProgramState' with 'exactOptionalPropertyTypes: true'. Consider adding 'undefined' to the types of the target's properties.
  Types of property 'outSignature' are incompatible.
    Type 'EmitSignature | undefined' is not assignable to type 'EmitSignature'.
      Type 'undefined' is not assignable to type 'EmitSignature'."
D012,src/compiler/builder.ts,2310,9,TS2375,exactOptionalPropertyTypes,"/tmp/stricter-indexed-all-typescript/src/compiler/builder.ts:2310:9: error TS2375: Type '{ fileInfos: Map<Path, BuilderState.FileInfo>; compilerOptions: CompilerOptions; referencedMap: BuilderState.ManyToManyPathMap | undefined; ... 8 more ...; checkPending: true | undefined; }' is not assignable to type 'ReusableBuilderProgramState' with 'exactOptionalPropertyTypes: true'. Consider adding 'undefined' to the types of the target's properties.
  Types of property 'emitSignatures' are incompatible.
    Type 'Map<Path, EmitSignature> | undefined' is not assignable to type 'Map<Path, EmitSignature>'.
      Type 'undefined' is not assignable to type 'Map<Path, EmitSignature>'."
D051,src/compiler/checker.ts,1683,9,TS2322,exactOptionalPropertyTypes,"/tmp/stricter-indexed-all-typescript/src/compiler/checker.ts:1683:9: error TS2322: Type '(signature: Signature, kind: SignatureDeclaration[""kind""], enclosingDeclaration?: Node, flags?: NodeBuilderFlags, internalFlags?: InternalNodeBuilderFlags, tracker?: SymbolTracker, maximumLength?: number, verbosityLevel?: number, out?: WriterContextOut) => SignatureDeclaration | undefined' is not assignable to type '{ (signature: Signature, kind: SyntaxKind, enclosingDeclaration: Node | undefined, flags: NodeBuilderFlags | undefined): (SignatureDeclaration & ...) | undefined; (signature: Signature, kind: SyntaxKind, enclosingDeclaration: Node | undefined, flags: NodeBuilderFlags | undefined, internalFlags?: InternalNodeBuilderF...'.
  Type 'SignatureDeclaration | undefined' is not assignable to type '(SignatureDeclaration & { typeArguments?: NodeArray<TypeNode>; }) | undefined'.
    Type 'ArrowFunction' is not assignable to type '(SignatureDeclaration & { typeArguments?: NodeArray<TypeNode>; }) | undefined'.
      Type 'ArrowFunction' is not assignable to type 'ArrowFunction & { typeArguments?: NodeArray<TypeNode>; }' with 'exactOptionalPropertyTypes: true'. Consider adding 'undefined' to the types of the target's properties.
        Type 'ArrowFunction' is not assignable to type '{ typeArguments?: NodeArray<TypeNode>; }' with 'exactOptionalPropertyTypes: true'. Consider adding 'undefined' to the types of the target's properties.
          Types of property 'typeArguments' are incompatible.
            Type 'NodeArray<TypeNode> | undefined' is not assignable to type 'NodeArray<TypeNode>'.
              Type 'undefined' is not assignable to type 'NodeArray<TypeNode>'."
D099,src/compiler/checker.ts,6035,9,TS2375,exactOptionalPropertyTypes,"/tmp/stricter-indexed-all-typescript/src/compiler/checker.ts:6035:9: error TS2375: Type '{ accessibility: SymbolAccessibility.Accessible; aliasesToMakeVisible: LateVisibilityPaintedStatement[] | undefined; }' is not assignable to type 'SymbolVisibilityResult' with 'exactOptionalPropertyTypes: true'. Consider adding 'undefined' to the types of the target's properties.
  Types of property 'aliasesToMakeVisible' are incompatible.
    Type 'LateVisibilityPaintedStatement[] | undefined' is not assignable to type 'LateVisibilityPaintedStatement[]'.
      Type 'undefined' is not assignable to type 'LateVisibilityPaintedStatement[]'."
D100,src/compiler/checker.ts,7837,133,TS2379,exactOptionalPropertyTypes,"/tmp/stricter-indexed-all-typescript/src/compiler/checker.ts:7837:133: error TS2379: Argument of type '{ name: ComputedPropertyName | Identifier | NumericLiteral | PrivateIdentifier | StringLiteral; questionToken: PunctuationToken<...> | undefined; }' is not assignable to parameter of type 'SignatureToSignatureDeclarationOptions' with 'exactOptionalPropertyTypes: true'. Consider adding 'undefined' to the types of the target's properties.
  Types of property 'questionToken' are incompatible.
    Type 'PunctuationToken<SyntaxKind.QuestionToken> | undefined' is not assignable to type 'QuestionToken'.
      Type 'undefined' is not assignable to type 'PunctuationToken<SyntaxKind.QuestionToken>'."
D101,src/compiler/checker.ts,8082,62,TS2379,exactOptionalPropertyTypes,"/tmp/stricter-indexed-all-typescript/src/compiler/checker.ts:8082:62: error TS2379: Argument of type '{ reportTruncationError?: () => void; reportNonlocalAugmentation?: (containingFile: SourceFile, parentSymbol: Symbol, augmentingSymbol: Symbol) => void; ... 10 more ...; moduleResolverHost: (ModuleSpecifierResolutionHost & ...) | undefined; }' is not assignable to parameter of type 'SymbolTracker' with 'exactOptionalPropertyTypes: true'. Consider adding 'undefined' to the types of the target's properties.
  Types of property 'moduleResolverHost' are incompatible.
    Type '(ModuleSpecifierResolutionHost & { getCommonSourceDirectory(): string; }) | undefined' is not assignable to type 'ModuleSpecifierResolutionHost & { getCommonSourceDirectory(): string; }'.
      Type 'undefined' is not assignable to type 'ModuleSpecifierResolutionHost & { getCommonSourceDirectory(): string; }'.
        Type 'undefined' is not assignable to type 'ModuleSpecifierResolutionHost'."
D036,src/compiler/checker.ts,10941,33,TS2379,exactOptionalPropertyTypes,"/tmp/stricter-indexed-all-typescript/src/compiler/checker.ts:10941:33: error TS2379: Argument of type '{ name: ComputedPropertyName | Identifier | NumericLiteral | PrivateIdentifier | StringLiteral; questionToken: PunctuationToken<...> | undefined; modifiers: ... | undefined; }' is not assignable to parameter of type 'SignatureToSignatureDeclarationOptions' with 'exactOptionalPropertyTypes: true'. Consider adding 'undefined' to the types of the target's properties.
  Types of property 'modifiers' are incompatible.
    Type 'Modifier[] | undefined' is not assignable to type 'readonly Modifier[]'.
      Type 'undefined' is not assignable to type 'readonly Modifier[]'."
D053,src/compiler/checker.ts,17890,21,TS2412,exactOptionalPropertyTypes,"/tmp/stricter-indexed-all-typescript/src/compiler/checker.ts:17890:21: error TS2412: Type 'NamedTupleMember | ParameterDeclaration | undefined' is not assignable to type 'NamedTupleMember | ParameterDeclaration' with 'exactOptionalPropertyTypes: true'. Consider adding 'undefined' to the type of the target.
  Type 'undefined' is not assignable to type 'NamedTupleMember | ParameterDeclaration'."
D058,src/compiler/checker.ts,20618,50,TS2345,exactOptionalPropertyTypes,"/tmp/stricter-indexed-all-typescript/src/compiler/checker.ts:20618:50: error TS2345: Argument of type '{ kind: TypeMapKind.Function; func: (t: Type) => Type; debugInfo: (() => string) | undefined; }' is not assignable to parameter of type 'TypeMapper'.
  Type '{ kind: TypeMapKind.Function; func: (t: Type) => Type; debugInfo: (() => string) | undefined; }' is not assignable to type '{ kind: TypeMapKind.Function; func: (t: Type) => Type; debugInfo?: () => string; }' with 'exactOptionalPropertyTypes: true'. Consider adding 'undefined' to the types of the target's properties.
    Types of property 'debugInfo' are incompatible.
      Type '(() => string) | undefined' is not assignable to type '() => string'.
        Type 'undefined' is not assignable to type '() => string'."
D059,src/compiler/checker.ts,21434,98,TS2379,exactOptionalPropertyTypes,"/tmp/stricter-indexed-all-typescript/src/compiler/checker.ts:21434:98: error TS2379: Argument of type '{ errors?: Diagnostic[] | undefined; }' is not assignable to parameter of type '{ errors?: Diagnostic[]; }' with 'exactOptionalPropertyTypes: true'. Consider adding 'undefined' to the types of the target's properties.
  Types of property 'errors' are incompatible.
    Type 'Diagnostic[] | undefined' is not assignable to type 'Diagnostic[]'.
      Type 'undefined' is not assignable to type 'Diagnostic[]'."
D070,src/compiler/checker.ts,43740,86,TS2379,exactOptionalPropertyTypes,"/tmp/stricter-indexed-all-typescript/src/compiler/checker.ts:43740:86: error TS2379: Argument of type '{ value: Type | undefined; }' is not assignable to parameter of type '{ value?: Type; }' with 'exactOptionalPropertyTypes: true'. Consider adding 'undefined' to the types of the target's properties.
  Types of property 'value' are incompatible.
    Type 'Type | undefined' is not assignable to type 'Type'.
      Type 'undefined' is not assignable to type 'Type'."
D074,src/compiler/checker.ts,46159,176,TS2345,exactOptionalPropertyTypes,"/tmp/stricter-indexed-all-typescript/src/compiler/checker.ts:46159:176: error TS2345: Argument of type 'ErrorOutputContainer | undefined' is not assignable to parameter of type '{ errors?: Diagnostic[]; } | undefined'.
  Type 'ErrorOutputContainer' is not assignable to type '{ errors?: Diagnostic[]; }' with 'exactOptionalPropertyTypes: true'. Consider adding 'undefined' to the types of the target's properties.
    Types of property 'errors' are incompatible.
      Type 'Diagnostic[] | undefined' is not assignable to type 'Diagnostic[]'.
        Type 'undefined' is not assignable to type 'Diagnostic[]'."
D096,src/compiler/checker.ts,54261,5,TS2375,exactOptionalPropertyTypes,"/tmp/stricter-indexed-all-typescript/src/compiler/checker.ts:54261:5: error TS2375: Type '{ getCommonSourceDirectory: () => string; getCurrentDirectory: () => string; getSymlinkCache: (() => SymlinkCache) | undefined; getPackageJsonInfoCache: () => PackageJsonInfoCache | undefined; ... 9 more ...; getGlobalTypingsCacheLocation: ... | undefined; }' is not assignable to type 'ModuleSpecifierResolutionHost' with 'exactOptionalPropertyTypes: true'. Consider adding 'undefined' to the types of the target's properties.
  Types of property 'readFile' are incompatible.
    Type '((fileName: string) => string | undefined) | undefined' is not assignable to type '(path: string) => string | undefined'.
      Type 'undefined' is not assignable to type '(path: string) => string | undefined'."
D097,src/compiler/checker.ts,54329,7,TS2420,exactOptionalPropertyTypes,"/tmp/stricter-indexed-all-typescript/src/compiler/checker.ts:54329:7: error TS2420: Class 'SymbolTrackerImpl' incorrectly implements interface 'SymbolTracker'.
  Types of property 'moduleResolverHost' are incompatible.
    Type '(ModuleSpecifierResolutionHost & { getCommonSourceDirectory(): string; }) | undefined' is not assignable to type 'ModuleSpecifierResolutionHost & { getCommonSourceDirectory(): string; }'.
      Type 'undefined' is not assignable to type 'ModuleSpecifierResolutionHost & { getCommonSourceDirectory(): string; }'.
        Type 'undefined' is not assignable to type 'ModuleSpecifierResolutionHost'."
D108,src/compiler/commandLineParser.ts,2301,91,TS18046,useUnknownInCatchVariables,/tmp/stricter-indexed-all-typescript/src/compiler/commandLineParser.ts:2301:91: error TS18046: 'e' is of type 'unknown'.
D109,src/compiler/commandLineParser.ts,2663,9,TS2375,exactOptionalPropertyTypes,"/tmp/stricter-indexed-all-typescript/src/compiler/commandLineParser.ts:2663:9: error TS2375: Type '{ showConfig: undefined; configFile: undefined; configFilePath: undefined; help: undefined; init: undefined; listFiles: undefined; listEmittedFiles: undefined; project: undefined; build: undefined; version: undefined; }' is not assignable to type 'CompilerOptions' with 'exactOptionalPropertyTypes: true'. Consider adding 'undefined' to the types of the target's properties.
  Types of property 'build' are incompatible.
    Type 'undefined' is not assignable to type 'boolean'."
D110,src/compiler/commandLineParser.ts,2677,9,TS2322,exactOptionalPropertyTypes,"/tmp/stricter-indexed-all-typescript/src/compiler/commandLineParser.ts:2677:9: error TS2322: Type '{ prepend?: boolean | undefined; circular?: boolean | undefined; path: string; originalPath: undefined; }[] | undefined' is not assignable to type 'readonly ProjectReference[] | undefined'.
  Type '{ prepend?: boolean | undefined; circular?: boolean | undefined; path: string; originalPath: undefined; }[]' is not assignable to type 'readonly ProjectReference[]'.
    Type '{ prepend?: boolean | undefined; circular?: boolean | undefined; path: string; originalPath: undefined; }' is not assignable to type 'ProjectReference' with 'exactOptionalPropertyTypes: true'. Consider adding 'undefined' to the types of the target's properties.
      Types of property 'originalPath' are incompatible.
        Type 'undefined' is not assignable to type 'string'."
D116,src/compiler/moduleNameResolver.ts,132,13,TS2375,exactOptionalPropertyTypes,"/tmp/stricter-indexed-all-typescript/src/compiler/moduleNameResolver.ts:132:13: error TS2375: Type '{ name: string; subModuleName: string; version: string; peerDependencies: string | undefined; }' is not assignable to type 'PackageId' with 'exactOptionalPropertyTypes: true'. Consider adding 'undefined' to the types of the target's properties.
  Types of property 'peerDependencies' are incompatible.
    Type 'string | undefined' is not assignable to type 'string'.
      Type 'undefined' is not assignable to type 'string'."
D118,src/compiler/moduleNameResolver.ts,286,9,TS2322,exactOptionalPropertyTypes,"/tmp/stricter-indexed-all-typescript/src/compiler/moduleNameResolver.ts:286:9: error TS2322: Type '{ resolvedFileName: string; originalPath: string | undefined; extension: string; isExternalLibraryImport: boolean | undefined; packageId: PackageId | undefined; resolvedUsingTsExtension: boolean; } | undefined' is not assignable to type 'ResolvedModuleFull | undefined'.
  Type '{ resolvedFileName: string; originalPath: string | undefined; extension: string; isExternalLibraryImport: boolean | undefined; packageId: PackageId | undefined; resolvedUsingTsExtension: boolean; }' is not assignable to type 'ResolvedModuleFull' with 'exactOptionalPropertyTypes: true'. Consider adding 'undefined' to the types of the target's properties.
    Types of property 'originalPath' are incompatible.
      Type 'string | undefined' is not assignable to type 'string'.
        Type 'undefined' is not assignable to type 'string'."
D120,src/compiler/moduleNameResolver.ts,627,9,TS2375,exactOptionalPropertyTypes,"/tmp/stricter-indexed-all-typescript/src/compiler/moduleNameResolver.ts:627:9: error TS2375: Type '{ primary: boolean; resolvedFileName: string; originalPath: string | undefined; packageId: PackageId | undefined; isExternalLibraryImport: boolean; }' is not assignable to type 'ResolvedTypeReferenceDirective' with 'exactOptionalPropertyTypes: true'. Consider adding 'undefined' to the types of the target's properties.
  Types of property 'originalPath' are incompatible.
    Type 'string | undefined' is not assignable to type 'string'.
      Type 'undefined' is not assignable to type 'string'."
D121,src/compiler/moduleNameResolver.ts,635,5,TS2375,exactOptionalPropertyTypes,"/tmp/stricter-indexed-all-typescript/src/compiler/moduleNameResolver.ts:635:5: error TS2375: Type '{ resolvedTypeReferenceDirective: ResolvedTypeReferenceDirective | undefined; failedLookupLocations: string[] | undefined; affectingLocations: ... | undefined; resolutionDiagnostics: ... | undefined; }' is not assignable to type 'ResolvedTypeReferenceDirectiveWithFailedLookupLocations' with 'exactOptionalPropertyTypes: true'. Consider adding 'undefined' to the types of the target's properties.
  Types of property 'resolutionDiagnostics' are incompatible.
    Type 'Diagnostic[] | undefined' is not assignable to type 'Diagnostic[]'.
      Type 'undefined' is not assignable to type 'Diagnostic[]'."
D122,src/compiler/moduleNameResolver.ts,642,143,TS2345,exactOptionalPropertyTypes,"/tmp/stricter-indexed-all-typescript/src/compiler/moduleNameResolver.ts:642:143: error TS2345: Argument of type 'ResolvedTypeReferenceDirectiveWithFailedLookupLocations | undefined' is not assignable to parameter of type 'ResolvedTypeReferenceDirectiveWithFailedLookupLocations'.
  Type 'undefined' is not assignable to type 'ResolvedTypeReferenceDirectiveWithFailedLookupLocations'."
D123,src/compiler/moduleNameResolver.ts,644,144,TS2345,exactOptionalPropertyTypes,"/tmp/stricter-indexed-all-typescript/src/compiler/moduleNameResolver.ts:644:144: error TS2345: Argument of type 'ResolvedTypeReferenceDirectiveWithFailedLookupLocations | undefined' is not assignable to parameter of type 'ResolvedTypeReferenceDirectiveWithFailedLookupLocations'.
  Type 'undefined' is not assignable to type 'ResolvedTypeReferenceDirectiveWithFailedLookupLocations'."
D124,src/compiler/moduleNameResolver.ts,647,35,TS2345,exactOptionalPropertyTypes,"/tmp/stricter-indexed-all-typescript/src/compiler/moduleNameResolver.ts:647:35: error TS2345: Argument of type 'ResolvedTypeReferenceDirectiveWithFailedLookupLocations | undefined' is not assignable to parameter of type 'ResolvedTypeReferenceDirectiveWithFailedLookupLocations'.
  Type 'undefined' is not assignable to type 'ResolvedTypeReferenceDirectiveWithFailedLookupLocations'."
D125,src/compiler/moduleNameResolver.ts,648,5,TS2322,exactOptionalPropertyTypes,"/tmp/stricter-indexed-all-typescript/src/compiler/moduleNameResolver.ts:648:5: error TS2322: Type 'ResolvedTypeReferenceDirectiveWithFailedLookupLocations | undefined' is not assignable to type 'ResolvedTypeReferenceDirectiveWithFailedLookupLocations'.
  Type 'undefined' is not assignable to type 'ResolvedTypeReferenceDirectiveWithFailedLookupLocations'."
D117,src/compiler/moduleNameResolver.ts,2772,21,TS2322,exactOptionalPropertyTypes,"/tmp/stricter-indexed-all-typescript/src/compiler/moduleNameResolver.ts:2772:21: error TS2322: Type 'SearchResult<{ path: string; extension: string; packageId: PackageId | undefined; originalPath: string | undefined; resolvedUsingTsExtension: boolean | undefined; }>' is not assignable to type 'SearchResult<Resolved>'.
  Type '{ readonly value: { path: string; extension: string; packageId: PackageId | undefined; originalPath: string | undefined; resolvedUsingTsExtension: boolean | undefined; } | undefined; }' is not assignable to type 'SearchResult<Resolved>'.
    Types of property 'value' are incompatible.
      Type '{ path: string; extension: string; packageId: PackageId | undefined; originalPath: string | undefined; resolvedUsingTsExtension: boolean | undefined; } | undefined' is not assignable to type 'Resolved | undefined'.
        Type '{ path: string; extension: string; packageId: PackageId | undefined; originalPath: string | undefined; resolvedUsingTsExtension: boolean | undefined; }' is not assignable to type 'Resolved' with 'exactOptionalPropertyTypes: true'. Consider adding 'undefined' to the types of the target's properties.
          Types of property 'originalPath' are incompatible.
            Type 'string | undefined' is not assignable to type 'string | true'.
              Type 'undefined' is not assignable to type 'string | true'."
D128,src/compiler/program.ts,406,25,TS18046,useUnknownInCatchVariables,/tmp/stricter-indexed-all-typescript/src/compiler/program.ts:406:25: error TS18046: 'e' is of type 'unknown'.
D132,src/compiler/program.ts,441,25,TS18046,useUnknownInCatchVariables,/tmp/stricter-indexed-all-typescript/src/compiler/program.ts:441:25: error TS18046: 'e' is of type 'unknown'.
D133,src/compiler/program.ts,472,11,TS2375,exactOptionalPropertyTypes,"/tmp/stricter-indexed-all-typescript/src/compiler/program.ts:472:11: error TS2375: Type '{ getSourceFile: (fileName: string, languageVersionOrOptions: CreateSourceFileOptions | ScriptTarget, onError?: ((message: string) => void) | undefined, shouldCreateNewSourceFile?: boolean | undefined) => SourceFile | undefined; ... 16 more ...; createHash: ... | undefined; }' is not assignable to type 'CompilerHost' with 'exactOptionalPropertyTypes: true'. Consider adding 'undefined' to the types of the target's properties.
  Types of property 'createHash' are incompatible.
    Type '((data: string) => string) | undefined' is not assignable to type '(data: string) => string'.
      Type 'undefined' is not assignable to type '(data: string) => string'."
D126,src/compiler/program.ts,1876,11,TS2375,exactOptionalPropertyTypes,"/tmp/stricter-indexed-all-typescript/src/compiler/program.ts:1876:11: error TS2375: Type '{ getRootFileNames: () => readonly string[]; getSourceFile: (fileName: string) => SourceFile | undefined; getSourceFileByPath: (path: Path) => SourceFile | undefined; getSourceFiles: () => SourceFile[]; ... 75 more ...; getGlobalTypingsCacheLocation: ... | undefined; }' is not assignable to type 'Program' with 'exactOptionalPropertyTypes: true'. Consider adding 'undefined' to the types of the target's properties.
  Types of property 'directoryExists' are incompatible.
    Type '((path: string) => boolean) | undefined' is not assignable to type '(path: string) => boolean'.
      Type 'undefined' is not assignable to type '(path: string) => boolean'."
D127,src/compiler/program.ts,2599,9,TS2375,exactOptionalPropertyTypes,"/tmp/stricter-indexed-all-typescript/src/compiler/program.ts:2599:9: error TS2375: Type '{ getCanonicalFileName: (fileName: string) => string; getCommonSourceDirectory: () => string; getCompilerOptions: () => CompilerOptions; getCurrentDirectory: () => string; ... 24 more ...; getGlobalTypingsCacheLocation: ... | undefined; }' is not assignable to type 'EmitHost' with 'exactOptionalPropertyTypes: true'. Consider adding 'undefined' to the types of the target's properties.
  Types of property 'createHash' are incompatible.
    Type '((data: string) => string) | undefined' is not assignable to type '(data: string) => string'.
      Type 'undefined' is not assignable to type '(data: string) => string'."
D134,src/compiler/program.ts,4956,9,TS2412,exactOptionalPropertyTypes,"/tmp/stricter-indexed-all-typescript/src/compiler/program.ts:4956:9: error TS2412: Type '((directoryName: string) => boolean) | undefined' is not assignable to type '(directoryName: string) => boolean' with 'exactOptionalPropertyTypes: true'. Consider adding 'undefined' to the type of the target.
  Type 'undefined' is not assignable to type '(directoryName: string) => boolean'."
D135,src/compiler/program.ts,4957,9,TS2412,exactOptionalPropertyTypes,"/tmp/stricter-indexed-all-typescript/src/compiler/program.ts:4957:9: error TS2412: Type '((path: string) => string[]) | undefined' is not assignable to type '(path: string) => string[]' with 'exactOptionalPropertyTypes: true'. Consider adding 'undefined' to the type of the target.
  Type 'undefined' is not assignable to type '(path: string) => string[]'."
D138,src/compiler/program.ts,5107,5,TS2375,exactOptionalPropertyTypes,"/tmp/stricter-indexed-all-typescript/src/compiler/program.ts:5107:5: error TS2375: Type '{ fileExists: (f: string) => boolean; readDirectory(root: string, extensions: readonly string[], excludes: readonly string[] | undefined, includes: readonly string[], depth: number | undefined): string[]; readFile: ...; ... 6 more ...; trace: ... | undefined; }' is not assignable to type 'ParseConfigFileHost' with 'exactOptionalPropertyTypes: true'. Consider adding 'undefined' to the types of the target's properties.
  Types of property 'trace' are incompatible.
    Type '((s: string) => void) | undefined' is not assignable to type '(s: string) => void'.
      Type 'undefined' is not assignable to type '(s: string) => void'."
D150,src/compiler/resolutionCache.ts,990,43,TS2379,exactOptionalPropertyTypes,"/tmp/stricter-indexed-all-typescript/src/compiler/resolutionCache.ts:990:43: error TS2379: Argument of type '{ entries: readonly T[]; containingFile: string; containingSourceFile: SourceFile | undefined; redirectedReference: ResolvedProjectReference | undefined; ... 6 more ...; deferWatchingNonRelativeResolution: false; }' is not assignable to parameter of type 'ResolveNamesWithLocalCacheInput<string | FileReference, SourceFile | undefined, ResolvedTypeReferenceDirectiveWithFailedLookupLocations, ResolvedTypeReferenceDirective>' with 'exactOptionalPropertyTypes: true'. Consider adding 'undefined' to the types of the target's properties.
  Types of property 'reusedNames' are incompatible.
    Type 'readonly T[] | undefined' is not assignable to type 'readonly (string | FileReference)[]'.
      Type 'undefined' is not assignable to type 'readonly (string | FileReference)[]'."
D139,src/compiler/resolutionCache.ts,1019,43,TS2379,exactOptionalPropertyTypes,"/tmp/stricter-indexed-all-typescript/src/compiler/resolutionCache.ts:1019:43: error TS2379: Argument of type '{ entries: readonly StringLiteralLike[]; containingFile: string; containingSourceFile: SourceFile; redirectedReference: ResolvedProjectReference | undefined; ... 7 more ...; deferWatchingNonRelativeResolution: true; }' is not assignable to parameter of type 'ResolveNamesWithLocalCacheInput<StringLiteralLike, SourceFile, ResolvedModuleWithFailedLookupLocations, ResolvedModuleFull>' with 'exactOptionalPropertyTypes: true'. Consider adding 'undefined' to the types of the target's properties.
  Types of property 'reusedNames' are incompatible.
    Type 'readonly StringLiteralLike[] | undefined' is not assignable to type 'readonly StringLiteralLike[]'.
      Type 'undefined' is not assignable to type 'readonly StringLiteralLike[]'."
D140,src/compiler/resolutionCache.ts,1282,21,TS2322,exactOptionalPropertyTypes,"/tmp/stricter-indexed-all-typescript/src/compiler/resolutionCache.ts:1282:21: error TS2322: Type 'DirectoryWatchesOfFailedLookup | undefined' is not assignable to type 'DirectoryWatchesOfFailedLookup'.
  Type 'undefined' is not assignable to type 'DirectoryWatchesOfFailedLookup'."
D141,src/compiler/resolutionCache.ts,1297,17,TS2322,exactOptionalPropertyTypes,"/tmp/stricter-indexed-all-typescript/src/compiler/resolutionCache.ts:1297:17: error TS2322: Type 'DirectoryWatchesOfFailedLookup | undefined' is not assignable to type 'DirectoryWatchesOfFailedLookup'.
  Type 'undefined' is not assignable to type 'DirectoryWatchesOfFailedLookup'."
D142,src/compiler/resolutionCache.ts,1332,58,TS2375,exactOptionalPropertyTypes,"/tmp/stricter-indexed-all-typescript/src/compiler/resolutionCache.ts:1332:58: error TS2375: Type '{ watcher: FileWatcher; refCount: number; nonRecursive: boolean | undefined; }' is not assignable to type 'DirectoryWatchesOfFailedLookup' with 'exactOptionalPropertyTypes: true'. Consider adding 'undefined' to the types of the target's properties.
  Types of property 'nonRecursive' are incompatible.
    Type 'boolean | undefined' is not assignable to type 'boolean'.
      Type 'undefined' is not assignable to type 'boolean'."
D143,src/compiler/resolutionCache.ts,1332,58,TS2379,exactOptionalPropertyTypes,"/tmp/stricter-indexed-all-typescript/src/compiler/resolutionCache.ts:1332:58: error TS2379: Argument of type '{ watcher: FileWatcher; refCount: number; nonRecursive: boolean | undefined; }' is not assignable to parameter of type 'DirectoryWatchesOfFailedLookup' with 'exactOptionalPropertyTypes: true'. Consider adding 'undefined' to the types of the target's properties.
  Types of property 'nonRecursive' are incompatible.
    Type 'boolean | undefined' is not assignable to type 'boolean'.
      Type 'undefined' is not assignable to type 'boolean'."
D144,src/compiler/resolutionCache.ts,1386,9,TS2412,exactOptionalPropertyTypes,/tmp/stricter-indexed-all-typescript/src/compiler/resolutionCache.ts:1386:9: error TS2412: Type 'undefined' is not assignable to type 'Set<Path>' with 'exactOptionalPropertyTypes: true'. Consider adding 'undefined' to the type of the target.
D152,src/compiler/sys.ts,1281,43,TS18046,useUnknownInCatchVariables,/tmp/stricter-indexed-all-typescript/src/compiler/sys.ts:1281:43: error TS18046: 'e' is of type 'unknown'.
D153,src/compiler/sys.ts,1617,13,TS2322,useUnknownInCatchVariables,"/tmp/stricter-indexed-all-typescript/src/compiler/sys.ts:1617:13: error TS2322: Type '(baseDir: string, moduleName: string) => { module: any; modulePath: string; error: undefined; } | { module: undefined; modulePath: undefined; error: unknown; }' is not assignable to type '(baseDir: string, moduleName: string) => ModuleImportResult'.
  Type '{ module: any; modulePath: string; error: undefined; } | { module: undefined; modulePath: undefined; error: unknown; }' is not assignable to type 'ModuleImportResult'.
    Type '{ module: undefined; modulePath: undefined; error: unknown; }' is not assignable to type 'ModuleImportResult'.
      Type '{ module: undefined; modulePath: undefined; error: unknown; }' is not assignable to type '{ module: undefined; modulePath?: undefined; error: { stack?: string; message?: string; }; }'.
        Types of property 'error' are incompatible.
          Type 'unknown' is not assignable to type '{ stack?: string; message?: string; }'."
D167,src/compiler/transformers/classFields.ts,2745,16,TS2375,exactOptionalPropertyTypes,"/tmp/stricter-indexed-all-typescript/src/compiler/transformers/classFields.ts:2745:16: error TS2375: Type 'PrivateEnvironment<{ className: undefined; weakSetName: undefined; }, PrivateIdentifierInfo>' is not assignable to type 'PrivateEnvironment<PrivateEnvironmentData, PrivateIdentifierInfo>' with 'exactOptionalPropertyTypes: true'. Consider adding 'undefined' to the types of the target's properties.
  Type '{ className: undefined; weakSetName: undefined; }' is not assignable to type 'PrivateEnvironmentData' with 'exactOptionalPropertyTypes: true'. Consider adding 'undefined' to the types of the target's properties.
    Types of property 'className' are incompatible.
      Type 'undefined' is not assignable to type 'Identifier'."
D168,src/compiler/transformers/classFields.ts,2864,52,TS2345,exactOptionalPropertyTypes,"/tmp/stricter-indexed-all-typescript/src/compiler/transformers/classFields.ts:2864:52: error TS2345: Argument of type '{ kind: PrivateIdentifierKind.Accessor; getterName: Identifier; setterName: undefined; brandCheckIdentifier: Identifier; isStatic: boolean; isValid: boolean; }' is not assignable to parameter of type 'PrivateIdentifierInfo'.
  Type '{ kind: PrivateIdentifierKind.Accessor; getterName: Identifier; setterName: undefined; brandCheckIdentifier: Identifier; isStatic: boolean; isValid: boolean; }' is not assignable to type 'PrivateIdentifierAccessorInfo' with 'exactOptionalPropertyTypes: true'. Consider adding 'undefined' to the types of the target's properties.
    Types of property 'setterName' are incompatible.
      Type 'undefined' is not assignable to type 'Identifier'."
D169,src/compiler/transformers/classFields.ts,2896,52,TS2345,exactOptionalPropertyTypes,"/tmp/stricter-indexed-all-typescript/src/compiler/transformers/classFields.ts:2896:52: error TS2345: Argument of type '{ kind: PrivateIdentifierKind.Accessor; getterName: undefined; setterName: Identifier; brandCheckIdentifier: Identifier; isStatic: boolean; isValid: boolean; }' is not assignable to parameter of type 'PrivateIdentifierInfo'.
  Type '{ kind: PrivateIdentifierKind.Accessor; getterName: undefined; setterName: Identifier; brandCheckIdentifier: Identifier; isStatic: boolean; isValid: boolean; }' is not assignable to type 'PrivateIdentifierAccessorInfo' with 'exactOptionalPropertyTypes: true'. Consider adding 'undefined' to the types of the target's properties.
    Types of property 'getterName' are incompatible.
      Type 'undefined' is not assignable to type 'Identifier'."
D187,src/compiler/transformers/esDecorators.ts,351,9,TS2322,exactOptionalPropertyTypes,"/tmp/stricter-indexed-all-typescript/src/compiler/transformers/esDecorators.ts:351:9: error TS2322: Type '{ kind: ""class""; next: LexicalEnvironmentStackEntry | undefined; classInfo: ClassInfo | undefined; savedPendingExpressions: Expression[] | undefined; }' is not assignable to type 'LexicalEnvironmentStackEntry | undefined'.
  Type '{ kind: ""class""; next: LexicalEnvironmentStackEntry | undefined; classInfo: ClassInfo | undefined; savedPendingExpressions: Expression[] | undefined; }' is not assignable to type 'ClassLexicalEnvironmentStackEntry' with 'exactOptionalPropertyTypes: true'. Consider adding 'undefined' to the types of the target's properties.
    Types of property 'savedPendingExpressions' are incompatible.
      Type 'Expression[] | undefined' is not assignable to type 'Expression[]'.
        Type 'undefined' is not assignable to type 'Expression[]'."
D188,src/compiler/transformers/esDecorators.ts,398,13,TS2322,exactOptionalPropertyTypes,"/tmp/stricter-indexed-all-typescript/src/compiler/transformers/esDecorators.ts:398:13: error TS2322: Type '{ kind: ""other""; next: ClassElementLexicalEnvironmentStackEntry | ClassLexicalEnvironmentStackEntry | PropertyNameLexicalEnvironmentStackEntry | undefined; depth: number; savedPendingExpressions: ... | undefined; }' is not assignable to type 'LexicalEnvironmentStackEntry | undefined'.
  Type '{ kind: ""other""; next: ClassElementLexicalEnvironmentStackEntry | ClassLexicalEnvironmentStackEntry | PropertyNameLexicalEnvironmentStackEntry | undefined; depth: number; savedPendingExpressions: ... | undefined; }' is not assignable to type 'OtherLexicalEnvironmentStackEntry' with 'exactOptionalPropertyTypes: true'. Consider adding 'undefined' to the types of the target's properties.
    Types of property 'savedPendingExpressions' are incompatible.
      Type 'Expression[] | undefined' is not assignable to type 'Expression[]'.
        Type 'undefined' is not assignable to type 'Expression[]'."
D236,src/compiler/tsbuildPublic.ts,302,5,TS2412,exactOptionalPropertyTypes,"/tmp/stricter-indexed-all-typescript/src/compiler/tsbuildPublic.ts:302:5: error TS2412: Type '(() => Date) | undefined' is not assignable to type '() => Date' with 'exactOptionalPropertyTypes: true'. Consider adding 'undefined' to the type of the target.
  Type 'undefined' is not assignable to type '() => Date'."
D237,src/compiler/tsbuildPublic.ts,438,5,TS2412,exactOptionalPropertyTypes,"/tmp/stricter-indexed-all-typescript/src/compiler/tsbuildPublic.ts:438:5: error TS2412: Type '((moduleLiterals: readonly StringLiteralLike[], containingFile: string, redirectedReference: ResolvedProjectReference | undefined, options: CompilerOptions, containingSourceFile: SourceFile, reusedNames: ... | undefined) => ...) | undefined' is not assignable to type '(moduleLiterals: readonly StringLiteralLike[], containingFile: string, redirectedReference: ResolvedProjectReference | undefined, options: CompilerOptions, containingSourceFile: SourceFile, reusedNames: ... | undefined) => ...' with 'exactOptionalPropertyTypes: true'. Consider adding 'undefined' to the type of the target.
  Type 'undefined' is not assignable to type '(moduleLiterals: readonly StringLiteralLike[], containingFile: string, redirectedReference: ResolvedProjectReference | undefined, options: CompilerOptions, containingSourceFile: SourceFile, reusedNames: ... | undefined) => ...'."
D238,src/compiler/tsbuildPublic.ts,439,5,TS2412,exactOptionalPropertyTypes,"/tmp/stricter-indexed-all-typescript/src/compiler/tsbuildPublic.ts:439:5: error TS2412: Type '((typeDirectiveReferences: readonly (string | FileReference)[], containingFile: string, redirectedReference: ResolvedProjectReference | undefined, options: CompilerOptions, containingSourceFile: SourceFile | undefined, reusedNames: ... | undefined) => ...) | undefined' is not assignable to type '<T extends FileReference | string>(typeDirectiveReferences: readonly T[], containingFile: string, redirectedReference: ResolvedProjectReference | undefined, options: CompilerOptions, containingSourceFile: SourceFile | undefined, reusedNames: ... | undefined) => ...' with 'exactOptionalPropertyTypes: true'. Consider adding 'undefined' to the type of the target.
  Type 'undefined' is not assignable to type '<T extends FileReference | string>(typeDirectiveReferences: readonly T[], containingFile: string, redirectedReference: ResolvedProjectReference | undefined, options: CompilerOptions, containingSourceFile: SourceFile | undefined, reusedNames: ... | undefined) => ...'."
D239,src/compiler/tsbuildPublic.ts,440,5,TS2412,exactOptionalPropertyTypes,"/tmp/stricter-indexed-all-typescript/src/compiler/tsbuildPublic.ts:440:5: error TS2412: Type '((libraryName: string, resolveFrom: string, options: CompilerOptions, libFileName: string) => ResolvedModuleWithFailedLookupLocations) | undefined' is not assignable to type '(libraryName: string, resolveFrom: string, options: CompilerOptions, libFileName: string) => ResolvedModuleWithFailedLookupLocations' with 'exactOptionalPropertyTypes: true'. Consider adding 'undefined' to the type of the target.
  Type 'undefined' is not assignable to type '(libraryName: string, resolveFrom: string, options: CompilerOptions, libFileName: string) => ResolvedModuleWithFailedLookupLocations'."
D240,src/compiler/tsbuildPublic.ts,441,5,TS2412,exactOptionalPropertyTypes,"/tmp/stricter-indexed-all-typescript/src/compiler/tsbuildPublic.ts:441:5: error TS2412: Type '((moduleNames: string[], containingFile: string, reusedNames: string[] | undefined, redirectedReference: ResolvedProjectReference | undefined, options: CompilerOptions, containingSourceFile?: SourceFile | undefined) => ...) | undefined' is not assignable to type '(moduleNames: string[], containingFile: string, reusedNames: string[] | undefined, redirectedReference: ResolvedProjectReference | undefined, options: CompilerOptions, containingSourceFile?: SourceFile | undefined) => ...' with 'exactOptionalPropertyTypes: true'. Consider adding 'undefined' to the type of the target.
  Type 'undefined' is not assignable to type '(moduleNames: string[], containingFile: string, reusedNames: string[] | undefined, redirectedReference: ResolvedProjectReference | undefined, options: CompilerOptions, containingSourceFile?: SourceFile | undefined) => ...'."
D241,src/compiler/tsbuildPublic.ts,442,5,TS2412,exactOptionalPropertyTypes,"/tmp/stricter-indexed-all-typescript/src/compiler/tsbuildPublic.ts:442:5: error TS2412: Type '((typeReferenceDirectiveNames: string[] | readonly FileReference[], containingFile: string, redirectedReference: ResolvedProjectReference | undefined, options: CompilerOptions, containingFileMode?: ResolutionMode) => ...) | undefined' is not assignable to type '(typeReferenceDirectiveNames: string[] | readonly FileReference[], containingFile: string, redirectedReference: ResolvedProjectReference | undefined, options: CompilerOptions, containingFileMode?: ResolutionMode) => ...' with 'exactOptionalPropertyTypes: true'. Consider adding 'undefined' to the type of the target.
  Type 'undefined' is not assignable to type '(typeReferenceDirectiveNames: string[] | readonly FileReference[], containingFile: string, redirectedReference: ResolvedProjectReference | undefined, options: CompilerOptions, containingFileMode?: ResolutionMode) => ...'."
D242,src/compiler/tsbuildPublic.ts,443,5,TS2412,exactOptionalPropertyTypes,"/tmp/stricter-indexed-all-typescript/src/compiler/tsbuildPublic.ts:443:5: error TS2412: Type '(() => ModuleResolutionCache | undefined) | undefined' is not assignable to type '() => ModuleResolutionCache | undefined' with 'exactOptionalPropertyTypes: true'. Consider adding 'undefined' to the type of the target.
  Type 'undefined' is not assignable to type '() => ModuleResolutionCache | undefined'."
D243,src/compiler/tsbuildPublic.ts,785,5,TS2412,exactOptionalPropertyTypes,"/tmp/stricter-indexed-all-typescript/src/compiler/tsbuildPublic.ts:785:5: error TS2412: Type '((directoryName: string) => boolean) | undefined' is not assignable to type '(path: string) => boolean' with 'exactOptionalPropertyTypes: true'. Consider adding 'undefined' to the type of the target.
  Type 'undefined' is not assignable to type '(path: string) => boolean'."
D244,src/compiler/tsbuildPublic.ts,786,5,TS2412,exactOptionalPropertyTypes,"/tmp/stricter-indexed-all-typescript/src/compiler/tsbuildPublic.ts:786:5: error TS2412: Type '((directory: string) => void) | undefined' is not assignable to type '(path: string) => void' with 'exactOptionalPropertyTypes: true'. Consider adding 'undefined' to the type of the target.
  Type 'undefined' is not assignable to type '(path: string) => void'."
D245,src/compiler/tsbuildPublic.ts,787,5,TS2412,exactOptionalPropertyTypes,"/tmp/stricter-indexed-all-typescript/src/compiler/tsbuildPublic.ts:787:5: error TS2412: Type 'WriteFileCallback | undefined' is not assignable to type '(path: string, data: string, writeByteOrderMark?: boolean | undefined) => void' with 'exactOptionalPropertyTypes: true'. Consider adding 'undefined' to the type of the target.
  Type 'undefined' is not assignable to type '(path: string, data: string, writeByteOrderMark?: boolean | undefined) => void'."
D246,src/compiler/watch.ts,756,11,TS2375,exactOptionalPropertyTypes,"/tmp/stricter-indexed-all-typescript/src/compiler/watch.ts:756:11: error TS2375: Type '{ getSourceFile: (fileName: string, languageVersionOrOptions: CreateSourceFileOptions | ScriptTarget, onError?: ((message: string) => void) | undefined, shouldCreateNewSourceFile?: boolean | undefined) => SourceFile | undefined; ... 17 more ...; jsDocParsingMode: JSDocParsingMode | undefined; }' is not assignable to type 'CompilerHost' with 'exactOptionalPropertyTypes: true'. Consider adding 'undefined' to the types of the target's properties.
  Types of property 'getDefaultLibLocation' are incompatible.
    Type '(() => string) | undefined' is not assignable to type '() => string'.
      Type 'undefined' is not assignable to type '() => string'."
D247,src/compiler/watch.ts,845,5,TS2375,exactOptionalPropertyTypes,"/tmp/stricter-indexed-all-typescript/src/compiler/watch.ts:845:5: error TS2375: Type '{ useCaseSensitiveFileNames: () => boolean; getNewLine: () => string; getCurrentDirectory: () => string; getDefaultLibLocation: () => string; getDefaultLibFileName: (options: CompilerOptions) => string; ... 13 more ...; now: ... | undefined; }' is not assignable to type 'ProgramHost<T>' with 'exactOptionalPropertyTypes: true'. Consider adding 'undefined' to the types of the target's properties.
  Types of property 'createHash' are incompatible.
    Type '((data: string) => string) | undefined' is not assignable to type '(data: string) => string'.
      Type 'undefined' is not assignable to type '(data: string) => string'."
D248,src/compiler/watchPublic.ts,125,5,TS2412,exactOptionalPropertyTypes,"/tmp/stricter-indexed-all-typescript/src/compiler/watchPublic.ts:125:5: error TS2412: Type '((data: string) => string) | undefined' is not assignable to type '(data: string) => string' with 'exactOptionalPropertyTypes: true'. Consider adding 'undefined' to the type of the target.
  Type 'undefined' is not assignable to type '(data: string) => string'."
D249,src/compiler/watchPublic.ts,371,65,TS2379,exactOptionalPropertyTypes,"/tmp/stricter-indexed-all-typescript/src/compiler/watchPublic.ts:371:65: error TS2379: Argument of type '{ rootFiles: string[]; options: CompilerOptions; watchOptions: WatchOptions; projectReferences: readonly ProjectReference[]; system: System; createProgram: CreateProgram<...> | undefined; reportDiagnostic: DiagnosticReporter | undefined; reportWatchStatus: WatchStatusReporter | undefined; }' is not assignable to parameter of type 'CreateWatchCompilerHostOfFilesAndCompilerOptionsInput<T>' with 'exactOptionalPropertyTypes: true'. Consider adding 'undefined' to the types of the target's properties.
  Types of property 'createProgram' are incompatible.
    Type 'CreateProgram<T> | undefined' is not assignable to type 'CreateProgram<T>'.
      Type 'undefined' is not assignable to type 'CreateProgram<T>'."
D250,src/compiler/watchPublic.ts,383,52,TS2379,exactOptionalPropertyTypes,"/tmp/stricter-indexed-all-typescript/src/compiler/watchPublic.ts:383:52: error TS2379: Argument of type '{ configFileName: string; optionsToExtend: CompilerOptions | undefined; watchOptionsToExtend: WatchOptions; extraFileExtensions: readonly FileExtensionInfo[]; system: System; createProgram: CreateProgram<...> | undefined; reportDiagnostic: DiagnosticReporter | undefined; reportWatchStatus: WatchStatusReporter | unde...' is not assignable to parameter of type 'CreateWatchCompilerHostOfConfigFileInput<T>' with 'exactOptionalPropertyTypes: true'. Consider adding 'undefined' to the types of the target's properties.
  Types of property 'createProgram' are incompatible.
    Type 'CreateProgram<T> | undefined' is not assignable to type 'CreateProgram<T>'.
      Type 'undefined' is not assignable to type 'CreateProgram<T>'."
D251,src/compiler/watchPublic.ts,506,5,TS2412,exactOptionalPropertyTypes,"/tmp/stricter-indexed-all-typescript/src/compiler/watchPublic.ts:506:5: error TS2412: Type '(() => boolean) | undefined' is not assignable to type '() => boolean' with 'exactOptionalPropertyTypes: true'. Consider adding 'undefined' to the type of the target.
  Type 'undefined' is not assignable to type '() => boolean'."
D252,src/compiler/watchPublic.ts,529,5,TS2412,exactOptionalPropertyTypes,"/tmp/stricter-indexed-all-typescript/src/compiler/watchPublic.ts:529:5: error TS2412: Type '((moduleLiterals: readonly StringLiteralLike[], containingFile: string, redirectedReference: ResolvedProjectReference | undefined, options: CompilerOptions, containingSourceFile: SourceFile, reusedNames: ... | undefined) => ...) | undefined' is not assignable to type '(moduleLiterals: readonly StringLiteralLike[], containingFile: string, redirectedReference: ResolvedProjectReference | undefined, options: CompilerOptions, containingSourceFile: SourceFile, reusedNames: ... | undefined) => ...' with 'exactOptionalPropertyTypes: true'. Consider adding 'undefined' to the type of the target.
  Type 'undefined' is not assignable to type '(moduleLiterals: readonly StringLiteralLike[], containingFile: string, redirectedReference: ResolvedProjectReference | undefined, options: CompilerOptions, containingSourceFile: SourceFile, reusedNames: ... | undefined) => ...'."
D253,src/compiler/watchPublic.ts,530,5,TS2412,exactOptionalPropertyTypes,"/tmp/stricter-indexed-all-typescript/src/compiler/watchPublic.ts:530:5: error TS2412: Type '((moduleNames: string[], containingFile: string, reusedNames: string[] | undefined, redirectedReference: ResolvedProjectReference | undefined, options: CompilerOptions, containingSourceFile?: SourceFile | undefined) => ...) | undefined' is not assignable to type '(moduleNames: string[], containingFile: string, reusedNames: string[] | undefined, redirectedReference: ResolvedProjectReference | undefined, options: CompilerOptions, containingSourceFile?: SourceFile | undefined) => ...' with 'exactOptionalPropertyTypes: true'. Consider adding 'undefined' to the type of the target.
  Type 'undefined' is not assignable to type '(moduleNames: string[], containingFile: string, reusedNames: string[] | undefined, redirectedReference: ResolvedProjectReference | undefined, options: CompilerOptions, containingSourceFile?: SourceFile | undefined) => ...'."
D254,src/compiler/watchPublic.ts,534,5,TS2412,exactOptionalPropertyTypes,"/tmp/stricter-indexed-all-typescript/src/compiler/watchPublic.ts:534:5: error TS2412: Type '((typeDirectiveReferences: readonly (string | FileReference)[], containingFile: string, redirectedReference: ResolvedProjectReference | undefined, options: CompilerOptions, containingSourceFile: SourceFile | undefined, reusedNames: ... | undefined) => ...) | undefined' is not assignable to type '<T extends FileReference | string>(typeDirectiveReferences: readonly T[], containingFile: string, redirectedReference: ResolvedProjectReference | undefined, options: CompilerOptions, containingSourceFile: SourceFile | undefined, reusedNames: ... | undefined) => ...' with 'exactOptionalPropertyTypes: true'. Consider adding 'undefined' to the type of the target.
  Type 'undefined' is not assignable to type '<T extends FileReference | string>(typeDirectiveReferences: readonly T[], containingFile: string, redirectedReference: ResolvedProjectReference | undefined, options: CompilerOptions, containingSourceFile: SourceFile | undefined, reusedNames: ... | undefined) => ...'."
D255,src/compiler/watchPublic.ts,535,5,TS2412,exactOptionalPropertyTypes,"/tmp/stricter-indexed-all-typescript/src/compiler/watchPublic.ts:535:5: error TS2412: Type '((typeReferenceDirectiveNames: string[] | readonly FileReference[], containingFile: string, redirectedReference: ResolvedProjectReference | undefined, options: CompilerOptions, containingFileMode?: ResolutionMode) => ...) | undefined' is not assignable to type '(typeReferenceDirectiveNames: string[] | readonly FileReference[], containingFile: string, redirectedReference: ResolvedProjectReference | undefined, options: CompilerOptions, containingFileMode?: ResolutionMode) => ...' with 'exactOptionalPropertyTypes: true'. Consider adding 'undefined' to the type of the target.
  Type 'undefined' is not assignable to type '(typeReferenceDirectiveNames: string[] | readonly FileReference[], containingFile: string, redirectedReference: ResolvedProjectReference | undefined, options: CompilerOptions, containingFileMode?: ResolutionMode) => ...'."
D256,src/compiler/watchPublic.ts,542,5,TS2412,exactOptionalPropertyTypes,"/tmp/stricter-indexed-all-typescript/src/compiler/watchPublic.ts:542:5: error TS2412: Type '(() => ModuleResolutionCache | undefined) | undefined' is not assignable to type '() => ModuleResolutionCache | undefined' with 'exactOptionalPropertyTypes: true'. Consider adding 'undefined' to the type of the target.
  Type 'undefined' is not assignable to type '() => ModuleResolutionCache | undefined'."
D257,src/compiler/watchPublic.ts,568,17,TS2412,exactOptionalPropertyTypes,/tmp/stricter-indexed-all-typescript/src/compiler/watchPublic.ts:568:17: error TS2412: Type 'undefined' is not assignable to type 'FileWatcher' with 'exactOptionalPropertyTypes: true'. Consider adding 'undefined' to the type of the target.
D258,src/compiler/watchPublic.ts,661,9,TS2412,exactOptionalPropertyTypes,"/tmp/stricter-indexed-all-typescript/src/compiler/watchPublic.ts:661:9: error TS2412: Type '((directory: string) => boolean) | undefined' is not assignable to type '(directoryName: string) => boolean' with 'exactOptionalPropertyTypes: true'. Consider adding 'undefined' to the type of the target.
  Type 'undefined' is not assignable to type '(directoryName: string) => boolean'."
D259,src/compiler/watchPublic.ts,662,9,TS2412,exactOptionalPropertyTypes,"/tmp/stricter-indexed-all-typescript/src/compiler/watchPublic.ts:662:9: error TS2412: Type '((directory: string) => void) | undefined' is not assignable to type '(directory: string) => void' with 'exactOptionalPropertyTypes: true'. Consider adding 'undefined' to the type of the target.
  Type 'undefined' is not assignable to type '(directory: string) => void'."
