fixture	comment value or source	options	result (Go/Node/emitted JS/ASan+UBSan)	findings
upstream-nbsp	"//\u00a0TODO later"	{}	PASS	1
upstream-bom	"//\ufeffTODO later"	{}	PASS	1
upstream-hyphen	"/*- todo */"	{"decoration": ["*", "-", "/"]}	PASS	1
upstream-plus	"/*+ todo */"	{"decoration": ["*", "-", "/"]}	PASS	0
upstream-lead-0-0	"\u00a0todo"	{}	PASS	1
upstream-lead-0-1	"\ufeff todo"	{}	PASS	1
upstream-lead-0-2	"\u2028todo"	{}	PASS	1
upstream-lead-0-3	"\u3000 fixme"	{}	PASS	1
upstream-lead-0-4	"- todo"	{}	PASS	0
upstream-lead-0-5	"-+ todo"	{}	PASS	0
upstream-lead-1-0	"\u00a0todo"	{"decoration": ["*", "/"]}	PASS	1
upstream-lead-1-1	"\ufeff todo"	{"decoration": ["*", "/"]}	PASS	1
upstream-lead-1-2	"\u2028todo"	{"decoration": ["*", "/"]}	PASS	1
upstream-lead-1-3	"\u3000 fixme"	{"decoration": ["*", "/"]}	PASS	1
upstream-lead-1-4	"- todo"	{"decoration": ["*", "/"]}	PASS	0
upstream-lead-1-5	"-+ todo"	{"decoration": ["*", "/"]}	PASS	0
upstream-lead-2-0	"\u00a0todo"	{"decoration": ["*", "-", "/"]}	PASS	1
upstream-lead-2-1	"\ufeff todo"	{"decoration": ["*", "-", "/"]}	PASS	1
upstream-lead-2-2	"\u2028todo"	{"decoration": ["*", "-", "/"]}	PASS	1
upstream-lead-2-3	"\u3000 fixme"	{"decoration": ["*", "-", "/"]}	PASS	1
upstream-lead-2-4	"- todo"	{"decoration": ["*", "-", "/"]}	PASS	1
upstream-lead-2-5	"-+ todo"	{"decoration": ["*", "-", "/"]}	PASS	0
upstream-lead-3-0	"\u00a0todo"	{"decoration": ["k"]}	PASS	1
upstream-lead-3-1	"\ufeff todo"	{"decoration": ["k"]}	PASS	1
upstream-lead-3-2	"\u2028todo"	{"decoration": ["k"]}	PASS	1
upstream-lead-3-3	"\u3000 fixme"	{"decoration": ["k"]}	PASS	1
upstream-lead-3-4	"- todo"	{"decoration": ["k"]}	PASS	0
upstream-lead-3-5	"-+ todo"	{"decoration": ["k"]}	PASS	0
upstream-lead-4-0	"\u00a0todo"	{"terms": ["*todo", " fixme", "kelvin", "ſtop", "日本"], "decoration": ["*"]}	PASS	0
upstream-lead-4-1	"\ufeff todo"	{"terms": ["*todo", " fixme", "kelvin", "ſtop", "日本"], "decoration": ["*"]}	PASS	0
upstream-lead-4-2	"\u2028todo"	{"terms": ["*todo", " fixme", "kelvin", "ſtop", "日本"], "decoration": ["*"]}	PASS	0
upstream-lead-4-3	"\u3000 fixme"	{"terms": ["*todo", " fixme", "kelvin", "ſtop", "日本"], "decoration": ["*"]}	PASS	1
upstream-lead-4-4	"- todo"	{"terms": ["*todo", " fixme", "kelvin", "ſtop", "日本"], "decoration": ["*"]}	PASS	0
upstream-lead-4-5	"-+ todo"	{"terms": ["*todo", " fixme", "kelvin", "ſtop", "日本"], "decoration": ["*"]}	PASS	0
upstream-lead-5-0	"\u00a0todo"	{"terms": [""]}	PASS	1
upstream-lead-5-1	"\ufeff todo"	{"terms": [""]}	PASS	1
upstream-lead-5-2	"\u2028todo"	{"terms": [""]}	PASS	1
upstream-lead-5-3	"\u3000 fixme"	{"terms": [""]}	PASS	1
upstream-lead-5-4	"- todo"	{"terms": [""]}	PASS	1
upstream-lead-5-5	"-+ todo"	{"terms": [""]}	PASS	1
upstream-lead-6-0	"\u00a0todo"	{"location": "anywhere"}	PASS	1
upstream-lead-6-1	"\ufeff todo"	{"location": "anywhere"}	PASS	1
upstream-lead-6-2	"\u2028todo"	{"location": "anywhere"}	PASS	1
upstream-lead-6-3	"\u3000 fixme"	{"location": "anywhere"}	PASS	1
upstream-lead-6-4	"- todo"	{"location": "anywhere"}	PASS	1
upstream-lead-6-5	"-+ todo"	{"location": "anywhere"}	PASS	1
upstream-changed-range-0	""	{"decoration": ["*", "-", "/"]}	PASS	0
upstream-changed-range-1	" "	{"decoration": ["*", "-", "/"]}	PASS	0
upstream-changed-range-2	"\t\n"	{"decoration": ["*", "-", "/"]}	PASS	0
upstream-changed-range-3	" TODO: x"	{"decoration": ["*", "-", "/"]}	PASS	1
upstream-changed-range-4	"todo"	{"decoration": ["*", "-", "/"]}	PASS	1
upstream-changed-range-5	"Todo later"	{"decoration": ["*", "-", "/"]}	PASS	1
upstream-changed-range-6	"  fixme"	{"decoration": ["*", "-", "/"]}	PASS	1
upstream-changed-range-7	"xxx"	{"decoration": ["*", "-", "/"]}	PASS	1
upstream-changed-range-8	"XXX!"	{"decoration": ["*", "-", "/"]}	PASS	1
upstream-changed-range-9	"something todo"	{"decoration": ["*", "-", "/"]}	PASS	0
upstream-changed-range-10	"\u000b todo"	{"decoration": ["*", "-", "/"]}	PASS	1
upstream-changed-range-11	"\u00a0todo"	{"decoration": ["*", "-", "/"]}	PASS	1
upstream-changed-range-12	"* todo"	{"decoration": ["*", "-", "/"]}	PASS	1
upstream-changed-range-13	"** todo"	{"decoration": ["*", "-", "/"]}	PASS	1
upstream-changed-range-14	"*/ todo"	{"decoration": ["*", "-", "/"]}	PASS	1
upstream-changed-range-15	"+ todo"	{"decoration": ["*", "-", "/"]}	PASS	0
upstream-changed-range-16	", todo"	{"decoration": ["*", "-", "/"]}	PASS	0
upstream-changed-range-17	"k todo"	{"decoration": ["*", "-", "/"]}	PASS	0
upstream-changed-range-18	"\u212a todo"	{"decoration": ["*", "-", "/"]}	PASS	0
upstream-changed-range-19	"K todo"	{"decoration": ["*", "-", "/"]}	PASS	0
upstream-changed-range-20	"\u212aelvin"	{"decoration": ["*", "-", "/"]}	PASS	0
upstream-changed-range-21	"Kelvin"	{"decoration": ["*", "-", "/"]}	PASS	0
upstream-changed-range-22	"\u017ftop"	{"decoration": ["*", "-", "/"]}	PASS	0
upstream-changed-range-23	"Stop"	{"decoration": ["*", "-", "/"]}	PASS	0
upstream-changed-range-24	"stop"	{"decoration": ["*", "-", "/"]}	PASS	0
upstream-changed-range-25	"\u65e5\u672c"	{"decoration": ["*", "-", "/"]}	PASS	0
upstream-changed-range-26	"todos"	{"decoration": ["*", "-", "/"]}	PASS	0
upstream-changed-range-27	"*todo"	{"decoration": ["*", "-", "/"]}	PASS	1
upstream-changed-range-28	"* *todo"	{"decoration": ["*", "-", "/"]}	PASS	1
upstream-changed-range-29	" fixme"	{"decoration": ["*", "-", "/"]}	PASS	1
upstream-changed-range-30	"  fixme"	{"decoration": ["*", "-", "/"]}	PASS	1
