# branch	reason (who said so, when)
codex/map-number-hash	dropped for library's V8 number hash (runtime, Oct 6 23:17)
codex/arenas-iteration	a record only; per-iteration regions lost on CSS and JSON (runtime, Oct 6 23:17)
runtime/stack-arguments	superseded by runtime/stack-arguments-linux (runtime, Oct 6 23:17)
runtime/stdout-edges-usr1	superseded by runtime/stdout-edges-usr1-counts (runtime, Oct 6 23:17)
codex/stdout-edges	superseded by runtime/stdout-edges-usr1-counts (runtime, Oct 6 23:17)
codex/concurrency-compiler	inside codex/concurrency (runtime, Oct 6 23:17)
codex/perf-css-runtime	superseded by the release and slab fixes (runtime, Oct 6 23:17)
codex/map-foreach-keys	in area/runtime by content: a Grok coverage patch recreated its commits (runtime, Oct 6 23:17)
codex/borrowed-loop-bindings	in area/runtime by content: a Grok coverage patch recreated its commits (runtime, Oct 6 23:17)
codex/loop-array-hold	in area/runtime by content: a Grok coverage patch recreated its commits (runtime, Oct 6 23:17)
devtools/generators-i16	superseded by devtools/generator-families, kept for the record (developer tools, Oct 6 23:17)
codex/organization-sweep	a proposal for @system_adamic, not for merging (Oct 6 23:17)
compiler/private-generic	dead, replaced by compiler/private-generic-2 (compiler, Oct 6 23:25)
codex/cohere-bump	superseded by codex/cohere-bump-ca939db (compiler, Oct 6 23:25)
codex/error-classes	inside codex/error-classes-counts, lands with it (compiler, Oct 6 23:25)
codex/enums	inside codex/flag-enums, lands with it (compiler, Oct 6 23:25)
codex/dot-a	the .a rename codemod; run once, never merged (compiler, Oct 6 23:25)
codex/stage3-contracts	superseded by codex/stage3-contracts-ledger (typescript, Oct 6 23:20)
codex/workers-split	its one commit is in codex/workers-split-boundary by patch (platforms, Oct 6 23:18)
codex/no-shared-lists	dropped: 11 hours stale and cross-cutting; filed to redo from main with integration in a quiet window (compiler, Oct 7 00:45)
codex/lint-cost-split	dead for lint: runtime's kind-listener prototype, closed by cohere_lint_rules as the lever the harness took (cohere_lint, Oct 7 04:34)
