id,change,file,old_line,old_column,new_line,new_column,code,old_class,new_class,reason
D001,removed,src/compiler/builder.ts,1246,69,,,TS2345,2,,iterator done-flag discrimination
D002,removed,src/compiler/builder.ts,1258,65,,,TS2488,2,,iterator done-flag discrimination
D003,removed,src/compiler/builder.ts,1292,61,,,TS2488,3,,iterator done-flag discrimination
D004,removed,src/compiler/builder.ts,1345,64,,,TS2345,2,,iterator done-flag discrimination
D005,removed,src/compiler/builder.ts,1347,41,,,TS2345,2,,iterator done-flag discrimination
D006,removed,src/compiler/builder.ts,1347,97,,,TS2345,2,,iterator done-flag discrimination
D007,removed,src/compiler/builder.ts,1493,60,,,TS2345,2,,iterator done-flag discrimination
D008,removed,src/compiler/builder.ts,1495,26,,,TS2345,2,,iterator done-flag discrimination
D009,removed,src/compiler/builder.ts,1496,45,,,TS2345,2,,iterator done-flag discrimination
D010,removed,src/compiler/builder.ts,1562,64,,,TS2345,2,,iterator done-flag discrimination
D013,removed,src/compiler/builder.ts,2377,13,,,TS2769,2,,iterator done-flag discrimination
D014,removed,src/compiler/builder.ts,2379,45,,,TS2345,2,,iterator done-flag discrimination
D015,removed,src/compiler/builder.ts,395,118,,,TS2345,2,,iterator done-flag discrimination
D016,removed,src/compiler/builder.ts,395,85,,,TS2345,2,,iterator done-flag discrimination
D017,removed,src/compiler/builder.ts,991,17,,,TS2345,2,,iterator done-flag discrimination
D018,removed,src/compiler/checker.ts,10022,63,,,TS2345,2,,iterator done-flag discrimination
D019,removed,src/compiler/checker.ts,10022,86,,,TS18048,2,,iterator done-flag discrimination
D020,removed,src/compiler/checker.ts,10026,97,,,TS2345,2,,iterator done-flag discrimination
D021,removed,src/compiler/checker.ts,10033,67,,,TS18048,2,,iterator done-flag discrimination
D022,removed,src/compiler/checker.ts,10033,79,,,TS18048,2,,iterator done-flag discrimination
D023,removed,src/compiler/checker.ts,10053,53,,,TS2345,2,,iterator done-flag discrimination
D024,removed,src/compiler/checker.ts,10061,90,,,TS18048,2,,iterator done-flag discrimination
D025,removed,src/compiler/checker.ts,10062,69,,,TS18048,2,,iterator done-flag discrimination
D026,removed,src/compiler/checker.ts,10063,69,,,TS2345,2,,iterator done-flag discrimination
D027,removed,src/compiler/checker.ts,10064,47,,,TS18048,2,,iterator done-flag discrimination
D028,removed,src/compiler/checker.ts,10064,93,,,TS2345,2,,iterator done-flag discrimination
D029,removed,src/compiler/checker.ts,10065,122,,,TS18048,2,,iterator done-flag discrimination
D030,removed,src/compiler/checker.ts,10066,103,,,TS2345,2,,iterator done-flag discrimination
D031,removed,src/compiler/checker.ts,10070,50,,,TS2345,2,,iterator done-flag discrimination
D032,removed,src/compiler/checker.ts,10319,83,,,TS2345,2,,iterator done-flag discrimination
D033,removed,src/compiler/checker.ts,10320,51,,,TS2345,2,,iterator done-flag discrimination
D034,removed,src/compiler/checker.ts,10324,76,,,TS2769,2,,iterator done-flag discrimination
D035,removed,src/compiler/checker.ts,10336,86,,,TS2345,2,,iterator done-flag discrimination
D038,removed,src/compiler/checker.ts,13986,47,,,TS2345,2,,iterator done-flag discrimination
D039,removed,src/compiler/checker.ts,13990,49,,,TS2345,2,,iterator done-flag discrimination
D040,removed,src/compiler/checker.ts,14643,66,,,TS2345,2,,iterator done-flag discrimination
D041,removed,src/compiler/checker.ts,15145,9,,,TS2322,2,,iterator done-flag discrimination
D042,removed,src/compiler/checker.ts,15695,41,,,TS18048,2,,iterator done-flag discrimination
D043,removed,src/compiler/checker.ts,15697,22,,,TS18048,2,,iterator done-flag discrimination
D044,removed,src/compiler/checker.ts,15697,47,,,TS18048,2,,iterator done-flag discrimination
D045,removed,src/compiler/checker.ts,15700,51,,,TS18048,2,,iterator done-flag discrimination
D046,removed,src/compiler/checker.ts,15701,42,,,TS2345,2,,iterator done-flag discrimination
D047,removed,src/compiler/checker.ts,15704,43,,,TS2345,2,,iterator done-flag discrimination
D048,removed,src/compiler/checker.ts,15706,52,,,TS2345,2,,iterator done-flag discrimination
D049,removed,src/compiler/checker.ts,16689,70,,,TS2345,2,,iterator done-flag discrimination
D050,removed,src/compiler/checker.ts,16693,62,,,TS2322,2,,iterator done-flag discrimination
D052,removed,src/compiler/checker.ts,1779,9,,,TS2322,2,,iterator done-flag discrimination
D055,removed,src/compiler/checker.ts,18662,15,,,TS2322,2,,iterator done-flag discrimination
D062,removed,src/compiler/checker.ts,25972,13,,,TS2322,2,,iterator done-flag discrimination
D063,removed,src/compiler/checker.ts,25974,9,,,TS2322,2,,iterator done-flag discrimination
D064,removed,src/compiler/checker.ts,2900,36,,,TS2488,2,,iterator done-flag discrimination
D065,removed,src/compiler/checker.ts,35290,33,,,TS2769,2,,iterator done-flag discrimination
D066,removed,src/compiler/checker.ts,35291,79,,,TS2345,2,,iterator done-flag discrimination
D075,removed,src/compiler/checker.ts,46734,64,,,TS2345,2,,iterator done-flag discrimination
D076,removed,src/compiler/checker.ts,46736,167,,,TS2345,2,,iterator done-flag discrimination
D078,removed,src/compiler/checker.ts,51465,110,,,TS2345,2,,iterator done-flag discrimination
D079,removed,src/compiler/checker.ts,51530,21,,,TS18048,2,,iterator done-flag discrimination
D080,removed,src/compiler/checker.ts,51532,25,,,TS18048,2,,iterator done-flag discrimination
D081,removed,src/compiler/checker.ts,51533,41,,,TS18048,2,,iterator done-flag discrimination
D098,removed,src/compiler/checker.ts,5564,33,,,TS2769,2,,iterator done-flag discrimination
D102,removed,src/compiler/checker.ts,8566,17,,,TS2322,2,,iterator done-flag discrimination
D103,removed,src/compiler/checker.ts,8861,21,,,TS2322,2,,iterator done-flag discrimination
D104,removed,src/compiler/checker.ts,9363,17,,,TS2322,2,,iterator done-flag discrimination
D105,removed,src/compiler/checker.ts,9591,37,,,TS2345,2,,iterator done-flag discrimination
D106,removed,src/compiler/commandLineParser.ts,1874,96,,,TS2345,2,,iterator done-flag discrimination
D111,removed,src/compiler/commandLineParser.ts,2689,66,,,TS2345,2,,iterator done-flag discrimination
D113,removed,src/compiler/commandLineParser.ts,3449,55,,,TS2322,2,,iterator done-flag discrimination
D114,removed,src/compiler/commandLineParser.ts,4014,5,,,TS2322,2,,iterator done-flag discrimination
D115,removed,src/compiler/core.ts,1637,11,,,TS2740,2,,project library omits ES2025 Set additions
D136,removed,src/compiler/program.ts,4988,28,,,TS2345,2,,iterator done-flag discrimination
D137,removed,src/compiler/program.ts,5038,14,,,TS2488,2,,iterator done-flag discrimination
D145,removed,src/compiler/resolutionCache.ts,1616,118,,,TS2345,2,,iterator done-flag discrimination
D146,removed,src/compiler/resolutionCache.ts,1618,39,,,TS18048,2,,iterator done-flag discrimination
D147,removed,src/compiler/resolutionCache.ts,1619,46,,,TS2345,2,,iterator done-flag discrimination
D148,removed,src/compiler/resolutionCache.ts,1619,74,,,TS2345,2,,iterator done-flag discrimination
D149,removed,src/compiler/resolutionCache.ts,1619,99,,,TS18048,2,,iterator done-flag discrimination
D176,removed,src/compiler/transformers/es2017.ts,325,21,,,TS2322,2,,iterator done-flag discrimination
D177,removed,src/compiler/transformers/es2017.ts,327,17,,,TS18048,2,,iterator done-flag discrimination
D190,removed,src/compiler/transformers/esnext.ts,205,52,,,TS2345,2,,iterator done-flag discrimination
D222,removed,src/compiler/transformers/jsx.ts,174,24,,,TS2488,2,,iterator done-flag discrimination
D223,removed,src/compiler/transformers/jsx.ts,187,172,,,TS18046,2,,iterator done-flag discrimination
D224,removed,src/compiler/transformers/jsx.ts,187,188,,,TS18046,2,,iterator done-flag discrimination
D232,removed,src/compiler/tsbuildPublic.ts,1064,76,,,TS18048,2,,iterator done-flag discrimination
D233,removed,src/compiler/tsbuildPublic.ts,1065,62,,,TS18048,2,,iterator done-flag discrimination
D234,removed,src/compiler/tsbuildPublic.ts,1066,42,,,TS18048,2,,iterator done-flag discrimination
D235,removed,src/compiler/tsbuildPublic.ts,1776,54,,,TS2345,2,,iterator done-flag discrimination
