file,line,column,code,message
src/compiler/debug.ts,865,16,TS2584,Cannot find name 'console'. Do you need to change your target library? Try changing the 'lib' compiler option to include 'dom'.
src/compiler/performanceCore.ts,35,37,TS2591,Cannot find name 'require'. Do you need to install type definitions for node? Try `npm i --save-dev @types/node` and then add 'node' to the types field in your tsconfig.
src/compiler/performanceCore.ts,35,84,TS2591,Cannot find name 'perf_hooks'. Do you need to install type definitions for node? Try `npm i --save-dev @types/node` and then add 'node' to the types field in your tsconfig.
src/compiler/sys.ts,1471,34,TS2591,Cannot find name 'fs'. Do you need to install type definitions for node? Try `npm i --save-dev @types/node` and then add 'node' to the types field in your tsconfig.
src/compiler/sys.ts,1471,42,TS2591,Cannot find name 'require'. Do you need to install type definitions for node? Try `npm i --save-dev @types/node` and then add 'node' to the types field in your tsconfig.
src/compiler/sys.ts,1472,36,TS2591,Cannot find name 'path'. Do you need to install type definitions for node? Try `npm i --save-dev @types/node` and then add 'node' to the types field in your tsconfig.
src/compiler/sys.ts,1472,46,TS2591,Cannot find name 'require'. Do you need to install type definitions for node? Try `npm i --save-dev @types/node` and then add 'node' to the types field in your tsconfig.
src/compiler/sys.ts,1473,21,TS2591,Cannot find name 'require'. Do you need to install type definitions for node? Try `npm i --save-dev @types/node` and then add 'node' to the types field in your tsconfig.
src/compiler/sys.ts,1475,36,TS2591,Cannot find name 'crypto'. Do you need to install type definitions for node? Try `npm i --save-dev @types/node` and then add 'node' to the types field in your tsconfig.
src/compiler/sys.ts,1477,23,TS2591,Cannot find name 'require'. Do you need to install type definitions for node? Try `npm i --save-dev @types/node` and then add 'node' to the types field in your tsconfig.
src/compiler/sys.ts,1482,35,TS2591,Cannot find name 'inspector'. Do you need to install type definitions for node? Try `npm i --save-dev @types/node` and then add 'node' to the types field in your tsconfig.
src/compiler/sys.ts,1485,25,TS2591,Cannot find name 'process'. Do you need to install type definitions for node? Try `npm i --save-dev @types/node` and then add 'node' to the types field in your tsconfig.
src/compiler/sys.ts,1486,32,TS2591,Cannot find name 'process'. Do you need to install type definitions for node? Try `npm i --save-dev @types/node` and then add 'node' to the types field in your tsconfig.
src/compiler/sys.ts,1492,56,TS2591,Cannot find name 'process'. Do you need to install type definitions for node? Try `npm i --save-dev @types/node` and then add 'node' to the types field in your tsconfig.
src/compiler/sys.ts,1499,35,TS2304,Cannot find name '__filename'.
src/compiler/sys.ts,1499,92,TS2304,Cannot find name '__dirname'.
src/compiler/sys.ts,1499,121,TS2304,Cannot find name '__filename'.
src/compiler/sys.ts,1501,44,TS2591,Cannot find name 'process'. Do you need to install type definitions for node? Try `npm i --save-dev @types/node` and then add 'node' to the types field in your tsconfig.
src/compiler/sys.ts,1502,51,TS2591,Cannot find name 'process'. Do you need to install type definitions for node? Try `npm i --save-dev @types/node` and then add 'node' to the types field in your tsconfig.
src/compiler/sys.ts,1517,27,TS2591,Cannot find name 'process'. Do you need to install type definitions for node? Try `npm i --save-dev @types/node` and then add 'node' to the types field in your tsconfig.
src/compiler/sys.ts,1518,38,TS2591,Cannot find name 'process'. Do you need to install type definitions for node? Try `npm i --save-dev @types/node` and then add 'node' to the types field in your tsconfig.
src/compiler/sys.ts,1519,32,TS2591,Cannot find name 'process'. Do you need to install type definitions for node? Try `npm i --save-dev @types/node` and then add 'node' to the types field in your tsconfig.
src/compiler/sys.ts,1525,19,TS2591,Cannot find name 'process'. Do you need to install type definitions for node? Try `npm i --save-dev @types/node` and then add 'node' to the types field in your tsconfig.
src/compiler/sys.ts,1529,17,TS2591,Cannot find name 'process'. Do you need to install type definitions for node? Try `npm i --save-dev @types/node` and then add 'node' to the types field in your tsconfig.
src/compiler/sys.ts,1532,24,TS2591,Cannot find name 'process'. Do you need to install type definitions for node? Try `npm i --save-dev @types/node` and then add 'node' to the types field in your tsconfig.
src/compiler/sys.ts,1535,24,TS2591,Cannot find name 'process'. Do you need to install type definitions for node? Try `npm i --save-dev @types/node` and then add 'node' to the types field in your tsconfig.
src/compiler/sys.ts,1567,24,TS2591,Cannot find name 'process'. Do you need to install type definitions for node? Try `npm i --save-dev @types/node` and then add 'node' to the types field in your tsconfig.
src/compiler/sys.ts,1576,21,TS2304,Cannot find name 'global'.
src/compiler/sys.ts,1577,21,TS2304,Cannot find name 'global'.
src/compiler/sys.ts,1579,24,TS2591,Cannot find name 'process'. Do you need to install type definitions for node? Try `npm i --save-dev @types/node` and then add 'node' to the types field in your tsconfig.
src/compiler/sys.ts,1589,42,TS2591,Cannot find name 'process'. Do you need to install type definitions for node? Try `npm i --save-dev @types/node` and then add 'node' to the types field in your tsconfig.
src/compiler/sys.ts,1593,68,TS2591,Cannot find name 'process'. Do you need to install type definitions for node? Try `npm i --save-dev @types/node` and then add 'node' to the types field in your tsconfig.
src/compiler/sys.ts,1593,112,TS2591,Cannot find name 'process'. Do you need to install type definitions for node? Try `npm i --save-dev @types/node` and then add 'node' to the types field in your tsconfig.
src/compiler/sys.ts,1595,26,TS2591,Cannot find name 'process'. Do you need to install type definitions for node? Try `npm i --save-dev @types/node` and then add 'node' to the types field in your tsconfig.
src/compiler/sys.ts,1595,62,TS2591,Cannot find name 'process'. Do you need to install type definitions for node? Try `npm i --save-dev @types/node` and then add 'node' to the types field in your tsconfig.
src/compiler/sys.ts,1595,107,TS2591,Cannot find name 'process'. Do you need to install type definitions for node? Try `npm i --save-dev @types/node` and then add 'node' to the types field in your tsconfig.
src/compiler/sys.ts,1595,180,TS2345,Argument of type 'unknown' is not assignable to parameter of type 'string'.
src/compiler/sys.ts,1595,192,TS2591,Cannot find name 'process'. Do you need to install type definitions for node? Try `npm i --save-dev @types/node` and then add 'node' to the types field in your tsconfig.
src/compiler/sys.ts,1598,22,TS2591,Cannot find name 'require'. Do you need to install type definitions for node? Try `npm i --save-dev @types/node` and then add 'node' to the types field in your tsconfig.
src/compiler/sys.ts,1607,17,TS2591,Cannot find name 'process'. Do you need to install type definitions for node? Try `npm i --save-dev @types/node` and then add 'node' to the types field in your tsconfig.
src/compiler/sys.ts,1610,33,TS2591,Cannot find name 'process'. Do you need to install type definitions for node? Try `npm i --save-dev @types/node` and then add 'node' to the types field in your tsconfig.
src/compiler/sys.ts,1615,36,TS2591,Cannot find name 'Buffer'. Do you need to install type definitions for node? Try `npm i --save-dev @types/node` and then add 'node' to the types field in your tsconfig.
src/compiler/sys.ts,1616,36,TS2591,Cannot find name 'Buffer'. Do you need to install type definitions for node? Try `npm i --save-dev @types/node` and then add 'node' to the types field in your tsconfig.
src/compiler/sys.ts,1620,38,TS2591,Cannot find name 'require'. Do you need to install type definitions for node? Try `npm i --save-dev @types/node` and then add 'node' to the types field in your tsconfig.
src/compiler/sys.ts,1630,49,TS2591,Cannot find name 'fs'. Do you need to install type definitions for node? Try `npm i --save-dev @types/node` and then add 'node' to the types field in your tsconfig.
src/compiler/sys.ts,1651,44,TS2591,Cannot find name 'inspector'. Do you need to install type definitions for node? Try `npm i --save-dev @types/node` and then add 'node' to the types field in your tsconfig.
src/compiler/sys.ts,1651,59,TS2591,Cannot find name 'require'. Do you need to install type definitions for node? Try `npm i --save-dev @types/node` and then add 'node' to the types field in your tsconfig.
src/compiler/sys.ts,1673,47,TS2591,Cannot find name 'inspector'. Do you need to install type definitions for node? Try `npm i --save-dev @types/node` and then add 'node' to the types field in your tsconfig.
src/compiler/sys.ts,1697,54,TS7006,Parameter 'err' implicitly has an 'any' type.
src/compiler/sys.ts,1697,61,TS7031,Binding element 'profile' implicitly has an 'any' type.
src/compiler/sys.ts,1700,120,TS2591,Cannot find name 'process'. Do you need to install type definitions for node? Try `npm i --save-dev @types/node` and then add 'node' to the types field in your tsconfig.
src/compiler/sys.ts,1729,41,TS2304,Cannot find name '__filename'.
src/compiler/sys.ts,1747,47,TS2591,Cannot find name 'fs'. Do you need to install type definitions for node? Try `npm i --save-dev @types/node` and then add 'node' to the types field in your tsconfig.
src/compiler/sys.ts,1747,73,TS2591,Cannot find name 'fs'. Do you need to install type definitions for node? Try `npm i --save-dev @types/node` and then add 'node' to the types field in your tsconfig.
src/compiler/sys.ts,1789,25,TS2591,Cannot find name 'Buffer'. Do you need to install type definitions for node? Try `npm i --save-dev @types/node` and then add 'node' to the types field in your tsconfig.
src/compiler/sys.ts,1854,38,TS2591,Cannot find name 'fs'. Do you need to install type definitions for node? Try `npm i --save-dev @types/node` and then add 'node' to the types field in your tsconfig.
src/compiler/sys.ts,1854,59,TS2591,Cannot find name 'fs'. Do you need to install type definitions for node? Try `npm i --save-dev @types/node` and then add 'node' to the types field in your tsconfig.
src/compiler/sys.ts,1884,96,TS2591,Cannot find name 'process'. Do you need to install type definitions for node? Try `npm i --save-dev @types/node` and then add 'node' to the types field in your tsconfig.
src/compiler/tracing.ts,41,27,TS2591,Cannot find name 'fs'. Do you need to install type definitions for node? Try `npm i --save-dev @types/node` and then add 'node' to the types field in your tsconfig.
src/compiler/tracing.ts,64,22,TS2591,Cannot find name 'require'. Do you need to install type definitions for node? Try `npm i --save-dev @types/node` and then add 'node' to the types field in your tsconfig.
src/compiler/tracing.ts,83,50,TS2591,Cannot find name 'process'. Do you need to install type definitions for node? Try `npm i --save-dev @types/node` and then add 'node' to the types field in your tsconfig.
src/compiler/tracing.ts,84,39,TS2591,Cannot find name 'process'. Do you need to install type definitions for node? Try `npm i --save-dev @types/node` and then add 'node' to the types field in your tsconfig.
