site,receiver,key,group,rule_shape_covered
src/compiler/binder.ts:1746:21,NodeArray<CaseOrDefaultClause>,number,array-derived,False
src/compiler/binder.ts:1757:28,NodeArray<CaseOrDefaultClause>,number,array-derived,False
src/compiler/checker.ts:12583:73,NodeArray<JsonObjectExpressionStatement>,0,array-derived,False
src/compiler/checker.ts:14176:16,{ inner?: Signature | undefined; outer?: Signature | undefined; },"""inner"" | ""outer""",finite-data-fields,True
src/compiler/checker.ts:17262:114,NodeArray<TypeNode | NamedTupleMember>,0,array-derived,False
src/compiler/checker.ts:19528:13,IndexedAccessType,"""simplifiedForWriting"" | ""simplifiedForReading""",finite-data-fields,True
src/compiler/checker.ts:19540:20,IndexedAccessType,"""simplifiedForWriting"" | ""simplifiedForReading""",finite-data-fields,True
src/compiler/checker.ts:19549:24,IndexedAccessType,"""simplifiedForWriting"" | ""simplifiedForReading""",finite-data-fields,True
src/compiler/checker.ts:19569:24,IndexedAccessType,"""simplifiedForWriting"" | ""simplifiedForReading""",finite-data-fields,True
src/compiler/checker.ts:19572:16,IndexedAccessType,"""simplifiedForWriting"" | ""simplifiedForReading""",finite-data-fields,True
src/compiler/checker.ts:20414:28,NodeArray<TypeNode | NamedTupleMember>,0,array-derived,False
src/compiler/checker.ts:21689:27,NodeArray<JsxChild>,number,array-derived,False
src/compiler/checker.ts:28835:20,NodeArray<Expression>,number,array-derived,False
src/compiler/checker.ts:29925:32,NodeArray<CaseOrDefaultClause>,number,array-derived,False
src/compiler/checker.ts:30127:38,NodeArray<Expression>,0,array-derived,False
src/compiler/checker.ts:31594:13,NodeArray<Expression>,2,array-derived,False
src/compiler/checker.ts:33201:27,NodeArray<ParameterDeclaration>,number,array-derived,False
src/compiler/checker.ts:33206:64,NodeArray<ParameterDeclaration>,0,array-derived,False
src/compiler/checker.ts:33342:23,NodeArray<Expression>,number,array-derived,False
src/compiler/checker.ts:37942:27,NodeArray<Expression>,0,array-derived,False
src/compiler/checker.ts:37944:79,NodeArray<Expression>,1,array-derived,False
src/compiler/checker.ts:37947:35,NodeArray<Expression>,number,array-derived,False
src/compiler/checker.ts:40244:26,NodeArray<ObjectLiteralElementLike>,number,array-derived,False
src/compiler/checker.ts:40298:17,NodeArray<Expression>,number,array-derived,False
src/compiler/checker.ts:40308:25,NodeArray<Expression>,number,array-derived,False
src/compiler/checker.ts:41428:23,NodeArray<ArrayBindingElement>,number,array-derived,False
src/compiler/checker.ts:42398:64,NodeArray<ParameterDeclaration>,0,array-derived,False
src/compiler/checker.ts:42693:21,NodeArray<TypeNode>,number,array-derived,False
src/compiler/checker.ts:45839:34,IterationTypes,"""yieldType"" | ""returnType"" | ""nextType""",finite-data-fields,True
src/compiler/checker.ts:45900:16,IterableOrIteratorType,"MatchingKeys<IterableOrIteratorType, IterationTypes | undefined>",finite-data-fields,True
src/compiler/checker.ts:45904:16,IterableOrIteratorType,"MatchingKeys<IterableOrIteratorType, IterationTypes | undefined>",finite-data-fields,True
src/compiler/checker.ts:46488:34,IterationTypes,"""yieldType"" | ""returnType"" | ""nextType""",finite-data-fields,True
src/compiler/checker.ts:52325:31,NodeArray<ParameterDeclaration>,number,array-derived,False
src/compiler/checker.ts:53652:50,NodeArray<Expression>,1,array-derived,False
src/compiler/debug.ts:1110:36,NodeArray<CaseOrDefaultClause>,number,array-derived,False
src/compiler/debug.ts:168:36,"Partial<Record<AssertionKeys, { level: AssertionLevel; assertion: AnyFunction; } | undefined>>",AssertionKeys,finite-data-fields,True
src/compiler/debug.ts:996:29,"Record<number, FlowGraphNode>",number,open-dictionary,False
src/compiler/emitter.ts:4013:35,NodeArray<Statement>,0,array-derived,False
src/compiler/emitter.ts:4116:43,NodeArray<JSDocTag>,0,array-derived,False
src/compiler/emitter.ts:4296:34,NodeArray<Statement>,0,array-derived,False
src/compiler/emitter.ts:4474:36,NodeArray<ModifierLike>,number,array-derived,False
src/compiler/factory/emitHelpers.ts:720:23,TemplateStringsArray,number,array-derived,False
src/compiler/factory/emitHelpers.ts:723:19,TemplateStringsArray,number,array-derived,False
src/compiler/parser.ts:10454:23,NodeArray<Node>,number,array-derived,False
src/compiler/parser.ts:10523:39,NodeArray<Node>,number,array-derived,False
src/compiler/parser.ts:10787:26,"readonly [PragmaArgumentSpecification<string>] | readonly [PragmaArgumentSpecification<string>, PragmaArgumentSpecification<string>] | readonly [...] | readonly [...]",number,fixed-tuple-union,True
src/compiler/parser.ts:1876:35,NodeArray<Statement>,number,array-derived,False
src/compiler/parser.ts:1877:35,NodeArray<Statement>,number,array-derived,False
src/compiler/parser.ts:1925:35,NodeArray<Statement>,number,array-derived,False
src/compiler/parser.ts:1945:51,NodeArray<Statement>,number,array-derived,False
src/compiler/parser.ts:1954:52,NodeArray<Statement>,number,array-derived,False
src/compiler/parser.ts:6056:53,NodeArray<JsxChild>,number,array-derived,False
src/compiler/program.ts:996:18,NodeArray<ImportAttribute>,0,array-derived,False
src/compiler/resolutionCache.ts:273:22,Readonly<PathPathComponents>,0,array-derived,False
src/compiler/resolutionCache.ts:275:9,Readonly<PathPathComponents>,0,array-derived,False
src/compiler/resolutionCache.ts:293:9,Readonly<PathPathComponents>,number,array-derived,False
src/compiler/resolutionCache.ts:333:13,Readonly<PathPathComponents>,number,array-derived,False
src/compiler/resolutionCache.ts:426:17,Readonly<PathPathComponents>,number,array-derived,False
src/compiler/resolutionCache.ts:451:25,Readonly<PathPathComponents>,number,array-derived,False
src/compiler/scanner.ts:3509:69,{ General_Category: Set<string>; Script: Set<string>; Script_Extensions: Set<string>; },"""General_Category"" | ""Script"" | ""Script_Extensions""",finite-data-fields,True
src/compiler/sourcemap.ts:810:25,SortedReadonlyArray<MappedPosition>,number,array-derived,False
src/compiler/sys.ts:291:84,{ 250: number; 500: number; 2000: number; },PollingInterval,finite-data-fields,True
src/compiler/sys.ts:333:53,{ 2000: number; 500: number; 250: number; },PollingInterval,finite-data-fields,True
src/compiler/sys.ts:485:73,{ 250: number; 500: number; 2000: number; },PollingInterval.Low,finite-data-fields,True
src/compiler/transformers/classThis.ts:77:23,NodeArray<Statement>,0,array-derived,False
src/compiler/transformers/declarations/diagnostics.ts:722:51,NodeArray<ParameterDeclaration>,0,array-derived,False
src/compiler/transformers/es2015.ts:1361:48,NodeArray<VariableDeclaration>,0,array-derived,False
src/compiler/transformers/es2015.ts:1382:13,NodeArray<Expression>,0,array-derived,False
src/compiler/transformers/es2015.ts:1459:31,NodeArray<Statement>,number,array-derived,False
src/compiler/transformers/es2015.ts:1476:35,NodeArray<Statement>,number,array-derived,False
src/compiler/transformers/es2015.ts:1573:31,NodeArray<Statement>,number,array-derived,False
src/compiler/transformers/es2015.ts:1704:26,NodeArray<Expression>,1,array-derived,False
src/compiler/transformers/es2015.ts:2715:29,NodeArray<Expression>,number,array-derived,False
src/compiler/transformers/es2015.ts:2729:18,NodeArray<VariableDeclaration>,0,array-derived,False
src/compiler/transformers/es2015.ts:3317:30,NodeArray<ObjectLiteralElementLike>,number,array-derived,False
src/compiler/transformers/es2015.ts:4096:30,NodeArray<ObjectLiteralElementLike>,number,array-derived,False
src/compiler/transformers/es2018.ts:632:29,NodeArray<Expression>,number,array-derived,False
src/compiler/transformers/generators.ts:2044:31,NodeArray<Node>,number,array-derived,False
src/compiler/transformers/namedEvaluation.ts:144:23,NodeArray<Statement>,0,array-derived,False
src/compiler/transformers/ts.ts:1351:32,NodeArray<Statement>,number,array-derived,False
src/compiler/transformers/utilities.ts:549:27,NodeArray<Statement>,number,array-derived,False
src/compiler/transformers/utilities.ts:656:86,NodeArray<ParameterDeclaration>,0,array-derived,False
src/compiler/utilities.ts:1251:34,JSDocArray,0,array-derived,False
src/compiler/utilities.ts:2355:55,NodeArray<ParameterDeclaration>,0,array-derived,False
src/compiler/utilities.ts:3856:17,NodeArray<Expression>,0,array-derived,False
src/compiler/utilities.ts:4125:38,NodeArray<Expression>,1,array-derived,False
src/compiler/utilities.ts:4418:20,NodeArray<Expression>,0,array-derived,False
src/compiler/utilities.ts:8605:43,MapLike<string>,string,open-dictionary,False
src/compiler/utilities.ts:9370:12,CompilerOptions,StrictOptionName,open-dictionary,False
src/compiler/utilitiesPublic.ts:1353:53,NodeArray<TypeParameterDeclaration>,0,array-derived,False
src/compiler/visitorPublic.ts:423:27,NodeArray<ParameterDeclaration>,number,array-derived,False
