file	baseline_exit	final_exit
stage1/cohere/css/compose.ts	0	0
stage1/cohere/css/compose_main.ts	0	0
stage1/cohere/css/convert.ts	0	0
stage1/cohere/css/gaps/1_regex_and_value_tree.ts	0	0
stage1/cohere/css/gaps/6_printer_regex_tree.ts	0	0
stage1/cohere/css/gaps/printer_boundaries.ts	0	0
stage1/cohere/css/input.ts	0	0
stage1/cohere/css/location.ts	0	0
stage1/cohere/css/main.ts	0	0
stage1/cohere/css/nodes.ts	0	0
stage1/cohere/css/parse_value.ts	0	0
stage1/cohere/css/parser.ts	0	0
stage1/cohere/css/print.ts	0	0
stage1/cohere/css/print_doc.ts	0	0
stage1/cohere/css/print_main.ts	0	0
stage1/cohere/css/print_utilities.ts	0	0
stage1/cohere/css/print_width_data.ts	0	0
stage1/cohere/css/testdata/composition_range_guard.ts	0	0
stage1/cohere/css/testdata/range_guard.ts	0	0
stage1/cohere/css/testdata/shared_slice_append.ts	0	0
stage1/cohere/css/tokenize.ts	0	0
stage1/cohere/css/tree.ts	0	0
stage1/cohere/cssnumbers/main.ts	0	0
stage1/cohere/cssnumbers/numbers.ts	0	0
stage1/cohere/cssstrings/main.ts	0	0
stage1/cohere/cssstrings/strings.ts	0	0
stage1/cohere/formatfiles/disk.ts	0	0
stage1/cohere/formatfiles/enumerate.ts	0	0
stage1/cohere/formatfiles/golang.ts	0	0
stage1/cohere/formatfiles/main.ts	0	0
stage1/cohere/gitignore/case.ts	0	0
stage1/cohere/gitignore/gaps/1_from_char_code.ts	0	0
stage1/cohere/gitignore/gaps/2_bitwise.ts	0	0
stage1/cohere/gitignore/gaps/3_later_function.ts	0	0
stage1/cohere/gitignore/gaps/3_later_method.ts	0	0
stage1/cohere/gitignore/gaps/4_function_value.ts	0	0
stage1/cohere/gitignore/gaps/5_array_from.ts	0	0
stage1/cohere/gitignore/gaps/6_boolean_element.ts	0	0
stage1/cohere/gitignore/gaps/7_maybe_number_compared.ts	0	0
stage1/cohere/gitignore/gaps/8_tuple_value.ts	0	0
stage1/cohere/gitignore/gaps/9_return_panic.ts	0	0
stage1/cohere/gitignore/gitignore.ts	0	0
stage1/cohere/gitignore/glob.ts	0	0
stage1/cohere/gitignore/main.ts	0	0
stage1/cohere/gitignore/path.ts	0	0
stage1/cohere/gitignore/pathsweep.ts	0	0
stage1/cohere/graphql/blockString.ts	0	0
stage1/cohere/graphql/characterClasses.ts	0	0
stage1/cohere/graphql/gaps/1_throwing_function_value.ts	0	0
stage1/cohere/graphql/lexer.ts	0	0
stage1/cohere/graphql/main.ts	0	0
stage1/cohere/graphql/parser.ts	0	0
stage1/cohere/graphql/token.ts	0	0
stage1/cohere/json/doc.ts	0	0
stage1/cohere/json/formatter.ts	0	0
stage1/cohere/json/identifierTables.ts	0	0
stage1/cohere/json/main.ts	0	0
stage1/cohere/json/parser.ts	0	0
stage1/cohere/json/width.ts	0	0
stage1/cohere/json/widthTables.ts	0	0
stage1/cohere/lint/comments.ts	0	0
stage1/cohere/lint/context.ts	0	0
stage1/cohere/lint/finding.ts	0	0
stage1/cohere/lint/gaps/5_parser_recovery.ts	0	0
stage1/cohere/lint/helpers/comments/all.ts	0	0
stage1/cohere/lint/helpers/comments/can_begin_at.ts	0	0
stage1/cohere/lint/helpers/comments/collect_list_interiors.ts	0	0
stage1/cohere/lint/helpers/comments/comment.ts	0	0
stage1/cohere/lint/helpers/comments/for_file.ts	0	0
stage1/cohere/lint/helpers/comments/main.ts	0	0
stage1/cohere/lint/helpers/comments/sort_by_position.ts	0	0
stage1/cohere/lint/helpers/main.ts	0	0
stage1/cohere/lint/helpers/option_schema.ts	0	0
stage1/cohere/lint/helpers/options_json.ts	0	0
stage1/cohere/lint/helpers/policy_message.ts	0	0
stage1/cohere/lint/helpers/strict_options.ts	0	0
stage1/cohere/lint/rules/adamic-no-type-predicate/messages.ts	0	0
stage1/cohere/lint/rules/adamic-no-type-predicate/rule.ts	0	0
stage1/cohere/lint/rules/base-consistency-no-console/messages.ts	0	0
stage1/cohere/lint/rules/base-consistency-no-console/rule.ts	0	0
stage1/cohere/lint/rules/eqeqeq/messages.ts	0	0
stage1/cohere/lint/rules/eqeqeq/rule.ts	0	0
stage1/cohere/lint/rules/nexus-consistency-no-enum/messages.ts	0	0
stage1/cohere/lint/rules/nexus-consistency-no-enum/rule.ts	0	0
stage1/cohere/lint/rules/nexus-consistency-require-type-suffix/messages.ts	0	0
stage1/cohere/lint/rules/nexus-consistency-require-type-suffix/rule.ts	0	0
stage1/cohere/lint/rules/no-await-in-loop/messages.ts	0	0
stage1/cohere/lint/rules/no-await-in-loop/rule.ts	0	0
stage1/cohere/lint/rules/no-bitwise/messages.ts	0	0
stage1/cohere/lint/rules/no-bitwise/rule.ts	0	0
stage1/cohere/lint/rules/no-continue/messages.ts	0	0
stage1/cohere/lint/rules/no-continue/rule.ts	0	0
stage1/cohere/lint/rules/no-debugger/messages.ts	0	0
stage1/cohere/lint/rules/no-debugger/rule.ts	0	0
stage1/cohere/lint/rules/no-div-regex/messages.ts	0	0
stage1/cohere/lint/rules/no-div-regex/rule.ts	0	0
stage1/cohere/lint/rules/no-duplicate-case/messages.ts	0	0
stage1/cohere/lint/rules/no-duplicate-case/rule.ts	0	0
stage1/cohere/lint/rules/no-empty/messages.ts	0	0
stage1/cohere/lint/rules/no-empty/rule.ts	0	0
stage1/cohere/lint/rules/no-labels/messages.ts	0	0
stage1/cohere/lint/rules/no-labels/rule.ts	0	0
stage1/cohere/lint/rules/no-negated-condition/messages.ts	0	0
stage1/cohere/lint/rules/no-negated-condition/rule.ts	0	0
stage1/cohere/lint/rules/no-new/messages.ts	0	0
stage1/cohere/lint/rules/no-new/rule.ts	0	0
stage1/cohere/lint/rules/no-octal-escape/messages.ts	0	0
stage1/cohere/lint/rules/no-octal-escape/rule.ts	0	0
stage1/cohere/lint/rules/no-plusplus/messages.ts	0	0
stage1/cohere/lint/rules/no-plusplus/rule.ts	0	0
stage1/cohere/lint/rules/no-return-assign/messages.ts	0	0
stage1/cohere/lint/rules/no-return-assign/rule.ts	0	0
stage1/cohere/lint/rules/no-sequences/messages.ts	0	0
stage1/cohere/lint/rules/no-sequences/rule.ts	0	0
stage1/cohere/lint/rules/no-sparse-arrays/messages.ts	0	0
stage1/cohere/lint/rules/no-sparse-arrays/rule.ts	0	0
stage1/cohere/lint/rules/no-template-curly-in-string/messages.ts	0	0
stage1/cohere/lint/rules/no-template-curly-in-string/rule.ts	0	0
stage1/cohere/lint/rules/no-unexpected-multiline/messages.ts	0	0
stage1/cohere/lint/rules/no-unexpected-multiline/rule.ts	0	0
stage1/cohere/lint/rules/no-unneeded-ternary/messages.ts	0	0
stage1/cohere/lint/rules/no-unneeded-ternary/rule.ts	0	0
stage1/cohere/lint/rules/no-unused-private-class-members/rule.ts	0	0
stage1/cohere/lint/rules/no-useless-constructor/messages.ts	0	0
stage1/cohere/lint/rules/no-useless-constructor/rule.ts	0	0
stage1/cohere/lint/rules/no-var/messages.ts	0	0
stage1/cohere/lint/rules/no-var/rule.a	0	0
stage1/cohere/lint/rules/no-warning-comments/messages.ts	0	0
stage1/cohere/lint/rules/no-warning-comments/rule.ts	0	0
stage1/cohere/lint/rules/no-with/messages.ts	0	0
stage1/cohere/lint/rules/no-with/rule.ts	0	0
stage1/cohere/lint/rules/prefer-template/messages.ts	0	0
stage1/cohere/lint/rules/prefer-template/rule.ts	0	0
stage1/cohere/lint/rules/react-forward-ref-uses-ref/messages.ts	0	0
stage1/cohere/lint/rules/react-forward-ref-uses-ref/rule.ts	0	0
stage1/cohere/lint/rules/react-jsx-no-comment-textnodes/messages.ts	0	0
stage1/cohere/lint/rules/react-jsx-no-comment-textnodes/rule.ts	0	0
stage1/cohere/lint/rules/react-no-find-dom-node/messages.ts	0	0
stage1/cohere/lint/rules/react-no-find-dom-node/rule.ts	0	0
stage1/cohere/lint/rules/react-no-is-mounted/messages.ts	0	0
stage1/cohere/lint/rules/react-no-is-mounted/rule.ts	0	0
stage1/cohere/lint/rules/react-no-redundant-should-component-update/rule.ts	0	0
stage1/cohere/lint/rules/require-yield/messages.ts	0	0
stage1/cohere/lint/rules/require-yield/rule.ts	0	0
stage1/cohere/lint/rules/typescript-method-signature-style/messages.ts	0	0
stage1/cohere/lint/rules/typescript-method-signature-style/rule.ts	0	0
stage1/cohere/lint/rules/typescript-no-wrapper-object-types/messages.ts	0	0
stage1/cohere/lint/rules/typescript-no-wrapper-object-types/rule.ts	0	0
stage1/cohere/lint/rules/typescript-prefer-literal-enum-member/messages.ts	0	0
stage1/cohere/lint/rules/typescript-prefer-literal-enum-member/rule.ts	0	0
stage1/cohere/lint/rules/unicode-bom/messages.ts	0	0
stage1/cohere/lint/rules/unicode-bom/rule.ts	0	0
stage1/cohere/lint/rules/vars-on-top/messages.ts	0	0
stage1/cohere/lint/rules/vars-on-top/rule.ts	0	0
stage1/cohere/lint/settings.ts	0	0
stage1/cohere/lint/suggestions.a	0	0
stage1/cohere/lint/testdata/serialization/rule.a	0	0
stage1/cohere/lint/unicode.ts	0	0
stage1/cohere/markdownblocks/astArena.ts	0	0
stage1/cohere/markdownblocks/astLists.ts	0	0
stage1/cohere/markdownblocks/astPreprocess.ts	0	0
stage1/cohere/markdownblocks/astProtocol.ts	0	0
stage1/cohere/markdownblocks/astSource.ts	0	0
stage1/cohere/markdownblocks/astWalk.ts	0	0
stage1/cohere/markdownblocks/children.ts	0	0
stage1/cohere/markdownblocks/codeblocks.ts	0	0
stage1/cohere/markdownblocks/codec.ts	0	0
stage1/cohere/markdownblocks/commandStack.ts	0	0
stage1/cohere/markdownblocks/decodeString.ts	0	0
stage1/cohere/markdownblocks/document.ts	0	0
stage1/cohere/markdownblocks/emojiMatcher.ts	0	0
stage1/cohere/markdownblocks/frontmatter.ts	0	0
stage1/cohere/markdownblocks/gaps/3_recursive_callable.ts	0	0
stage1/cohere/markdownblocks/gaps/6_uninitialized_optional_string.ts	0	0
stage1/cohere/markdownblocks/htmlblocks.ts	0	0
stage1/cohere/markdownblocks/inputChunks.ts	0	0
stage1/cohere/markdownblocks/leaves.ts	0	0
stage1/cohere/markdownblocks/lists.ts	0	0
stage1/cohere/markdownblocks/lowerEntityNames.ts	0	0
stage1/cohere/markdownblocks/lowerEntityValues.ts	0	0
stage1/cohere/markdownblocks/preprocess.ts	0	0
stage1/cohere/markdownblocks/preservedLabel.ts	0	0
stage1/cohere/markdownblocks/quotePrefix.ts	0	0
stage1/cohere/markdownblocks/quotes.ts	0	0
stage1/cohere/markdownblocks/root.ts	0	0
stage1/cohere/markdownblocks/splitText.ts	0	0
stage1/cohere/markdownblocks/structure.ts	0	0
stage1/cohere/markdownblocks/tables.ts	0	0
stage1/cohere/markdownblocks/testdata/ast_probe.ts	0	0
stage1/cohere/markdownblocks/testdata/chunks_probe.ts	0	0
stage1/cohere/markdownblocks/testdata/decode_probe.ts	0	0
stage1/cohere/markdownblocks/testdata/frontmatter_probe.ts	0	0
stage1/cohere/markdownblocks/testdata/list_probe.ts	0	0
stage1/cohere/markdownblocks/testdata/prefix_probe.ts	0	0
stage1/cohere/markdownblocks/testdata/text_probe.ts	0	0
stage1/cohere/markdownblocks/testdata/whitespace_probe.ts	0	0
stage1/cohere/markdownblocks/testdata/width_probe.ts	0	0
stage1/cohere/markdownblocks/textClasses.ts	0	0
stage1/cohere/markdownblocks/textTokens.ts	0	0
stage1/cohere/markdownblocks/upperEntityNames.ts	0	0
stage1/cohere/markdownblocks/upperEntityValues.ts	0	0
stage1/cohere/markdownblocks/whitespace.ts	0	0
stage1/cohere/markdownblocks/whitespaceCodec.ts	0	0
stage1/cohere/markdownblocks/width.ts	0	0
stage1/cohere/markdownblocks/widthRuneRanges.ts	0	0
stage1/cohere/markdownblocks/widthTables.ts	0	0
stage1/cohere/markdowninline/classes.ts	0	0
stage1/cohere/markdowninline/gaps/1_delimiter_expression.ts	0	0
stage1/cohere/markdowninline/inline.ts	0	0
stage1/cohere/markdowninline/main.ts	0	0
stage1/cohere/mediaquery/gaps/1_generic_parameter.ts	0	0
stage1/cohere/mediaquery/gaps/1_generic_return.ts	0	0
stage1/cohere/mediaquery/gaps/2_return_undefined.ts	0	0
stage1/cohere/mediaquery/gaps/3_optional_chaining_array.ts	0	0
stage1/cohere/mediaquery/gaps/4_mutable_child_array.ts	0	0
stage1/cohere/mediaquery/gaps/5_local_children_array.ts	0	0
stage1/cohere/mediaquery/index.ts	0	0
stage1/cohere/mediaquery/main.ts	0	0
stage1/cohere/mediaquery/nodes.ts	0	0
stage1/cohere/mediaquery/parsers.ts	0	0
stage1/cohere/mediaquery/whitespace.ts	0	0
stage1/cohere/selector/main.ts	0	0
stage1/cohere/selector/nodes.ts	0	0
stage1/cohere/selector/parser.ts	0	0
stage1/cohere/selector/source.ts	0	0
stage1/cohere/selector/tokenize.ts	0	0
stage1/cohere/suppression/directives.ts	0	0
stage1/cohere/suppression/gaps/1_mutual_recursion.ts	0	0
stage1/cohere/suppression/gaps/2_return_undefined_array.ts	0	0
stage1/cohere/suppression/main.ts	0	0
stage1/cohere/suppression/scan.ts	0	0
stage1/cohere/suppression/suppression.ts	0	0
stage1/cohere/typeaware/assignment.ts	0	0
stage1/cohere/typeaware/binding.ts	0	0
stage1/cohere/typeaware/bound.ts	0	0
stage1/cohere/typeaware/completion.ts	0	0
stage1/cohere/typeaware/diagnostic.ts	0	0
stage1/cohere/typeaware/facts.ts	0	0
stage1/cohere/typeaware/flags.ts	0	0
stage1/cohere/typeaware/frames.ts	0	0
stage1/cohere/typeaware/parameters.ts	0	0
stage1/cohere/typeaware/repair.ts	0	0
stage1/cohere/typeaware/returns.ts	0	0
stage1/cohere/typeaware/rules.ts	0	0
stage1/cohere/typeaware/scope.ts	0	0
stage1/cohere/typeaware/shadow.ts	0	0
stage1/cohere/typeaware/suggestion.ts	0	0
stage1/cohere/typeaware/testdata/facts_decode.ts	0	0
stage1/cohere/typeaware/type_fact.ts	0	0
stage1/cohere/typeaware/types.ts	0	0
stage1/cohere/typeaware/unary_minus.ts	0	0
stage1/cohere/typeaware/unbound.ts	0	0
stage1/cohere/typeaware/void.ts	0	0
stage1/cohere/typeaware/volume.ts	0	0
stage1/cohere/values/gaps/1_index_of_position.ts	0	0
stage1/cohere/values/gaps/4_private_method.ts	0	0
stage1/cohere/values/main.ts	0	0
stage1/cohere/values/nodes.ts	0	0
stage1/cohere/values/parser.ts	0	0
stage1/cohere/values/tokenize.ts	0	0
stage1/cohere/values/values.ts	0	0
stage1/typescript/parser/grammar.ts	0	0
stage1/typescript/parser/jsx.ts	0	0
stage1/typescript/parser/lookahead.ts	0	0
stage1/typescript/parser/main.ts	0	0
stage1/typescript/parser/nodes.ts	0	0
stage1/typescript/parser/parser.ts	0	0
stage1/typescript/parser/statements.ts	0	0
stage1/typescript/scanner/characters.ts	0	0
stage1/typescript/scanner/main.ts	0	0
stage1/typescript/scanner/scanner.ts	0	0
stage1/typescript/scanner/tokens.ts	0	0
stage3/fixtures/assertions/10_union_kind.a	0	0
stage3/fixtures/assertions/18_const_tuple.a	0	0
stage3/fixtures/objects/07_synthetic_reference.a	0	0
stage3/fixtures/objects/23_factory_getters.a	0	0
stage3/fixtures/objects/24_transformation_accessors.a	0	0
stage3/fixtures/records/input-fixtures/01_paths-missing_constructor/target.a	0	0
stage3/fixtures/records/input-fixtures/02_paths-missing_toString/target.a	0	0
stage3/fixtures/records/input-fixtures/03_paths-missing_hasOwnProperty/target.a	0	0
stage3/fixtures/records/input-fixtures/04_paths-missing___proto__/target.a	0	0
stage3/fixtures/records/input-fixtures/05_paths-own_constructor/target.a	0	0
stage3/fixtures/records/input-fixtures/06_paths-own_toString/target.a	0	0
stage3/fixtures/records/input-fixtures/07_paths-own_hasOwnProperty/target.a	0	0
stage3/fixtures/records/input-fixtures/08_paths-own___proto__/target.a	0	0
stage3/fixtures/records/input-fixtures/09_exports-missing_constructor/node_modules/pkg/target.d.a	0	0
stage3/fixtures/records/input-fixtures/10_exports-missing_toString/node_modules/pkg/target.d.a	0	0
stage3/fixtures/records/input-fixtures/11_exports-missing_hasOwnProperty/node_modules/pkg/target.d.a	0	0
stage3/fixtures/records/input-fixtures/12_exports-missing___proto__/node_modules/pkg/target.d.a	0	0
stage3/fixtures/records/input-fixtures/13_exports-own_constructor/node_modules/pkg/target.d.a	0	0
stage3/fixtures/records/input-fixtures/14_exports-own_toString/node_modules/pkg/target.d.a	0	0
stage3/fixtures/records/input-fixtures/15_exports-own_hasOwnProperty/node_modules/pkg/target.d.a	0	0
stage3/fixtures/records/input-fixtures/16_exports-own___proto__/node_modules/pkg/target.d.a	0	0
stage3/fixtures/records/input-fixtures/17_typesVersions-own_constructor/node_modules/pkg/target.d.a	0	0
stage3/fixtures/records/input-fixtures/18_typesVersions-own_toString/node_modules/pkg/target.d.a	0	0
stage3/fixtures/records/input-fixtures/19_typesVersions-own_hasOwnProperty/node_modules/pkg/target.d.a	0	0
stage3/fixtures/records/input-fixtures/20_typesVersions-own___proto__/node_modules/pkg/target.d.a	0	0
stage3/fixtures/runner/03_return_true.a	0	0
stage3/fixtures/taste/support/core.a	0	0
