id,file,line,column,code
D011,src/compiler/builder.ts,2273,9,TS2375
D012,src/compiler/builder.ts,2310,9,TS2375
D051,src/compiler/checker.ts,1683,9,TS2322
D095,src/compiler/checker.ts,5311,45,TS2322
D099,src/compiler/checker.ts,6035,9,TS2375
D100,src/compiler/checker.ts,7837,133,TS2379
D101,src/compiler/checker.ts,8082,62,TS2379
D036,src/compiler/checker.ts,10941,33,TS2379
D037,src/compiler/checker.ts,12034,30,TS18048
D053,src/compiler/checker.ts,17890,21,TS2412
D054,src/compiler/checker.ts,17946,29,TS2769
D056,src/compiler/checker.ts,19044,25,TS2769
D057,src/compiler/checker.ts,20595,32,TS2722
D058,src/compiler/checker.ts,20618,50,TS2345
D059,src/compiler/checker.ts,21434,98,TS2379
D060,src/compiler/checker.ts,22498,29,TS2556
D061,src/compiler/checker.ts,22498,32,TS2488
D067,src/compiler/checker.ts,38430,64,TS2345
D068,src/compiler/checker.ts,42849,65,TS2345
D069,src/compiler/checker.ts,43517,20,TS2412
D070,src/compiler/checker.ts,43740,86,TS2379
D071,src/compiler/checker.ts,46114,128,TS2345
D072,src/compiler/checker.ts,46114,208,TS2345
D073,src/compiler/checker.ts,46128,128,TS2345
D074,src/compiler/checker.ts,46159,176,TS2345
D077,src/compiler/checker.ts,50153,121,TS2532
D082,src/compiler/checker.ts,52426,13,TS18048
D083,src/compiler/checker.ts,52427,39,TS18048
D084,src/compiler/checker.ts,52429,35,TS2345
D085,src/compiler/checker.ts,52430,39,TS18048
D086,src/compiler/checker.ts,52432,13,TS18048
D087,src/compiler/checker.ts,52433,39,TS18048
D088,src/compiler/checker.ts,52435,13,TS18048
D089,src/compiler/checker.ts,52436,39,TS18048
D090,src/compiler/checker.ts,52438,14,TS18048
D091,src/compiler/checker.ts,52439,39,TS18048
D092,src/compiler/checker.ts,52441,42,TS18048
D093,src/compiler/checker.ts,52443,39,TS18048
D094,src/compiler/checker.ts,52446,39,TS18048
D096,src/compiler/checker.ts,54261,5,TS2375
D097,src/compiler/checker.ts,54329,7,TS2420
D107,src/compiler/commandLineParser.ts,2077,79,TS2345
D108,src/compiler/commandLineParser.ts,2301,91,TS18046
D109,src/compiler/commandLineParser.ts,2663,9,TS2375
D110,src/compiler/commandLineParser.ts,2677,9,TS2322
D112,src/compiler/commandLineParser.ts,2952,13,TS2322
D116,src/compiler/moduleNameResolver.ts,132,13,TS2375
D118,src/compiler/moduleNameResolver.ts,286,9,TS2322
D119,src/compiler/moduleNameResolver.ts,474,36,TS2322
D120,src/compiler/moduleNameResolver.ts,627,9,TS2375
D121,src/compiler/moduleNameResolver.ts,635,5,TS2375
D122,src/compiler/moduleNameResolver.ts,642,143,TS2345
D123,src/compiler/moduleNameResolver.ts,644,144,TS2345
D124,src/compiler/moduleNameResolver.ts,647,35,TS2345
D125,src/compiler/moduleNameResolver.ts,648,5,TS2322
D117,src/compiler/moduleNameResolver.ts,2772,21,TS2322
D128,src/compiler/program.ts,406,25,TS18046
D132,src/compiler/program.ts,441,25,TS18046
D133,src/compiler/program.ts,472,11,TS2375
D126,src/compiler/program.ts,1876,11,TS2375
D127,src/compiler/program.ts,2599,9,TS2375
D129,src/compiler/program.ts,4157,64,TS2345
D130,src/compiler/program.ts,4160,69,TS2345
D131,src/compiler/program.ts,4160,95,TS2345
D134,src/compiler/program.ts,4956,9,TS2412
D135,src/compiler/program.ts,4957,9,TS2412
D138,src/compiler/program.ts,5107,5,TS2375
D150,src/compiler/resolutionCache.ts,990,43,TS2379
D139,src/compiler/resolutionCache.ts,1019,43,TS2379
D140,src/compiler/resolutionCache.ts,1282,21,TS2322
D141,src/compiler/resolutionCache.ts,1297,17,TS2322
D142,src/compiler/resolutionCache.ts,1332,58,TS2375
D143,src/compiler/resolutionCache.ts,1332,58,TS2379
D144,src/compiler/resolutionCache.ts,1386,9,TS2412
D151,src/compiler/sourcemap.ts,216,58,TS2345
D152,src/compiler/sys.ts,1281,43,TS18046
D153,src/compiler/sys.ts,1617,13,TS2322
D154,src/compiler/sys.ts,1708,56,TS2345
D155,src/compiler/transformer.ts,367,9,TS2532
D156,src/compiler/transformer.ts,395,9,TS2532
D157,src/compiler/transformer.ts,563,9,TS2322
D158,src/compiler/transformer.ts,564,9,TS2322
D159,src/compiler/transformer.ts,565,9,TS2322
D160,src/compiler/transformer.ts,614,9,TS2322
D161,src/compiler/transformers/classFields.ts,1835,21,TS2532
D162,src/compiler/transformers/classFields.ts,2251,45,TS2538
D163,src/compiler/transformers/classFields.ts,2252,97,TS18048
D164,src/compiler/transformers/classFields.ts,2253,27,TS18048
D165,src/compiler/transformers/classFields.ts,2297,52,TS2345
D166,src/compiler/transformers/classFields.ts,2376,56,TS2345
D167,src/compiler/transformers/classFields.ts,2745,16,TS2375
D168,src/compiler/transformers/classFields.ts,2864,52,TS2345
D169,src/compiler/transformers/classFields.ts,2896,52,TS2345
D170,src/compiler/transformers/declarations.ts,1678,110,TS2345
D171,src/compiler/transformers/es2015.ts,2803,38,TS2532
D172,src/compiler/transformers/es2015.ts,3046,64,TS2532
D173,src/compiler/transformers/es2015.ts,4437,29,TS2345
D174,src/compiler/transformers/es2015.ts,4691,34,TS2532
D175,src/compiler/transformers/es2015.ts,4693,13,TS2532
D178,src/compiler/transformers/es2017.ts,599,86,TS2532
D179,src/compiler/transformers/es2017.ts,764,38,TS18048
D180,src/compiler/transformers/es2017.ts,765,25,TS18048
D181,src/compiler/transformers/es2017.ts,765,58,TS18048
D182,src/compiler/transformers/es2017.ts,767,76,TS18048
D183,src/compiler/transformers/es2017.ts,770,44,TS18048
D187,src/compiler/transformers/esDecorators.ts,351,9,TS2322
D188,src/compiler/transformers/esDecorators.ts,398,13,TS2322
D184,src/compiler/transformers/esDecorators.ts,1164,45,TS2538
D185,src/compiler/transformers/esDecorators.ts,1165,97,TS18048
D186,src/compiler/transformers/esDecorators.ts,1192,80,TS18048
D189,src/compiler/transformers/esnext.ts,183,34,TS2345
D191,src/compiler/transformers/esnext.ts,344,44,TS2345
D192,src/compiler/transformers/esnext.ts,384,36,TS2345
D193,src/compiler/transformers/esnext.ts,767,34,TS2345
D194,src/compiler/transformers/esnext.ts,767,70,TS2345
D195,src/compiler/transformers/generators.ts,1283,39,TS2345
D196,src/compiler/transformers/generators.ts,1370,35,TS18048
D197,src/compiler/transformers/generators.ts,1374,70,TS2345
D198,src/compiler/transformers/generators.ts,1684,46,TS2532
D199,src/compiler/transformers/generators.ts,1729,55,TS2532
D200,src/compiler/transformers/generators.ts,1866,21,TS18048
D201,src/compiler/transformers/generators.ts,1880,25,TS18048
D202,src/compiler/transformers/generators.ts,1881,43,TS18048
D203,src/compiler/transformers/generators.ts,1881,50,TS2339
D204,src/compiler/transformers/generators.ts,1887,62,TS18048
D205,src/compiler/transformers/generators.ts,1887,69,TS2339
D206,src/compiler/transformers/generators.ts,1889,55,TS2345
D207,src/compiler/transformers/generators.ts,1889,85,TS18048
D208,src/compiler/transformers/generators.ts,1889,92,TS2339
D209,src/compiler/transformers/generators.ts,1911,27,TS2345
D210,src/compiler/transformers/generators.ts,1918,27,TS2345
D211,src/compiler/transformers/generators.ts,1919,44,TS2532
D212,src/compiler/transformers/generators.ts,2446,48,TS2345
D213,src/compiler/transformers/generators.ts,2469,56,TS2345
D214,src/compiler/transformers/generators.ts,2472,53,TS2345
D215,src/compiler/transformers/generators.ts,2480,48,TS2345
D216,src/compiler/transformers/generators.ts,2499,51,TS2345
D217,src/compiler/transformers/generators.ts,2507,51,TS2345
D218,src/compiler/transformers/generators.ts,2880,63,TS18048
D219,src/compiler/transformers/generators.ts,2951,21,TS2532
D220,src/compiler/transformers/generators.ts,2983,57,TS2532
D221,src/compiler/transformers/generators.ts,2984,23,TS2322
D225,src/compiler/transformers/jsx.ts,309,58,TS2345
D226,src/compiler/transformers/jsx.ts,502,62,TS2345
D227,src/compiler/transformers/module/esnextAnd2015.ts,100,46,TS2345
D228,src/compiler/transformers/module/esnextAnd2015.ts,163,91,TS2345
D229,src/compiler/transformers/module/esnextAnd2015.ts,194,37,TS2345
D230,src/compiler/transformers/module/esnextAnd2015.ts,196,81,TS2345
D231,src/compiler/transformers/module/esnextAnd2015.ts,251,22,TS2532
D236,src/compiler/tsbuildPublic.ts,302,5,TS2412
D237,src/compiler/tsbuildPublic.ts,438,5,TS2412
D238,src/compiler/tsbuildPublic.ts,439,5,TS2412
D239,src/compiler/tsbuildPublic.ts,440,5,TS2412
D240,src/compiler/tsbuildPublic.ts,441,5,TS2412
D241,src/compiler/tsbuildPublic.ts,442,5,TS2412
D242,src/compiler/tsbuildPublic.ts,443,5,TS2412
D243,src/compiler/tsbuildPublic.ts,785,5,TS2412
D244,src/compiler/tsbuildPublic.ts,786,5,TS2412
D245,src/compiler/tsbuildPublic.ts,787,5,TS2412
D246,src/compiler/watch.ts,756,11,TS2375
D247,src/compiler/watch.ts,845,5,TS2375
D248,src/compiler/watchPublic.ts,125,5,TS2412
D249,src/compiler/watchPublic.ts,371,65,TS2379
D250,src/compiler/watchPublic.ts,383,52,TS2379
D251,src/compiler/watchPublic.ts,506,5,TS2412
D252,src/compiler/watchPublic.ts,529,5,TS2412
D253,src/compiler/watchPublic.ts,530,5,TS2412
D254,src/compiler/watchPublic.ts,534,5,TS2412
D255,src/compiler/watchPublic.ts,535,5,TS2412
D256,src/compiler/watchPublic.ts,542,5,TS2412
D257,src/compiler/watchPublic.ts,568,17,TS2412
D258,src/compiler/watchPublic.ts,661,9,TS2412
D259,src/compiler/watchPublic.ts,662,9,TS2412
