pattern,native_before_seconds,native_after_seconds,node_seconds,calls,checksum,baseline_instructions,baseline_instruction_calls,current_instructions,current_instruction_calls,speedup_vs_8ac5675,speedup_vs_node
cohere/internal/lint/configuration/configuration.go:839,0.108436200,0.048167835,0.012243939,612000,68000,22823,9,8421,9,2.251216,0.254193
cohere/internal/lint/ecmascript/dotnotation/dotnotation.go:121,0.083428676,0.066486050,0.009509220,252000,84000,37850,9,23474,9,1.254830,0.143026
cohere/internal/lint/ecmascript/dotnotation/dotnotation.go:141,0.041107094,0.018855984,0.004385744,189000,21000,25959,9,11583,9,2.180056,0.232592
cohere/internal/lint/housesets/housesets.go:112,0.102793092,0.013789329,0.027254172,216000,24000,62210,9,7213,9,7.454539,1.976468
cohere/internal/lint/rules/base/consistency_require_pagination_argument_name.go:27,0.063972472,0.029571203,0.130286720,5958000,662000,1350,9,681,9,2.163337,4.405865
cohere/internal/lint/rules/base/consistency_require_pagination_argument_name.go:30,0.125903901,0.060288655,0.260589731,12024000,1336000,1324,9,673,9,2.088351,4.322368
cohere/internal/lint/rules/core/default_case.go:29,0.119847968,0.067578172,0.250819697,13149000,1461000,1017,9,637,9,1.773472,3.711549
cohere/internal/lint/rules/core/no_inline_comments.go:38,0.069354991,0.033194295,0.007407943,288000,64000,26725,9,12302,9,2.089365,0.223169
cohere/internal/lint/rules/core/no_warning_comments.go:280,0.103896650,0.053760487,0.053177264,423000,94000,30127,9,13134,9,1.932584,0.989151
cohere/internal/lint/rules/core/require_description.go:214,0.110425427,0.106566641,0.007046159,90000,20000,141679,9,129319,9,1.036210,0.066120
cohere/internal/lint/rules/core/require_description.go:217,0.091197691,0.059266836,0.008059891,351000,78000,31730,9,17307,9,1.538764,0.135993
cohere/internal/lint/rules/core/require_description.go:222,0.082231813,0.044632982,0.009204649,387000,43000,26343,9,11779,9,1.842400,0.206230
cohere/internal/lint/rules/core/require_description.go:233,0.088487347,0.041777230,0.008215911,414000,46000,25557,9,11071,9,2.118076,0.196660
cohere/internal/lint/rules/next/no_html_link_for_pages_routes.go:139,0.118844172,0.014523850,0.014069452,630000,70000,22802,9,2519,9,8.182691,0.968714
cohere/internal/lint/rules/next/no_html_link_for_pages_routes.go:140,0.097497553,0.044340016,0.010386313,549000,61000,22838,9,8394,9,2.198861,0.234242
cohere/internal/lint/rules/next/no_html_link_for_pages_routes.go:141,0.072393102,0.031078745,0.008456472,378000,42000,22660,9,8237,9,2.329344,0.272098
cohere/internal/lint/rules/next/no_html_link_for_pages_routes.go:142,0.113113876,0.045557437,0.011649484,603000,67000,22850,9,8399,9,2.482885,0.255710
cohere/internal/lint/rules/next/no_html_link_for_pages_routes.go:251,0.115773790,0.015917885,0.095026682,639000,71000,23049,9,2778,9,7.273189,5.969806
cohere/internal/lint/rules/next/no_location_assign_relative_destination.go:26,0.108061581,0.086515441,0.009515105,216000,24000,55772,9,41389,9,1.249044,0.109982
cohere/internal/lint/rules/nexus/abbreviation_vocabulary.go:162,0.135717892,0.083159565,0.306481667,16317000,1813000,953,9,649,9,1.632018,3.685465
cohere/internal/lint/rules/nexus/abbreviation_vocabulary.go:176,0.129405571,0.125889769,0.006762286,63000,7000,205587,9,191111,9,1.027928,0.053716
cohere/internal/lint/rules/nexus/abbreviation_vocabulary.go:177,0.126202196,0.001278439,0.002996284,27000,3000,440049,9,4328,9,98.715853,2.343705
cohere/internal/lint/rules/nexus/abbreviation_vocabulary.go:178,0.077277446,0.041320159,0.025051045,360000,40000,27040,9,11860,9,1.870212,0.606267
cohere/internal/lint/rules/nexus/consistency_no_abbreviated_identifier.go:50,0.142390828,0.000501083,0.003548926,27000,3000,498322,9,2625,9,284.166152,7.082511
cohere/internal/lint/rules/nexus/consistency_no_ambiguous_identifier.go:17,0.109401831,0.091173456,0.009436899,36000,8000,277457,9,263011,9,1.199931,0.103505
cohere/internal/lint/rules/nexus/consistency_no_ambiguous_identifier.go:18,0.141334337,0.101523242,0.333673171,17307000,1923000,953,9,649,9,1.392138,3.286668
cohere/internal/lint/rules/nexus/consistency_no_ambiguous_identifier.go:19,0.125609913,0.070631679,0.251961497,14733000,1637000,984,9,603,9,1.778379,3.567259
cohere/internal/lint/rules/nexus/consistency_no_boolean_outcome.go:48,0.119424647,0.038634952,0.024975406,180000,20000,74480,9,18438,9,3.091104,0.646446
cohere/internal/lint/rules/nexus/consistency_no_return_void.go:100,0.083267314,0.044888742,0.007550541,324000,36000,29003,9,14559,9,1.854971,0.168206
cohere/internal/lint/rules/nexus/consistency_no_return_void.go:116,0.109358065,0.058156522,0.011267534,513000,57000,25784,9,11220,9,1.880409,0.193745
cohere/internal/lint/rules/nexus/consistency_require_constant_casing.go:350,0.090893828,0.010489995,0.004600161,189000,21000,60352,9,5766,9,8.664811,0.438528
cohere/internal/lint/rules/nexus/consistency_require_matching_return_type.go:216,0.117469136,0.057646601,0.015243054,540000,120000,25629,9,11079,9,2.037746,0.264422
cohere/internal/lint/rules/nexus/shouting.go:121,0.085354917,0.069465886,0.029405402,693000,231000,12823,9,12433,9,1.228731,0.423307
cohere/internal/lint/rules/nexus/shouting.go:122,0.111784845,0.114122947,0.038258915,864000,288000,12604,9,12208,9,0.979512,0.335243
cohere/internal/lint/rules/nexus/shouting.go:123,0.106565702,0.085976856,0.035982966,225000,50000,60678,9,45031,9,1.239470,0.418519
cohere/internal/lint/rules/nexus/shouting.go:147,0.036426006,0.010010458,0.013298250,189000,42000,25330,9,5725,9,3.638795,1.328436
cohere/internal/lint/rules/nexus/shouting.go:153,0.122537083,0.022481827,0.094693280,594000,132000,23207,9,3628,9,5.450495,4.211992
cohere/internal/lint/rules/nexus/shouting.go:160,0.097158538,0.012440998,0.079918704,522000,58000,22698,9,2427,9,7.809545,6.423818
cohere/internal/lint/rules/nexus/shouting.go:166,0.105535480,0.048687130,0.064471162,423000,94000,28948,9,10076,9,2.167626,1.324193
cohere/internal/lint/rules/nexus/shouting.go:175,0.115867764,0.049172157,0.059348984,441000,98000,29057,9,10156,9,2.356369,1.206963
cohere/internal/lint/rules/nexus/shouting.go:177,0.088957594,0.063775715,0.335241236,11007000,11007000,1094,9,721,9,1.394851,5.256566
cohere/internal/lint/rules/nexus/shouting.go:178,0.108636417,0.062732805,0.014625908,432000,432000,30506,9,16138,9,1.731732,0.233146
cohere/internal/lint/rules/nexus/shouting.go:181,0.119494150,0.057455389,0.013509185,531000,118000,25447,9,11064,9,2.079773,0.235125
cohere/internal/lint/rules/nexus/shouting.go:182,0.099797334,0.041085502,0.010906978,585000,65000,22535,9,8091,9,2.429016,0.265470
cohere/internal/lint/rules/nexus/shouting.go:183,0.039826128,0.017967254,0.006951264,243000,27000,22225,9,7842,9,2.216595,0.386885
cohere/internal/lint/rules/nexus/shouting.go:184,0.097633324,0.064779500,0.007603937,243000,27000,41330,9,26954,9,1.507164,0.117382
cohere/internal/lint/rules/nexus/shouting.go:464,0.117253465,0.077195808,0.023013364,288000,32000,45323,9,29549,9,1.518910,0.298117
cohere/internal/lint/rules/react/boolean_prop_naming.go:621,0.022750138,0.003371156,0.012045718,126000,14000,23758,9,3428,9,6.748468,3.573171
cohere/internal/lint/rules/react/conformance/classify.go:95,0.133156367,0.125649124,0.007409560,36000,8000,385601,9,372021,9,1.059748,0.058970
cohere/internal/lint/rules/react/conformance/classify.go:98,0.119480730,0.063372592,0.030419295,378000,84000,34977,9,18111,9,1.885369,0.480007
cohere/internal/lint/rules/react/exhaustive_deps.go:451,0.076047465,0.019686324,0.022781557,423000,94000,24009,9,5018,9,3.862959,1.157228
cohere/internal/lint/rules/react/no_unstable_nested_components.go:450,0.103970698,0.057552100,0.011445375,531000,118000,24582,9,10180,9,1.806549,0.198870
cohere/internal/lint/rules/react/sort_comp.go:119,0.063292682,0.009458121,0.049577834,342000,38000,23600,9,3211,9,6.691888,5.241827
cohere/internal/lint/rules/tailwind/class_existence.go:63,0.084057576,0.040169033,0.008375341,405000,45000,25091,9,10682,9,2.092596,0.208502
cohere/internal/lint/rules/tailwind/class_existence.go:70,0.095003731,0.045627336,0.009999524,495000,55000,23226,9,8824,9,2.082167,0.219156
cohere/internal/lint/rules/tailwind/class_order_strict.go:89,0.078682586,0.001444387,0.003230362,9000,1000,956773,9,20017,9,54.474726,2.236493
cohere/internal/lint/rules/tailwind/collapse/utility_nodes.go:131,0.128329598,0.122857094,0.394819177,13410000,1490000,1209,9,1073,9,1.044544,3.213646
cohere/internal/lint/rules/tailwind/collapse/utility_nodes.go:138,0.086725198,0.035972961,0.029340583,342000,38000,30621,9,11654,9,2.410844,0.815629
cohere/internal/lint/rules/tailwind/collapse/utility_nodes.go:140,0.109174624,0.050225931,0.014801476,477000,318000,26570,9,12122,9,2.173670,0.294698
cohere/internal/lint/rules/tailwind/collapse/utility_nodes.go:142,0.087794778,0.017541749,0.023795908,189000,21000,62852,9,10404,9,5.004904,1.356530
cohere/internal/lint/rules/tailwind/no_deprecated_classes.go:65,0.079082417,0.070221005,0.212435694,11133000,2474000,989,9,627,9,1.126193,3.025244
cohere/internal/lint/rules/tailwind/no_deprecated_classes.go:66,0.110602354,0.070117963,0.280538934,14877000,1653000,998,9,623,9,1.577375,4.000957
cohere/internal/lint/rules/tailwind/no_deprecated_classes.go:67,0.163501506,0.084785362,0.360327437,15192000,1688000,988,9,621,9,1.928417,4.249878
cohere/internal/lint/rules/tailwind/no_deprecated_classes.go:68,0.000812979,0.000453178,0.004341178,117000,13000,958,9,607,9,1.793951,9.579410
cohere/internal/lint/rules/tailwind/no_deprecated_classes.go:69,0.184534049,0.119681748,0.335998074,14967000,1663000,1003,9,632,9,1.541873,2.807430
cohere/internal/lint/rules/tailwind/no_deprecated_classes.go:70,0.136413586,0.083574597,0.299038579,15174000,1686000,973,9,613,9,1.632237,3.578104
cohere/internal/lint/rules/tailwind/no_deprecated_classes.go:74,0.112656665,0.054170912,0.011024092,513000,114000,24997,9,10532,9,2.079652,0.203506
cohere/internal/lint/rules/tailwind/no_deprecated_classes.go:75,0.120445750,0.049692245,0.013546510,621000,69000,23305,9,8812,9,2.423834,0.272608
cohere/internal/lint/rules/tailwind/no_deprecated_classes.go:76,0.043124583,0.019517444,0.005307723,234000,26000,23571,9,9064,9,2.209541,0.271948
cohere/internal/lint/rules/tailwind/no_deprecated_classes.go:77,0.092606212,0.041507587,0.011233654,504000,56000,23487,9,8980,9,2.231067,0.270641
cohere/internal/lint/rules/tailwind/no_deprecated_classes.go:78,0.099531432,0.040457544,0.010525667,513000,57000,23387,9,8894,9,2.460145,0.260166
cohere/internal/lint/rules/tailwind/no_deprecated_classes.go:79,0.110675993,0.052764899,0.011552100,594000,66000,23973,9,9395,9,2.097531,0.218935
cohere/internal/lint/rules/tailwind/no_deprecated_classes.go:83,0.131548896,0.073752912,0.292350698,16317000,1813000,988,9,621,9,1.783643,3.963921
cohere/internal/lint/rules/tailwind/no_deprecated_classes.go:84,0.099579555,0.041279903,0.015105249,513000,57000,23201,9,8715,9,2.412301,0.365923
cohere/internal/lint/rules/tailwind/no_deprecated_classes.go:85,0.144598740,0.094600476,0.317503215,16398000,1822000,978,9,622,9,1.528520,3.356254
cohere/internal/lint/rules/tailwind/no_deprecated_classes.go:86,0.099210860,0.042819864,0.010848134,531000,59000,23009,9,8551,9,2.316935,0.253343
cohere/internal/lint/rules/tailwind/no_deprecated_classes.go:88,0.126735661,0.078550577,0.310743444,15651000,1739000,1023,9,638,9,1.613427,3.955966
cohere/internal/lint/rules/tailwind/no_deprecated_classes.go:89,0.131609952,0.070883930,0.276992981,14877000,1653000,1013,9,631,9,1.856697,3.907698
cohere/internal/lint/rules/tailwind/no_deprecated_classes.go:90,0.115341719,0.075262947,0.285851900,15120000,1680000,1013,9,631,9,1.532517,3.798043
cohere/internal/lint/rules/tailwind/no_deprecated_classes.go:93,0.077215903,0.041913791,0.171188394,9396000,1044000,1003,9,621,9,1.842255,4.084298
cohere/internal/lint/rules/tailwind/no_deprecated_classes.go:94,0.128528239,0.079477468,0.289964956,15111000,1679000,1018,9,627,9,1.617166,3.648392
cohere/internal/lint/rules/tailwind/no_deprecated_classes.go:95,0.142163060,0.073020650,0.315779117,14526000,1614000,1008,9,623,9,1.946888,4.324518
cohere/internal/lint/rules/tailwind/no_deprecated_classes.go:96,0.124542862,0.070655940,0.281362641,14463000,1607000,1023,9,629,9,1.762667,3.982151
cohere/internal/lint/rules/tailwind/no_deprecated_classes.go:97,0.125870907,0.067365643,0.275458908,14751000,1639000,1013,9,629,9,1.868473,4.089012
cohere/internal/lint/rules/tailwind/no_deprecated_classes.go:98,0.119426053,0.074350626,0.284299427,15264000,1696000,1028,9,635,9,1.606255,3.823766
cohere/internal/lint/rules/tailwind/no_deprecated_classes.go:99,0.139498685,0.072596062,0.282495460,15021000,1669000,1018,9,631,9,1.921574,3.891333
cohere/internal/lint/rules/tailwind/no_deprecated_classes.go:100,0.116567304,0.071948523,0.263244164,14778000,1642000,1033,9,637,9,1.620149,3.658785
cohere/internal/lint/rules/tailwind/no_physical_direction.go:284,0.117764848,0.099811144,0.008377177,117000,39000,100770,9,86394,9,1.179877,0.083930
cohere/internal/lint/rules/tailwind/tools/generate_variant/main.go:221,0.110597779,0.109721538,0.007882231,153000,17000,86354,9,69094,9,1.007986,0.071839
cohere/internal/lint/rules/typescript/ban_tslint_comment.go:24,0.108170341,0.056475451,0.011829682,468000,52000,27614,9,13114,9,1.915352,0.209466
cohere/internal/lint/rules/typescript/no_unnecessary_template_expression.go:574,0.122351918,0.061532791,0.253464569,12969000,1441000,1208,9,614,9,1.988402,4.119179
cohere/internal/lint/rules/typescript/switch_exhaustiveness_check.go:381,0.123028658,0.070879441,0.261992030,13806000,1534000,1017,9,637,9,1.735745,3.696305
hard/keywords,0.354690238,0.014567849,0.006874475,200,100,38423730,2,656086,2,24.347468,0.471894
hard/email,0.470403067,0.012485422,0.036701441,200,100,50370446,2,532723,2,37.676185,2.939543
hard/ignorecase,0.005789490,0.004675782,0.000612353,200,100,785287,2,665727,2,1.238186,0.130963
hard/lookbehind,0.102884474,0.002395212,0.011100557,200,100,9942413,2,184028,2,42.954225,4.634478
original/eslint-default-case,0.124154143,0.078251372,0.283358846,15192000,1688000,1017,9,637,9,1.586607,3.621136
original/typescript-switch-exhaustiveness,0.119442314,0.075894397,0.318607628,16056000,1784000,1017,9,637,9,1.573796,4.198039
original/typescript-ban-tslint-comment,0.048944083,0.028658501,0.006115896,234000,26000,27668,9,13168,9,1.707838,0.213406
original/react-nested-components,0.105672196,0.052974857,0.010200082,486000,108000,26241,9,11790,9,1.994761,0.192546
original/react-sort-comp,0.108042898,0.025304093,0.070986535,531000,59000,26154,9,5738,9,4.269780,2.805338
original/typescript-template-dollar,0.099496334,0.010700478,0.009887940,513000,57000,24727,9,2366,9,9.298307,0.924065
