273	1	1	0040007300740072007500630074007500720065002f0073006f0075007200630065002f007700690064006700650074002f0069006e007400650072006e0061006c002f00440065007400610069006c	0		0
273	1	1	002e002e002f007700690064006700650074002f0069006e007400650072006e0061006c002f00440065007400610069006c	0		0
273	1	1	002e002f0064006500650070002f0069006e007400650072006e0061006c002f00440065007400610069006c	0		0
273	1	1	002e002f0069006e007400650072006e0061006c002f00440065007400610069006c	0		0
273	1	1	002e002e002f0069006e007400650072006e006100740069006f006e0061006c0069007a006100740069006f006e002f0046006f0072006d00610074	0		0
273	1	1	0040007300740072007500630074007500720065002f0073006f0075007200630065002f0069006e007400650072006e006100740069006f006e0061006c0069007a006100740069006f006e002f0046006f0072006d00610074	0		0
273	1	1	002e002e002f007700690064006700650074002f0069006e007400650072006e0061006c002f00440065007400610069006c	0		0
214	0	0		1	002e002e002f007700690064006700650074002f0069006e007400650072006e0061006c002f00440065007400610069006c	0
214	0	0		1	002e002e002f007700690064006700650074002f0069006e007400650072006e0061006c002f00440065007400610069006c	0
273	1	1	002e002e002f0069006e007400650072006e0061006c002f00440065007400610069006c	0		0
214	0	0		0		0
273	1	1	002e002f00440065007400610069006c	0		0
273	1	1	002e002e002f007700690064006700650074002f005400680069006e0067	0		0
214	0	0		1	00400062006100730065002f0073006f0075007200630065002f005400680069006e0067	0
273	1	1	004000700072006f006a006500630074002f00500072006f006a00650063007400530065007400740069006e00670073	0		0
273	1	1	0040007300740072007500630074007500720065002f0073006f0075007200630065002f005400680069006e0067	0		0
273	1	1	0040007300740072007500630074007500720065002f0073006f0075007200630065002f005400680069006e0067	0		0
214	0	0		1	0040007300740072007500630074007500720065002f0073006f0075007200630065002f005400680069006e0067	0
214	0	0		1	0040007300740072007500630074007500720065002f0073006f0075007200630065002f005400680069006e0067	0
273	1	1	002e002f005400680069006e0067	0		0
273	1	1	00400062006100730065	0		0
214	0	0		1	0040007300740072007500630074007500720065002f0073006f0075007200630065002f005400680069006e0067	0
273	1	1	0040007300740072007500630074007500720065002f0073006f0075007200630065002f005400680069006e0067	0		0
273	1	1	004000700072006f006a0065006300740069006f006e0073002f005400680069006e0067	0		0
273	1	1	00400062006100730065006d0065006e0074002f005400680069006e0067	0		0
273	1	1	006e006f00640065003a0070006100740068	0		0
273	1	1	002e002e002f005400680069006e0067	0		0
214	0	0		0		0
214	0	0		0		0
273	1	1	0040006e0065007800750073002f0063006f00640065002d007100750061006c006900740079002f005400680069006e0067	0		0
273	1	1	004000700072006f006a006500630074002f0073006f0075007200630065002f00480065006c007000650072	0		0
214	0	0		1	004000700072006f006a006500630074002f0073006f0075007200630065002f00480065006c007000650072	0
273	1	1	004000700072006f006a006500630074002f0073006f0075007200630065002f00480065006c007000650072	0		0
273	1	1	004000700072006f006a006500630074002f00500072006f006a00650063007400530065007400740069006e00670073005300650063007200650074	0		0
214	0	0		1	004000700072006f006a006500630074002f0073006f0075007200630065002f00480065006c007000650072	0
273	1	1	004000700072006f006a006500630074002f00500072006f006a00650063007400530065007400740069006e00670073	0		0
273	1	1	002e002f005400680069006e0067	0		0
273	1	1	004000700072006f006a006500630074006f0072002f005400680069006e0067	0		0
273	1	1	0040007300740072007500630074007500720065002f0073006f0075007200630065002f005400680069006e0067	0		0
273	0	0		0		0
273	1	0		0		0
214	0	0		0		0
214	0	0		0		0
214	0	0		0		0
214	0	0		0		0
214	0	0		0		1
214	0	0		0		0
273	1	1	d83dde00	0		0
214	0	0		1	0061000a0062	0
214	0	0		1	00740065006d0070006c006100740065	0
273	1	1	004000700072006f006a006500630074002f005400680069006e0067	0		0
214	0	0		1	004000700072006f006a006500630074002f005400680069006e0067	0
214	0	0		1	004000700072006f006a006500630074002f005400680069006e0067	0
273	1	1	004000700072006f006a006500630074002f005400680069006e0067	0		0
273	1	1	004000700072006f006a006500630074002f005400680069006e0067	0		0
273	1	1	004000700072006f006a006500630074002f005400680069006e0067	0		0
273	1	1	004000700072006f006a006500630074002f005400680069006e0067	0		0
273	1	1	0061	0		0
214	0	0		0		0
214	0	0		1	0062	0
214	0	0		1	0063	0
214	0	0		0		0
214	0	0		0		0
273	1	1	004000700072006f006a006500630074002f005400680069006e0067	0		0
214	0	0		0		0
