where,status
src/compiler/sys.ts:569:12,retained
src/compiler/parser.ts:1361:20,retained
src/compiler/binder.ts:3644:15,covered
src/compiler/checker.ts:8239:52,covered
src/compiler/checker.ts:30579:28,covered
src/compiler/checker.ts:30582:28,covered
src/compiler/checker.ts:30585:28,covered
src/compiler/checker.ts:30589:32,covered
src/compiler/checker.ts:30594:28,covered
src/compiler/checker.ts:30607:24,covered
src/compiler/checker.ts:42439:16,covered
src/compiler/checker.ts:45291:16,covered
src/compiler/checker.ts:49274:24,covered
src/compiler/transformers/module/impliedNodeFormatDependent.ts:68:20,retained
src/compiler/transformers/module/impliedNodeFormatDependent.ts:71:20,retained
src/compiler/transformers/module/impliedNodeFormatDependent.ts:73:16,retained
src/compiler/emitter.ts:1560:24,covered
src/compiler/emitter.ts:1570:20,covered
src/compiler/emitter.ts:1659:28,covered
src/compiler/emitter.ts:1689:28,covered
src/compiler/emitter.ts:1697:28,covered
src/compiler/emitter.ts:1841:28,covered
src/compiler/emitter.ts:1843:28,covered
src/compiler/emitter.ts:2027:42,covered
src/compiler/emitter.ts:2028:44,covered
src/compiler/emitter.ts:3639:27,covered
src/compiler/program.ts:3496:16,covered
