file	before_exit	after_exit
stage1/cohere/css/compose.ts	0	0
stage1/cohere/css/compose_main.ts	0	0
stage1/cohere/css/convert.ts	1	1
stage1/cohere/css/gaps/1_regex_and_value_tree.ts	0	0
stage1/cohere/css/gaps/2_array_shift.ts	1	1
stage1/cohere/css/gaps/3_optional_boolean_condition.ts	1	1
stage1/cohere/css/gaps/4_empty_array_union.ts	1	1
stage1/cohere/css/gaps/5_repeat_in_try.ts	1	1
stage1/cohere/css/gaps/6_printer_regex_tree.ts	0	0
stage1/cohere/css/gaps/printer_boundaries.ts	0	0
stage1/cohere/css/input.ts	0	0
stage1/cohere/css/location.ts	1	1
stage1/cohere/css/main.ts	0	0
stage1/cohere/css/nodes.ts	0	0
stage1/cohere/css/parse_value.ts	1	1
stage1/cohere/css/parser.ts	0	0
stage1/cohere/css/print.ts	0	0
stage1/cohere/css/print_doc.ts	1	1
stage1/cohere/css/print_main.ts	0	0
stage1/cohere/css/print_utilities.ts	1	1
stage1/cohere/css/print_width_data.ts	0	0
stage1/cohere/css/testdata/composition_range_guard.ts	0	0
stage1/cohere/css/testdata/range_guard.ts	0	0
stage1/cohere/css/testdata/shared_slice_append.ts	0	0
stage1/cohere/css/tokenize.ts	0	0
stage1/cohere/css/tree.ts	0	0
stage1/cohere/cssnumbers/main.ts	0	0
stage1/cohere/cssnumbers/numbers.ts	0	0
stage1/cohere/cssstrings/gaps/1_multi_push.ts	1	1
stage1/cohere/cssstrings/main.ts	0	0
stage1/cohere/cssstrings/strings.ts	0	0
stage1/cohere/formatfiles/disk.ts	0	0
stage1/cohere/formatfiles/enumerate.ts	0	0
stage1/cohere/formatfiles/golang.ts	0	0
stage1/cohere/formatfiles/main.ts	0	0
stage1/cohere/gitignore/case.ts	0	0
stage1/cohere/gitignore/gaps/1_from_char_code.ts	0	0
stage1/cohere/gitignore/gaps/2_bitwise.ts	0	0
stage1/cohere/gitignore/gaps/3_later_function.ts	0	0
stage1/cohere/gitignore/gaps/3_later_method.ts	0	0
stage1/cohere/gitignore/gaps/4_function_value.ts	0	0
stage1/cohere/gitignore/gaps/5_array_from.ts	0	0
stage1/cohere/gitignore/gaps/6_boolean_element.ts	0	0
stage1/cohere/gitignore/gaps/7_maybe_number_compared.ts	0	0
stage1/cohere/gitignore/gaps/8_tuple_value.ts	0	0
stage1/cohere/gitignore/gaps/9_return_panic.ts	0	0
stage1/cohere/gitignore/gitignore.ts	0	0
stage1/cohere/gitignore/glob.ts	0	0
stage1/cohere/gitignore/main.ts	0	0
stage1/cohere/gitignore/path.ts	0	0
stage1/cohere/gitignore/pathsweep.ts	0	0
stage1/cohere/graphql/blockString.ts	0	0
stage1/cohere/graphql/characterClasses.ts	0	0
stage1/cohere/graphql/gaps/1_throwing_function_value.ts	0	0
stage1/cohere/graphql/gaps/2_error_made_elsewhere.ts	1	1
stage1/cohere/graphql/lexer.ts	0	0
stage1/cohere/graphql/main.ts	0	0
stage1/cohere/graphql/parser.ts	0	0
stage1/cohere/graphql/token.ts	0	0
stage1/cohere/json/doc.ts	0	0
stage1/cohere/json/formatter.ts	0	0
stage1/cohere/json/gaps/emptyFallback.ts	1	1
stage1/cohere/json/gaps/multiplePush.ts	1	1
stage1/cohere/json/gaps/repeatInTry.ts	1	1
stage1/cohere/json/identifierTables.ts	0	0
stage1/cohere/json/main.ts	0	0
stage1/cohere/json/parser.ts	0	0
stage1/cohere/json/width.ts	0	0
stage1/cohere/json/widthTables.ts	0	0
stage1/cohere/lint/comments.ts	0	0
stage1/cohere/lint/context.ts	0	0
stage1/cohere/lint/finding.ts	0	0
stage1/cohere/lint/gaps/1_nested_constructor.ts	1	1
stage1/cohere/lint/gaps/2_optional_index.ts	1	1
stage1/cohere/lint/gaps/3_numeric_or.ts	1	1
stage1/cohere/lint/gaps/4_last_index_position.ts	1	1
stage1/cohere/lint/gaps/5_parser_recovery.ts	0	0
stage1/cohere/lint/helpers/comments/all.ts	1	1
stage1/cohere/lint/helpers/comments/can_begin_at.ts	0	0
stage1/cohere/lint/helpers/comments/collect_list_interiors.ts	1	1
stage1/cohere/lint/helpers/comments/comment.ts	0	0
stage1/cohere/lint/helpers/comments/for_file.ts	1	1
stage1/cohere/lint/helpers/comments/main.ts	0	0
stage1/cohere/lint/helpers/comments/sort_by_position.ts	0	0
stage1/cohere/lint/helpers/main.ts	0	0
stage1/cohere/lint/helpers/option_schema.ts	0	0
stage1/cohere/lint/helpers/options_json.ts	0	0
stage1/cohere/lint/helpers/policy_message.ts	0	0
stage1/cohere/lint/helpers/strict_options.ts	0	0
stage1/cohere/lint/lint.ts	1	1
stage1/cohere/lint/main.ts	1	1
stage1/cohere/lint/rules/adamic-no-type-predicate/messages.ts	0	0
stage1/cohere/lint/rules/adamic-no-type-predicate/rule.ts	1	1
stage1/cohere/lint/rules/base-consistency-no-console/messages.ts	0	0
stage1/cohere/lint/rules/base-consistency-no-console/rule.ts	1	1
stage1/cohere/lint/rules/eqeqeq/messages.ts	0	0
stage1/cohere/lint/rules/eqeqeq/rule.ts	1	1
stage1/cohere/lint/rules/nexus-consistency-no-enum/messages.ts	0	0
stage1/cohere/lint/rules/nexus-consistency-no-enum/rule.ts	1	1
stage1/cohere/lint/rules/nexus-consistency-require-type-suffix/messages.ts	0	0
stage1/cohere/lint/rules/nexus-consistency-require-type-suffix/rule.ts	1	1
stage1/cohere/lint/rules/no-await-in-loop/messages.ts	0	0
stage1/cohere/lint/rules/no-await-in-loop/rule.ts	1	1
stage1/cohere/lint/rules/no-bitwise/messages.ts	0	0
stage1/cohere/lint/rules/no-bitwise/rule.ts	1	1
stage1/cohere/lint/rules/no-continue/messages.ts	0	0
stage1/cohere/lint/rules/no-continue/rule.ts	1	1
stage1/cohere/lint/rules/no-debugger/messages.ts	0	0
stage1/cohere/lint/rules/no-debugger/rule.ts	1	1
stage1/cohere/lint/rules/no-div-regex/messages.ts	0	0
stage1/cohere/lint/rules/no-div-regex/rule.ts	1	1
stage1/cohere/lint/rules/no-duplicate-case/messages.ts	0	0
stage1/cohere/lint/rules/no-duplicate-case/rule.ts	1	1
stage1/cohere/lint/rules/no-empty/messages.ts	0	0
stage1/cohere/lint/rules/no-empty/rule.ts	1	1
stage1/cohere/lint/rules/no-labels/messages.ts	0	0
stage1/cohere/lint/rules/no-labels/rule.ts	1	1
stage1/cohere/lint/rules/no-negated-condition/messages.ts	0	0
stage1/cohere/lint/rules/no-negated-condition/rule.ts	1	1
stage1/cohere/lint/rules/no-new/messages.ts	0	0
stage1/cohere/lint/rules/no-new/rule.ts	1	1
stage1/cohere/lint/rules/no-octal-escape/messages.ts	0	0
stage1/cohere/lint/rules/no-octal-escape/rule.ts	1	1
stage1/cohere/lint/rules/no-plusplus/messages.ts	0	0
stage1/cohere/lint/rules/no-plusplus/rule.ts	1	1
stage1/cohere/lint/rules/no-return-assign/messages.ts	0	0
stage1/cohere/lint/rules/no-return-assign/rule.ts	1	1
stage1/cohere/lint/rules/no-sequences/messages.ts	0	0
stage1/cohere/lint/rules/no-sequences/rule.ts	1	1
stage1/cohere/lint/rules/no-sparse-arrays/messages.ts	0	0
stage1/cohere/lint/rules/no-sparse-arrays/rule.ts	1	1
stage1/cohere/lint/rules/no-template-curly-in-string/messages.ts	0	0
stage1/cohere/lint/rules/no-template-curly-in-string/rule.ts	1	1
stage1/cohere/lint/rules/no-unexpected-multiline/messages.ts	0	0
stage1/cohere/lint/rules/no-unexpected-multiline/rule.ts	1	1
stage1/cohere/lint/rules/no-unneeded-ternary/messages.ts	0	0
stage1/cohere/lint/rules/no-unneeded-ternary/rule.ts	1	1
stage1/cohere/lint/rules/no-unused-private-class-members/rule.ts	1	1
stage1/cohere/lint/rules/no-useless-constructor/messages.ts	0	0
stage1/cohere/lint/rules/no-useless-constructor/rule.ts	1	1
stage1/cohere/lint/rules/no-var/messages.ts	0	0
stage1/cohere/lint/rules/no-var/rule.a	1	1
stage1/cohere/lint/rules/no-warning-comments/messages.ts	0	0
stage1/cohere/lint/rules/no-warning-comments/rule.ts	1	1
stage1/cohere/lint/rules/no-with/messages.ts	0	0
stage1/cohere/lint/rules/no-with/rule.ts	1	1
stage1/cohere/lint/rules/prefer-template/messages.ts	0	0
stage1/cohere/lint/rules/prefer-template/rule.ts	1	1
stage1/cohere/lint/rules/react-forward-ref-uses-ref/messages.ts	0	0
stage1/cohere/lint/rules/react-forward-ref-uses-ref/rule.ts	1	1
stage1/cohere/lint/rules/react-jsx-no-comment-textnodes/messages.ts	0	0
stage1/cohere/lint/rules/react-jsx-no-comment-textnodes/rule.ts	1	1
stage1/cohere/lint/rules/react-no-find-dom-node/messages.ts	0	0
stage1/cohere/lint/rules/react-no-find-dom-node/rule.ts	1	1
stage1/cohere/lint/rules/react-no-is-mounted/messages.ts	0	0
stage1/cohere/lint/rules/react-no-is-mounted/rule.ts	1	1
stage1/cohere/lint/rules/react-no-redundant-should-component-update/rule.ts	1	1
stage1/cohere/lint/rules/require-yield/messages.ts	0	0
stage1/cohere/lint/rules/require-yield/rule.ts	1	1
stage1/cohere/lint/rules/typescript-method-signature-style/messages.ts	0	0
stage1/cohere/lint/rules/typescript-method-signature-style/rule.ts	1	1
stage1/cohere/lint/rules/typescript-no-wrapper-object-types/messages.ts	0	0
stage1/cohere/lint/rules/typescript-no-wrapper-object-types/rule.ts	1	1
stage1/cohere/lint/rules/typescript-prefer-literal-enum-member/messages.ts	0	0
stage1/cohere/lint/rules/typescript-prefer-literal-enum-member/rule.ts	1	1
stage1/cohere/lint/rules/unicode-bom/messages.ts	0	0
stage1/cohere/lint/rules/unicode-bom/rule.ts	1	1
stage1/cohere/lint/rules/vars-on-top/messages.ts	0	0
stage1/cohere/lint/rules/vars-on-top/rule.ts	1	1
stage1/cohere/lint/settings.ts	0	0
stage1/cohere/lint/suggestions.a	0	0
stage1/cohere/lint/testdata/serialization/rule.a	1	1
stage1/cohere/lint/unicode.ts	0	0
stage1/cohere/markdownblocks/astArena.ts	0	0
stage1/cohere/markdownblocks/astLists.ts	1	1
stage1/cohere/markdownblocks/astPreprocess.ts	1	1
stage1/cohere/markdownblocks/astProtocol.ts	1	1
stage1/cohere/markdownblocks/astSource.ts	0	0
stage1/cohere/markdownblocks/astWalk.ts	0	0
stage1/cohere/markdownblocks/children.ts	1	1
stage1/cohere/markdownblocks/codeblocks.ts	1	1
stage1/cohere/markdownblocks/codec.ts	0	0
stage1/cohere/markdownblocks/commandStack.ts	0	0
stage1/cohere/markdownblocks/decodeString.ts	0	0
stage1/cohere/markdownblocks/document.ts	0	0
stage1/cohere/markdownblocks/emojiMatcher.ts	0	0
stage1/cohere/markdownblocks/frontmatter.ts	0	0
stage1/cohere/markdownblocks/gaps/1_recursive_state.ts	1	1
stage1/cohere/markdownblocks/gaps/2_state_arrow_cycle.ts	1	1
stage1/cohere/markdownblocks/gaps/3_recursive_callable.ts	0	0
stage1/cohere/markdownblocks/gaps/4_structural_ranges.ts	1	1
stage1/cohere/markdownblocks/gaps/5_conditional_panic.ts	1	1
stage1/cohere/markdownblocks/gaps/6_uninitialized_optional_string.ts	0	0
stage1/cohere/markdownblocks/gaps/7_postfix_property.ts	1	1
stage1/cohere/markdownblocks/htmlblocks.ts	1	1
stage1/cohere/markdownblocks/inputChunks.ts	0	0
stage1/cohere/markdownblocks/leaves.ts	1	1
stage1/cohere/markdownblocks/lists.ts	1	1
stage1/cohere/markdownblocks/lowerEntityNames.ts	0	0
stage1/cohere/markdownblocks/lowerEntityValues.ts	0	0
stage1/cohere/markdownblocks/preprocess.ts	0	0
stage1/cohere/markdownblocks/preservedLabel.ts	1	1
stage1/cohere/markdownblocks/quotePrefix.ts	0	0
stage1/cohere/markdownblocks/quotes.ts	1	1
stage1/cohere/markdownblocks/root.ts	1	1
stage1/cohere/markdownblocks/splitText.ts	0	0
stage1/cohere/markdownblocks/structure.ts	1	1
stage1/cohere/markdownblocks/tables.ts	0	0
stage1/cohere/markdownblocks/testdata/ast_probe.ts	0	0
stage1/cohere/markdownblocks/testdata/chunks_probe.ts	0	0
stage1/cohere/markdownblocks/testdata/decode_probe.ts	0	0
stage1/cohere/markdownblocks/testdata/frontmatter_probe.ts	0	0
stage1/cohere/markdownblocks/testdata/list_probe.ts	0	0
stage1/cohere/markdownblocks/testdata/prefix_probe.ts	0	0
stage1/cohere/markdownblocks/testdata/text_probe.ts	0	0
stage1/cohere/markdownblocks/testdata/whitespace_probe.ts	0	0
stage1/cohere/markdownblocks/testdata/width_probe.ts	0	0
stage1/cohere/markdownblocks/textClasses.ts	0	0
stage1/cohere/markdownblocks/textTokens.ts	0	0
stage1/cohere/markdownblocks/upperEntityNames.ts	0	0
stage1/cohere/markdownblocks/upperEntityValues.ts	0	0
stage1/cohere/markdownblocks/whitespace.ts	1	1
stage1/cohere/markdownblocks/whitespaceCodec.ts	0	0
stage1/cohere/markdownblocks/width.ts	0	0
stage1/cohere/markdownblocks/widthRuneRanges.ts	0	0
stage1/cohere/markdownblocks/widthTables.ts	0	0
stage1/cohere/markdowninline/classes.ts	0	0
stage1/cohere/markdowninline/gaps/1_delimiter_expression.ts	0	0
stage1/cohere/markdowninline/inline.ts	0	0
stage1/cohere/markdowninline/main.ts	0	0
stage1/cohere/mediaquery/gaps/1_generic_parameter.ts	0	0
stage1/cohere/mediaquery/gaps/1_generic_return.ts	0	0
stage1/cohere/mediaquery/gaps/2_return_undefined.ts	0	0
stage1/cohere/mediaquery/gaps/3_optional_chaining_array.ts	0	0
stage1/cohere/mediaquery/gaps/4_mutable_child_array.ts	0	0
stage1/cohere/mediaquery/gaps/5_local_children_array.ts	0	0
stage1/cohere/mediaquery/index.ts	0	0
stage1/cohere/mediaquery/main.ts	0	0
stage1/cohere/mediaquery/nodes.ts	0	0
stage1/cohere/mediaquery/parsers.ts	0	0
stage1/cohere/mediaquery/whitespace.ts	0	0
stage1/cohere/selector/gaps/1_multiple_push.ts	1	1
stage1/cohere/selector/gaps/2_mixed_field.ts	1	1
stage1/cohere/selector/gaps/3_optional_boolean.ts	1	1
stage1/cohere/selector/gaps/4_array_from_iterator.ts	1	1
stage1/cohere/selector/gaps/5_conditional_panic.ts	1	1
stage1/cohere/selector/gaps/6_undefined_case.ts	1	1
stage1/cohere/selector/main.ts	0	0
stage1/cohere/selector/nodes.ts	0	0
stage1/cohere/selector/parser.ts	0	0
stage1/cohere/selector/source.ts	0	0
stage1/cohere/selector/tokenize.ts	0	0
stage1/cohere/suppression/directives.ts	0	0
stage1/cohere/suppression/gaps/1_mutual_recursion.ts	0	0
stage1/cohere/suppression/gaps/2_return_undefined_array.ts	0	0
stage1/cohere/suppression/main.ts	0	0
stage1/cohere/suppression/scan.ts	0	0
stage1/cohere/suppression/suppression.ts	0	0
stage1/cohere/typeaware/assignment.ts	0	0
stage1/cohere/typeaware/binding.ts	0	0
stage1/cohere/typeaware/bound.ts	0	0
stage1/cohere/typeaware/completion.ts	0	0
stage1/cohere/typeaware/diagnostic.ts	0	0
stage1/cohere/typeaware/facts.ts	0	0
stage1/cohere/typeaware/flags.ts	0	0
stage1/cohere/typeaware/frames.ts	0	0
stage1/cohere/typeaware/main.ts	1	1
stage1/cohere/typeaware/parameters.ts	0	0
stage1/cohere/typeaware/repair.ts	0	0
stage1/cohere/typeaware/returns.ts	0	0
stage1/cohere/typeaware/rules.ts	0	0
stage1/cohere/typeaware/scope.ts	0	0
stage1/cohere/typeaware/shadow.ts	0	0
stage1/cohere/typeaware/suggestion.ts	0	0
stage1/cohere/typeaware/suite.ts	1	1
stage1/cohere/typeaware/testdata/fact_cost.ts	1	1
stage1/cohere/typeaware/testdata/fact_cost_volume.ts	1	1
stage1/cohere/typeaware/testdata/facts_decode.ts	0	0
stage1/cohere/typeaware/testdata/query_cost.ts	1	1
stage1/cohere/typeaware/testdata/released.ts	1	1
stage1/cohere/typeaware/type_fact.ts	0	0
stage1/cohere/typeaware/types.ts	0	0
stage1/cohere/typeaware/unary_minus.ts	0	0
stage1/cohere/typeaware/unbound.ts	0	0
stage1/cohere/typeaware/void.ts	0	0
stage1/cohere/typeaware/volume.ts	0	0
stage1/cohere/typeaware/volume_suite.ts	1	1
stage1/cohere/values/gaps/1_index_of_position.ts	0	0
stage1/cohere/values/gaps/2_boolean_or_undefined_field.ts	1	1
stage1/cohere/values/gaps/3_case_constant.ts	1	1
stage1/cohere/values/gaps/4_private_method.ts	0	0
stage1/cohere/values/gaps/5_empty_array_default.ts	1	1
stage1/cohere/values/main.ts	0	0
stage1/cohere/values/nodes.ts	0	0
stage1/cohere/values/parser.ts	0	0
stage1/cohere/values/tokenize.ts	0	0
stage1/cohere/values/values.ts	0	0
stage1/typescript/parser/gaps/1_strong_ast_parent.ts	1	1
stage1/typescript/parser/gaps/2_push_spread.ts	1	1
stage1/typescript/parser/gaps/3_import_cycle.ts	0	0
stage1/typescript/parser/gaps/3_import_cycle_peer.ts	0	0
stage1/typescript/parser/gaps/4_class_interface_method.ts	1	1
stage1/typescript/parser/gaps/5_optional_function_value.ts	1	1
stage1/typescript/parser/gaps/6_conditional_empty_array.ts	1	1
stage1/typescript/parser/grammar.ts	0	0
stage1/typescript/parser/jsx.ts	0	0
stage1/typescript/parser/lookahead.ts	1	1
stage1/typescript/parser/main.ts	0	0
stage1/typescript/parser/nodes.ts	0	0
stage1/typescript/parser/parser.ts	0	0
stage1/typescript/parser/statements.ts	0	0
stage1/typescript/parser/testdata/type_import_cycle/entry.a	0	0
stage1/typescript/parser/testdata/type_import_cycle/peer.a	0	0
stage1/typescript/scanner/characters.ts	0	0
stage1/typescript/scanner/gaps/1_push.ts	1	1
stage1/typescript/scanner/gaps/2_bigint.ts	1	1
stage1/typescript/scanner/main.ts	0	0
stage1/typescript/scanner/scanner.ts	0	0
stage1/typescript/scanner/tokens.ts	0	0
stage3/fixtures/assertions/01_map_call.a	1	1
stage3/fixtures/assertions/02_code_point_call.a	1	1
stage3/fixtures/assertions/03_exports_field.a	1	1
stage3/fixtures/assertions/04_field_then_call.a	1	1
stage3/fixtures/assertions/05_regex_call_index.a	1	1
stage3/fixtures/assertions/06_memoize_clear.a	1	1
stage3/fixtures/assertions/07_indexed_operation.a	1	1
stage3/fixtures/assertions/08_optional_start.a	1	1
stage3/fixtures/assertions/09_interface_kind.a	1	1
stage3/fixtures/assertions/10_union_kind.a	0	0
stage3/fixtures/assertions/11_parenthesized_kind.a	1	1
stage3/fixtures/assertions/12_union_target.a	1	1
stage3/fixtures/assertions/13_flag_downcast.a	1	1
stage3/fixtures/assertions/14_structural_cache.a	1	1
stage3/fixtures/assertions/15_mutable_view.a	1	1
stage3/fixtures/assertions/16_unknown_chain.a	1	1
stage3/fixtures/assertions/17_brand_upcast.a	1	1
stage3/fixtures/assertions/18_const_tuple.a	0	0
stage3/fixtures/assertions/19_identifier_kind.a	1	1
stage3/fixtures/assertions/20_type_flag_mask.a	1	1
stage3/fixtures/cycles/01_call_time/_namespaces/ts.a	1	1
stage3/fixtures/cycles/01_call_time/core.a	1	1
stage3/fixtures/cycles/01_call_time/main.a	1	1
stage3/fixtures/cycles/01_call_time/path.a	1	1
stage3/fixtures/cycles/02_reverse_barrel/_namespaces/ts.a	1	1
stage3/fixtures/cycles/02_reverse_barrel/core.a	1	1
stage3/fixtures/cycles/02_reverse_barrel/main.a	1	1
stage3/fixtures/cycles/02_reverse_barrel/path.a	1	1
stage3/fixtures/cycles/03_extensions/_namespaces/ts.a	1	1
stage3/fixtures/cycles/03_extensions/core.a	1	1
stage3/fixtures/cycles/03_extensions/main.a	1	1
stage3/fixtures/cycles/03_extensions/path.a	1	1
stage3/fixtures/cycles/04_directory_callback/_namespaces/ts.a	1	1
stage3/fixtures/cycles/04_directory_callback/core.a	1	1
stage3/fixtures/cycles/04_directory_callback/main.a	1	1
stage3/fixtures/cycles/04_directory_callback/path.a	1	1
stage3/fixtures/cycles/05_safe_load_read/_namespaces/ts.a	1	1
stage3/fixtures/cycles/05_safe_load_read/core.a	1	1
stage3/fixtures/cycles/05_safe_load_read/main.a	1	1
stage3/fixtures/cycles/05_safe_load_read/utilities.a	1	1
stage3/fixtures/cycles/06_import_order_mutant/_namespaces/ts.a	1	1
stage3/fixtures/cycles/06_import_order_mutant/core.a	1	1
stage3/fixtures/cycles/06_import_order_mutant/main.a	1	1
stage3/fixtures/cycles/06_import_order_mutant/utilities.a	1	1
stage3/fixtures/cycles/07_namespace_barrel/_namespaces/ts.a	1	1
stage3/fixtures/cycles/07_namespace_barrel/_namespaces/ts.path.a	1	1
stage3/fixtures/cycles/07_namespace_barrel/core.a	1	1
stage3/fixtures/cycles/07_namespace_barrel/main.a	1	1
stage3/fixtures/cycles/07_namespace_barrel/path.a	1	1
stage3/fixtures/cycles/08_named_reexports/_namespaces/ts.a	1	1
stage3/fixtures/cycles/08_named_reexports/core.a	1	1
stage3/fixtures/cycles/08_named_reexports/main.a	1	1
stage3/fixtures/cycles/08_named_reexports/path.a	1	1
stage3/fixtures/cycles/09_function_value_load/_namespaces/ts.a	1	1
stage3/fixtures/cycles/09_function_value_load/_namespaces/ts.performance.a	1	1
stage3/fixtures/cycles/09_function_value_load/core.a	1	1
stage3/fixtures/cycles/09_function_value_load/main.a	1	1
stage3/fixtures/cycles/09_function_value_load/performance.a	1	1
stage3/fixtures/cycles/10_hoisted_before_body/_namespaces/ts.a	1	1
stage3/fixtures/cycles/10_hoisted_before_body/_namespaces/ts.performance.a	1	1
stage3/fixtures/cycles/10_hoisted_before_body/core.a	1	1
stage3/fixtures/cycles/10_hoisted_before_body/main.a	1	1
stage3/fixtures/cycles/10_hoisted_before_body/performance.a	1	1
stage3/fixtures/enums/01_token_range.a	0	0
stage3/fixtures/enums/02_node_range.a	0	0
stage3/fixtures/enums/03_jsdoc_range.a	0	0
stage3/fixtures/enums/04_parse_tree_mask.a	0	0
stage3/fixtures/enums/05_local_export_flags.a	0	0
stage3/fixtures/enums/06_set_node_flags.a	1	1
stage3/fixtures/enums/07_regex_array_map.a	0	0
stage3/fixtures/enums/08_debug_format_enum.a	1	1
stage3/fixtures/enums/09_symbol_exclusion_mask.a	0	0
stage3/fixtures/enums/10_string_enum.a	0	0
stage3/fixtures/enums/11_format_syntax_kind.a	1	1
stage3/fixtures/enums/12_diagnostic_reverse_lookup.a	0	0
stage3/fixtures/enums/13_regex_map_keys.a	0	0
stage3/fixtures/enums/syntax-kind-support.a	0	0
stage3/fixtures/host/01_readFile_utf8.a	1	1
stage3/fixtures/host/02_readFile_utf16le.a	1	1
stage3/fixtures/host/03_readFile_utf16be.a	1	1
stage3/fixtures/host/04_readFile_missing.a	1	1
stage3/fixtures/host/05_writeFile.a	1	1
stage3/fixtures/host/06_fileExists.a	1	1
stage3/fixtures/host/07_directoryExists.a	1	1
stage3/fixtures/host/08_getDirectories.a	1	1
stage3/fixtures/host/09_realpath.a	1	1
stage3/fixtures/host/10_getModifiedTime.a	1	1
stage3/fixtures/host/11_setModifiedTime.a	1	1
stage3/fixtures/host/12_deleteFile.a	1	1
stage3/fixtures/host/13_createDirectory.a	1	1
stage3/fixtures/host/14_getCurrentDirectory.a	1	1
stage3/fixtures/host/15_getExecutingFilePath.a	1	1
stage3/fixtures/host/16_getEnvironmentVariable.a	1	1
stage3/fixtures/host/17_write.a	1	1
stage3/fixtures/host/18_exit_0.a	1	1
stage3/fixtures/host/19_exit_1.a	1	1
stage3/fixtures/host/20_exit_2.a	1	1
stage3/fixtures/host/21_createHash.a	1	1
stage3/fixtures/host/22_createHash_fallback.a	1	1
stage3/fixtures/host/23_newLine.a	1	1
stage3/fixtures/host/24_useCaseSensitiveFileNames.a	1	1
stage3/fixtures/host/25_readDirectory.a	1	1
stage3/fixtures/namespaces/01_builder_state.a	1	1
stage3/fixtures/namespaces/02_jsx_names.a	1	1
stage3/fixtures/namespaces/03_react_names.a	1	1
stage3/fixtures/namespaces/04_debug_state.a	1	1
stage3/fixtures/namespaces/05_debug_log_merge.a	1	1
stage3/fixtures/namespaces/06_binary_expression_state.a	1	1
stage3/fixtures/namespaces/07_parser_singleton.a	1	1
stage3/fixtures/namespaces/08_parser_jsdoc_nested.a	1	1
stage3/fixtures/namespaces/09_incremental_parser.a	1	1
stage3/fixtures/namespaces/10_tracing_escape.a	1	1
stage3/fixtures/namespaces/11_status_type_only.a	1	1
stage3/fixtures/namespaces/12_builder_release_cache.a	1	1
stage3/fixtures/nested-functions/01_scanner_frame.a	1	1
stage3/fixtures/nested-functions/02_scanner_digits.a	1	1
stage3/fixtures/nested-functions/03_scanner_hoisting.a	1	1
stage3/fixtures/nested-functions/04_scanner_escaped_text.a	1	1
stage3/fixtures/nested-functions/05_scanner_reassigned_text.a	1	1
stage3/fixtures/nested-functions/06_parser_token_state.a	1	1
stage3/fixtures/nested-functions/07_binder_symbol_count.a	1	1
stage3/fixtures/nested-functions/08_checker_symbol_recursion.a	1	1
stage3/fixtures/nested-functions/09_checker_constituent_recursion.a	1	1
stage3/fixtures/nested-functions/10_checker_arrow_cleanup.a	1	1
stage3/fixtures/nested-functions/11_scanner_method_wrapper.a	1	1
stage3/fixtures/objects/01_reference_spreads.a	1	1
stage3/fixtures/objects/02_polling_levels.a	1	1
stage3/fixtures/objects/03_resolution_cache_spreads.a	1	1
stage3/fixtures/objects/04_trace_metadata.a	1	1
stage3/fixtures/objects/05_polling_array_metadata.a	1	1
stage3/fixtures/objects/06_watch_close.a	1	1
stage3/fixtures/objects/07_synthetic_reference.a	0	0
stage3/fixtures/objects/08_loop_state.a	1	1
stage3/fixtures/objects/10_build_options.a	1	1
stage3/fixtures/objects/12_decorator_descriptor.a	1	1
stage3/fixtures/objects/14_comment_pending.a	1	1
stage3/fixtures/objects/15_accessor_absence.a	1	1
stage3/fixtures/objects/16_version_defaults.a	1	1
stage3/fixtures/objects/17_container_rest.a	1	1
stage3/fixtures/objects/19_identifier_multimap.a	1	1
stage3/fixtures/objects/20_queue_optional_call.a	1	1
stage3/fixtures/objects/22_nested_optional_calls.a	1	1
stage3/fixtures/objects/23_factory_getters.a	0	0
stage3/fixtures/objects/24_transformation_accessors.a	0	0
stage3/fixtures/objects/25_map_generator.a	1	1
stage3/fixtures/objects/26_diagnostic_in.a	1	1
stage3/fixtures/objects/27_delete_substitution.a	1	1
stage3/fixtures/objects/28_debugger.a	1	1
stage3/fixtures/objects/29_parameter_default.a	1	1
stage3/fixtures/objects/30_host_optional_method.a	1	1
stage3/fixtures/predicates/01_identifier.a	1	1
stage3/fixtures/predicates/02_module_name.a	1	1
stage3/fixtures/predicates/03_void_zero.a	1	1
stage3/fixtures/predicates/04_literal_or.a	1	1
stage3/fixtures/predicates/05_kind_switch.a	1	1
stage3/fixtures/predicates/06_signed_numeric.a	1	1
stage3/fixtures/predicates/07_typeof.a	1	1
stage3/fixtures/predicates/08_flags.a	1	1
stage3/fixtures/predicates/09_assert_defined.a	1	1
stage3/fixtures/predicates/10_nullish.a	1	1
stage3/fixtures/predicates/11_empty_assert.a	1	1
stage3/fixtures/records/01_has_property.a	1	1
stage3/fixtures/records/02_get_property.a	1	1
stage3/fixtures/records/03_own_keys.a	1	1
stage3/fixtures/records/04_own_values.a	1	1
stage3/fixtures/records/05_integer_order.a	1	1
stage3/fixtures/records/06_delete_readd.a	1	1
stage3/fixtures/records/07_optional_view.a	1	1
stage3/fixtures/records/08_option_boolean.a	1	1
stage3/fixtures/records/09_option_undefined.a	1	1
stage3/fixtures/records/10_option_wrong_type.a	1	1
stage3/fixtures/records/11_option_string.a	1	1
stage3/fixtures/records/12_nested_entries.a	1	1
stage3/fixtures/records/13_strict_option.a	1	1
stage3/fixtures/records/14_group_by.a	1	1
stage3/fixtures/records/15_inherited_read.a	1	1
stage3/fixtures/records/16_built_strings.a	1	1
stage3/fixtures/records/17_compare_missing_object.a	1	1
stage3/fixtures/records/18_compare_missing_scalar.a	1	1
stage3/fixtures/records/19_compare_empty_objects.a	1	1
stage3/fixtures/records/input-fixtures/01_paths-missing_constructor/main.a	1	1
stage3/fixtures/records/input-fixtures/01_paths-missing_constructor/target.a	0	0
stage3/fixtures/records/input-fixtures/02_paths-missing_toString/main.a	1	1
stage3/fixtures/records/input-fixtures/02_paths-missing_toString/target.a	0	0
stage3/fixtures/records/input-fixtures/03_paths-missing_hasOwnProperty/main.a	1	1
stage3/fixtures/records/input-fixtures/03_paths-missing_hasOwnProperty/target.a	0	0
stage3/fixtures/records/input-fixtures/04_paths-missing___proto__/main.a	1	1
stage3/fixtures/records/input-fixtures/04_paths-missing___proto__/target.a	0	0
stage3/fixtures/records/input-fixtures/05_paths-own_constructor/main.a	1	1
stage3/fixtures/records/input-fixtures/05_paths-own_constructor/target.a	0	0
stage3/fixtures/records/input-fixtures/06_paths-own_toString/main.a	1	1
stage3/fixtures/records/input-fixtures/06_paths-own_toString/target.a	0	0
stage3/fixtures/records/input-fixtures/07_paths-own_hasOwnProperty/main.a	1	1
stage3/fixtures/records/input-fixtures/07_paths-own_hasOwnProperty/target.a	0	0
stage3/fixtures/records/input-fixtures/08_paths-own___proto__/main.a	1	1
stage3/fixtures/records/input-fixtures/08_paths-own___proto__/target.a	0	0
stage3/fixtures/records/input-fixtures/09_exports-missing_constructor/main.a	1	1
stage3/fixtures/records/input-fixtures/09_exports-missing_constructor/node_modules/pkg/target.d.a	0	0
stage3/fixtures/records/input-fixtures/10_exports-missing_toString/main.a	1	1
stage3/fixtures/records/input-fixtures/10_exports-missing_toString/node_modules/pkg/target.d.a	0	0
stage3/fixtures/records/input-fixtures/11_exports-missing_hasOwnProperty/main.a	1	1
stage3/fixtures/records/input-fixtures/11_exports-missing_hasOwnProperty/node_modules/pkg/target.d.a	0	0
stage3/fixtures/records/input-fixtures/12_exports-missing___proto__/main.a	1	1
stage3/fixtures/records/input-fixtures/12_exports-missing___proto__/node_modules/pkg/target.d.a	0	0
stage3/fixtures/records/input-fixtures/13_exports-own_constructor/main.a	1	1
stage3/fixtures/records/input-fixtures/13_exports-own_constructor/node_modules/pkg/target.d.a	0	0
stage3/fixtures/records/input-fixtures/14_exports-own_toString/main.a	1	1
stage3/fixtures/records/input-fixtures/14_exports-own_toString/node_modules/pkg/target.d.a	0	0
stage3/fixtures/records/input-fixtures/15_exports-own_hasOwnProperty/main.a	1	1
stage3/fixtures/records/input-fixtures/15_exports-own_hasOwnProperty/node_modules/pkg/target.d.a	0	0
stage3/fixtures/records/input-fixtures/16_exports-own___proto__/main.a	1	1
stage3/fixtures/records/input-fixtures/16_exports-own___proto__/node_modules/pkg/target.d.a	0	0
stage3/fixtures/records/input-fixtures/17_typesVersions-own_constructor/main.a	1	1
stage3/fixtures/records/input-fixtures/17_typesVersions-own_constructor/node_modules/pkg/target.d.a	0	0
stage3/fixtures/records/input-fixtures/18_typesVersions-own_toString/main.a	1	1
stage3/fixtures/records/input-fixtures/18_typesVersions-own_toString/node_modules/pkg/target.d.a	0	0
stage3/fixtures/records/input-fixtures/19_typesVersions-own_hasOwnProperty/main.a	1	1
stage3/fixtures/records/input-fixtures/19_typesVersions-own_hasOwnProperty/node_modules/pkg/target.d.a	0	0
stage3/fixtures/records/input-fixtures/20_typesVersions-own___proto__/main.a	1	1
stage3/fixtures/records/input-fixtures/20_typesVersions-own___proto__/node_modules/pkg/target.d.a	0	0
stage3/fixtures/records/input-fixtures/21_config-unknown_constructor/main.a	0	0
stage3/fixtures/records/input-fixtures/22_config-unknown_toString/main.a	0	0
stage3/fixtures/records/input-fixtures/23_config-unknown_hasOwnProperty/main.a	0	0
stage3/fixtures/records/input-fixtures/24_config-unknown___proto__/main.a	0	0
stage3/fixtures/records/input-fixtures/25_cli-unknown_constructor/main.a	0	0
stage3/fixtures/records/input-fixtures/26_cli-unknown_toString/main.a	0	0
stage3/fixtures/records/input-fixtures/27_cli-unknown_hasOwnProperty/main.a	0	0
stage3/fixtures/records/input-fixtures/28_cli-unknown___proto__/main.a	0	0
stage3/fixtures/records/input-fixtures/29_compare-old/main.a	0	0
stage3/fixtures/records/input-fixtures/30_compare-new/main.a	0	0
stage3/fixtures/runner/01_queue_empty.a	1	1
stage3/fixtures/runner/02_is_string.a	1	1
stage3/fixtures/runner/03_return_true.a	0	0
stage3/fixtures/taste/01_diagnostic_code.a	1	1
stage3/fixtures/taste/02_diagnostic_message.a	1	1
stage3/fixtures/taste/03_diagnostic_file.a	0	0
stage3/fixtures/taste/04_jsx_runtime.a	1	1
stage3/fixtures/taste/05_this_type.a	1	1
stage3/fixtures/taste/06_localized_message.a	1	1
stage3/fixtures/taste/07_compact.a	1	1
stage3/fixtures/taste/08_for_each.a	1	1
stage3/fixtures/taste/09_literal_cache.a	1	1
stage3/fixtures/taste/10_global_import_meta.a	1	1
stage3/fixtures/taste/11_build_info_pending.a	1	1
stage3/fixtures/taste/12_symbol_links.a	1	1
stage3/fixtures/taste/13_void_callback.a	1	1
stage3/fixtures/taste/14_relative_complement.a	1	1
stage3/fixtures/taste/15_barrel.a	0	0
stage3/fixtures/taste/16_scan_exclamation.a	1	1
stage3/fixtures/taste/17_binder_flow.a	1	1
stage3/fixtures/taste/18_named_export.a	0	0
stage3/fixtures/taste/19_deprecated_flags.a	1	1
stage3/fixtures/taste/20_jsdoc_terminate.a	1	1
stage3/fixtures/taste/21_truthy_loops.a	1	1
stage3/fixtures/taste/22_assignment_once.a	1	1
stage3/fixtures/taste/23_labels_finally.a	1	1
stage3/fixtures/taste/24_proportional_conditions.a	1	1
stage3/fixtures/taste/support/core.a	0	0
stage3/fixtures/taste/support/performance.a	0	0
