name,where,file,depth,body_start,body_end,bytes,checker_diagnostics
watchPresentFileSystemEntry,src/compiler/sys.ts:1257:9,src/compiler/sys.ts,2,53978,55473,1495,/workspace/stage3-latent-full-adapted/src/compiler/sys.ts:1281:43: error TS18046: 'e' is of type 'unknown'.
enableCPUProfiler,src/compiler/sys.ts:1646:9,src/compiler/sys.ts,1,72789,73483,694,"/workspace/stage3-latent-full-adapted/src/compiler/sys.ts:1651:44: error TS2591: Cannot find name 'inspector'. Do you need to install type definitions for node? Try `npm i --save-dev @types/node` and then add 'node' to the types field in your tsconfig.
/workspace/stage3-latent-full-adapted/src/compiler/sys.ts:1651:59: error TS2591: Cannot find name 'require'. Do you need to install type definitions for node? Try `npm i --save-dev @types/node` and then add 'node' to the types field in your tsconfig."
disableCPUProfiler,src/compiler/sys.ts:1694:9,src/compiler/sys.ts,1,75041,76233,1192,"/workspace/stage3-latent-full-adapted/src/compiler/sys.ts:1697:54: error TS7006: Parameter 'err' implicitly has an 'any' type.
/workspace/stage3-latent-full-adapted/src/compiler/sys.ts:1697:61: error TS7031: Binding element 'profile' implicitly has an 'any' type.
/workspace/stage3-latent-full-adapted/src/compiler/sys.ts:1700:120: error TS2591: Cannot find name 'process'. Do you need to install type definitions for node? Try `npm i --save-dev @types/node` and then add 'node' to the types field in your tsconfig."
isFileSystemCaseSensitive,src/compiler/sys.ts:1723:9,src/compiler/sys.ts,1,76290,76616,326,/workspace/stage3-latent-full-adapted/src/compiler/sys.ts:1729:41: error TS2304: Cannot find name '__filename'.
readFile,src/compiler/sys.ts:1788:9,src/compiler/sys.ts,1,79384,80749,1365,/workspace/stage3-latent-full-adapted/src/compiler/sys.ts:1789:25: error TS2591: Cannot find name 'Buffer'. Do you need to install type definitions for node? Try `npm i --save-dev @types/node` and then add 'node' to the types field in your tsconfig.
getAccessibleFileSystemEntries,src/compiler/sys.ts:1839:9,src/compiler/sys.ts,1,81442,83136,1694,"/workspace/stage3-latent-full-adapted/src/compiler/sys.ts:1854:38: error TS2591: Cannot find name 'fs'. Do you need to install type definitions for node? Try `npm i --save-dev @types/node` and then add 'node' to the types field in your tsconfig.
/workspace/stage3-latent-full-adapted/src/compiler/sys.ts:1854:59: error TS2591: Cannot find name 'fs'. Do you need to install type definitions for node? Try `npm i --save-dev @types/node` and then add 'node' to the types field in your tsconfig."
readDirectory,src/compiler/sys.ts:1883:9,src/compiler/sys.ts,1,83302,83476,174,/workspace/stage3-latent-full-adapted/src/compiler/sys.ts:1884:96: error TS2591: Cannot find name 'process'. Do you need to install type definitions for node? Try `npm i --save-dev @types/node` and then add 'node' to the types field in your tsconfig.
formatValueOrArray,src/compiler/commandLineParser.ts:2942:5,src/compiler/commandLineParser.ts,1,118607,119230,623,"/workspace/stage3-latent-full-adapted/src/compiler/commandLineParser.ts:2952:13: error TS2322: Type 'string | undefined' is not assignable to type 'string'.
  Type 'undefined' is not assignable to type 'string'."
loadModuleFromTargetExportOrImport,src/compiler/moduleNameResolver.ts:2753:5,src/compiler/moduleNameResolver.ts,1,140932,158786,17854,"/workspace/stage3-latent-full-adapted/src/compiler/moduleNameResolver.ts:2772:21: error TS2322: Type 'SearchResult<{ path: string; extension: string; packageId: PackageId | undefined; originalPath: string | undefined; resolvedUsingTsExtension: boolean | undefined; }>' is not assignable to type 'SearchResult<Resolved>'.
  Type '{ readonly value: { path: string; extension: string; packageId: PackageId | undefined; originalPath: string | undefined; resolvedUsingTsExtension: boolean | undefined; } | undefined; }' is not assignable to type 'SearchResult<Resolved>'.
    Types of property 'value' are incompatible.
      Type '{ path: string; extension: string; packageId: PackageId | undefined; originalPath: string | undefined; resolvedUsingTsExtension: boolean | undefined; } | undefined' is not assignable to type 'Resolved | undefined'.
        Type '{ path: string; extension: string; packageId: PackageId | undefined; originalPath: string | undefined; resolvedUsingTsExtension: boolean | undefined; }' is not assignable to type 'Resolved' with 'exactOptionalPropertyTypes: true'. Consider adding 'undefined' to the types of the target's properties.
          Types of property 'originalPath' are incompatible.
            Type 'string | undefined' is not assignable to type 'string | true'.
              Type 'undefined' is not assignable to type 'string | true'."
mergeModuleAugmentation,src/compiler/checker.ts:2857:5,src/compiler/checker.ts,1,122191,125891,3700,"/workspace/stage3-latent-full-adapted/src/compiler/checker.ts:2900:36: error TS2488: Type '[__String, Symbol] | undefined' must have a '[Symbol.iterator]()' method that returns an iterator."
getMergedSymbol,src/compiler/checker.ts:5309:5,src/compiler/checker.ts,1,268777,268919,142,"/workspace/stage3-latent-full-adapted/src/compiler/checker.ts:5311:45: error TS2322: Type 'Symbol | undefined' is not assignable to type 'Symbol'.
  Type 'undefined' is not assignable to type 'Symbol'."
createTypeofType,src/compiler/checker.ts:5563:5,src/compiler/checker.ts,1,282400,282555,155,"/workspace/stage3-latent-full-adapted/src/compiler/checker.ts:5564:33: error TS2769: No overload matches this call.
  The last overload gave the following error.
    Argument of type '(string | undefined)[]' is not assignable to parameter of type 'readonly string[]'.
      Type 'string | undefined' is not assignable to type 'string'.
        Type 'undefined' is not assignable to type 'string'."
hasVisibleDeclarations,src/compiler/checker.ts:6030:5,src/compiler/checker.ts,1,310367,315100,4733,"/workspace/stage3-latent-full-adapted/src/compiler/checker.ts:6035:9: error TS2375: Type '{ accessibility: SymbolAccessibility.Accessible; aliasesToMakeVisible: LateVisibilityPaintedStatement[] | undefined; }' is not assignable to type 'SymbolVisibilityResult' with 'exactOptionalPropertyTypes: true'. Consider adding 'undefined' to the types of the target's properties.
  Types of property 'aliasesToMakeVisible' are incompatible.
    Type 'LateVisibilityPaintedStatement[] | undefined' is not assignable to type 'LateVisibilityPaintedStatement[]'.
      Type 'undefined' is not assignable to type 'LateVisibilityPaintedStatement[]'."
addPropertyToElementList,src/compiler/checker.ts:7753:9,src/compiler/checker.ts,2,425432,434371,8939,"/workspace/stage3-latent-full-adapted/src/compiler/checker.ts:7837:133: error TS2379: Argument of type '{ name: ComputedPropertyName | Identifier | NumericLiteral | PrivateIdentifier | StringLiteral; questionToken: PunctuationToken<...> | undefined; }' is not assignable to parameter of type 'SignatureToSignatureDeclarationOptions' with 'exactOptionalPropertyTypes: true'. Consider adding 'undefined' to the types of the target's properties.
  Types of property 'questionToken' are incompatible.
    Type 'PunctuationToken<SyntaxKind.QuestionToken> | undefined' is not assignable to type 'QuestionToken'.
      Type 'undefined' is not assignable to type 'PunctuationToken<SyntaxKind.QuestionToken>'."
createRecoveryBoundary,src/compiler/checker.ts:8070:9,src/compiler/checker.ts,2,447105,450899,3794,"/workspace/stage3-latent-full-adapted/src/compiler/checker.ts:8082:62: error TS2379: Argument of type '{ reportTruncationError?: () => void; reportNonlocalAugmentation?: (containingFile: SourceFile, parentSymbol: Symbol, augmentingSymbol: Symbol) => void; ... 10 more ...; moduleResolverHost: (ModuleSpecifierResolutionHost & ...) | undefined; }' is not assignable to parameter of type 'SymbolTracker' with 'exactOptionalPropertyTypes: true'. Consider adding 'undefined' to the types of the target's properties.
  Types of property 'moduleResolverHost' are incompatible.
    Type '(ModuleSpecifierResolutionHost & { getCommonSourceDirectory(): string; }) | undefined' is not assignable to type 'ModuleSpecifierResolutionHost & { getCommonSourceDirectory(): string; }'.
      Type 'undefined' is not assignable to type 'ModuleSpecifierResolutionHost & { getCommonSourceDirectory(): string; }'.
        Type 'undefined' is not assignable to type 'ModuleSpecifierResolutionHost'."
lookupTypeParameterNodes,src/compiler/checker.ts:8557:9,src/compiler/checker.ts,2,476621,478325,1704,"/workspace/stage3-latent-full-adapted/src/compiler/checker.ts:8566:17: error TS2322: Type 'Set<number | undefined>' is not assignable to type 'Set<number>'.
  Type 'number | undefined' is not assignable to type 'number'.
    Type 'undefined' is not assignable to type 'number'."
typeParameterToName,src/compiler/checker.ts:8829:9,src/compiler/checker.ts,2,494159,496663,2504,"/workspace/stage3-latent-full-adapted/src/compiler/checker.ts:8861:21: error TS2322: Type 'Set<string | undefined>' is not assignable to type 'Set<string>'.
  Type 'string | undefined' is not assignable to type 'string'.
    Type 'undefined' is not assignable to type 'string'."
symbolTableToDeclarationStatements,src/compiler/checker.ts:9346:9,src/compiler/checker.ts,2,526839,652606,125767,"/workspace/stage3-latent-full-adapted/src/compiler/checker.ts:9363:17: error TS2322: Type 'Set<string | undefined>' is not assignable to type 'Set<string>'.
  Type 'string | undefined' is not assignable to type 'string'.
    Type 'undefined' is not assignable to type 'string'."
visitSymbolTable,src/compiler/checker.ts:9577:13,src/compiler/checker.ts,3,542168,543636,1468,"/workspace/stage3-latent-full-adapted/src/compiler/checker.ts:9591:37: error TS2345: Argument of type 'Symbol | undefined' is not assignable to parameter of type 'Symbol'.
  Type 'undefined' is not assignable to type 'Symbol'."
getNamespaceMembersForSerialization,src/compiler/checker.ts:10010:13,src/compiler/checker.ts,3,574667,575410,743,"/workspace/stage3-latent-full-adapted/src/compiler/checker.ts:10022:63: error TS2345: Argument of type 'Symbol | undefined' is not assignable to parameter of type 'Symbol'.
  Type 'undefined' is not assignable to type 'Symbol'.
/workspace/stage3-latent-full-adapted/src/compiler/checker.ts:10022:86: error TS18048: 'm' is possibly 'undefined'."
isTypeOnlyNamespace,src/compiler/checker.ts:10025:13,src/compiler/checker.ts,3,575470,575625,155,"/workspace/stage3-latent-full-adapted/src/compiler/checker.ts:10026:97: error TS2345: Argument of type 'Symbol | undefined' is not assignable to parameter of type 'Symbol'.
  Type 'undefined' is not assignable to type 'Symbol'."
serializeModule,src/compiler/checker.ts:10029:13,src/compiler/checker.ts,3,575731,579932,4201,"/workspace/stage3-latent-full-adapted/src/compiler/checker.ts:10033:67: error TS18048: 'm' is possibly 'undefined'.
/workspace/stage3-latent-full-adapted/src/compiler/checker.ts:10033:79: error TS18048: 'm' is possibly 'undefined'.
/workspace/stage3-latent-full-adapted/src/compiler/checker.ts:10053:53: error TS2345: Argument of type '(Symbol | undefined)[]' is not assignable to parameter of type 'readonly Symbol[]'.
  Type 'Symbol | undefined' is not assignable to type 'Symbol'.
    Type 'undefined' is not assignable to type 'Symbol'.
/workspace/stage3-latent-full-adapted/src/compiler/checker.ts:10061:90: error TS18048: 'n' is possibly 'undefined'.
/workspace/stage3-latent-full-adapted/src/compiler/checker.ts:10062:69: error TS18048: 's' is possibly 'undefined'.
/workspace/stage3-latent-full-adapted/src/compiler/checker.ts:10063:69: error TS2345: Argument of type 'Symbol | undefined' is not assignable to parameter of type 'Symbol'.
  Type 'undefined' is not assignable to type 'Symbol'.
/workspace/stage3-latent-full-adapted/src/compiler/checker.ts:10064:47: error TS18048: 's' is possibly 'undefined'.
/workspace/stage3-latent-full-adapted/src/compiler/checker.ts:10064:93: error TS2345: Argument of type 'Symbol | undefined' is not assignable to parameter of type 'Symbol'.
  Type 'undefined' is not assignable to type 'Symbol'.
/workspace/stage3-latent-full-adapted/src/compiler/checker.ts:10065:122: error TS18048: 's' is possibly 'undefined'.
/workspace/stage3-latent-full-adapted/src/compiler/checker.ts:10066:103: error TS2345: Argument of type 'Symbol | undefined' is not assignable to parameter of type 'Symbol'.
  Type 'undefined' is not assignable to type 'Symbol'.
/workspace/stage3-latent-full-adapted/src/compiler/checker.ts:10070:50: error TS2345: Argument of type 'Symbol | undefined' is not assignable to parameter of type 'Symbol'.
  Type 'undefined' is not assignable to type 'Symbol'."
serializeAsClass,src/compiler/checker.ts:10295:13,src/compiler/checker.ts,3,593989,599899,5910,"/workspace/stage3-latent-full-adapted/src/compiler/checker.ts:10319:83: error TS2345: Argument of type 'Symbol | undefined' is not assignable to parameter of type 'Symbol'.
  Type 'undefined' is not assignable to type 'Symbol'.
/workspace/stage3-latent-full-adapted/src/compiler/checker.ts:10320:51: error TS2345: Argument of type '(Symbol | undefined)[]' is not assignable to parameter of type 'readonly Symbol[]'.
  Type 'Symbol | undefined' is not assignable to type 'Symbol'.
    Type 'undefined' is not assignable to type 'Symbol'.
/workspace/stage3-latent-full-adapted/src/compiler/checker.ts:10324:76: error TS2769: No overload matches this call.
  The last overload gave the following error.
    Argument of type '(Symbol | undefined)[]' is not assignable to parameter of type 'readonly Symbol[]'.
      Type 'Symbol | undefined' is not assignable to type 'Symbol'.
        Type 'undefined' is not assignable to type 'Symbol'.
/workspace/stage3-latent-full-adapted/src/compiler/checker.ts:10336:86: error TS2345: Argument of type '(Symbol | undefined)[]' is not assignable to parameter of type 'readonly Symbol[]'.
  Type 'Symbol | undefined' is not assignable to type 'Symbol'.
    Type 'undefined' is not assignable to type 'Symbol'."
makeSerializePropertySymbol,src/compiler/checker.ts:10809:13,src/compiler/checker.ts,3,631805,641885,10080,"/workspace/stage3-latent-full-adapted/src/compiler/checker.ts:10941:33: error TS2379: Argument of type '{ name: ComputedPropertyName | Identifier | NumericLiteral | PrivateIdentifier | StringLiteral; questionToken: PunctuationToken<...> | undefined; modifiers: ... | undefined; }' is not assignable to parameter of type 'SignatureToSignatureDeclarationOptions' with 'exactOptionalPropertyTypes: true'. Consider adding 'undefined' to the types of the target's properties.
  Types of property 'modifiers' are incompatible.
    Type 'Modifier[] | undefined' is not assignable to type 'readonly Modifier[]'.
      Type 'undefined' is not assignable to type 'readonly Modifier[]'."
getFlowTypeFromCommonJSExport,src/compiler/checker.ts:12022:5,src/compiler/checker.ts,1,701507,702519,1012,/workspace/stage3-latent-full-adapted/src/compiler/checker.ts:12034:30: error TS18048: 'file' is possibly 'undefined'.
getResolvedMembersOrExportsOfSymbol,src/compiler/checker.ts:13949:5,src/compiler/checker.ts,1,810126,813960,3834,"/workspace/stage3-latent-full-adapted/src/compiler/checker.ts:13986:47: error TS2345: Argument of type 'Declaration | undefined' is not assignable to parameter of type 'Node'.
  Type 'undefined' is not assignable to type 'Node'.
/workspace/stage3-latent-full-adapted/src/compiler/checker.ts:13990:49: error TS2345: Argument of type 'Declaration | undefined' is not assignable to parameter of type 'Declaration'.
  Type 'undefined' is not assignable to type 'Declaration'."
resolveAnonymousTypeMembers,src/compiler/checker.ts:14595:5,src/compiler/checker.ts,1,847867,853273,5406,"/workspace/stage3-latent-full-adapted/src/compiler/checker.ts:14643:66: error TS2345: Argument of type '(Symbol | undefined)[]' is not assignable to parameter of type 'Symbol[]'.
  Type 'Symbol | undefined' is not assignable to type 'Symbol'.
    Type 'undefined' is not assignable to type 'Symbol'."
getAllPossiblePropertiesOfTypes,src/compiler/checker.ts:15129:5,src/compiler/checker.ts,1,880639,881368,729,"/workspace/stage3-latent-full-adapted/src/compiler/checker.ts:15145:9: error TS2322: Type '(Symbol | undefined)[]' is not assignable to type 'Symbol[]'.
  Type 'Symbol | undefined' is not assignable to type 'Symbol'.
    Type 'undefined' is not assignable to type 'Symbol'."
createUnionOrIntersectionProperty,src/compiler/checker.ts:15567:5,src/compiler/checker.ts,1,907242,917940,10698,"/workspace/stage3-latent-full-adapted/src/compiler/checker.ts:15695:41: error TS18048: 'prop' is possibly 'undefined'.
/workspace/stage3-latent-full-adapted/src/compiler/checker.ts:15697:22: error TS18048: 'prop' is possibly 'undefined'.
/workspace/stage3-latent-full-adapted/src/compiler/checker.ts:15697:47: error TS18048: 'prop' is possibly 'undefined'.
/workspace/stage3-latent-full-adapted/src/compiler/checker.ts:15700:51: error TS18048: 'prop' is possibly 'undefined'.
/workspace/stage3-latent-full-adapted/src/compiler/checker.ts:15701:42: error TS2345: Argument of type 'Symbol | undefined' is not assignable to parameter of type 'Symbol'.
  Type 'undefined' is not assignable to type 'Symbol'.
/workspace/stage3-latent-full-adapted/src/compiler/checker.ts:15704:43: error TS2345: Argument of type 'Symbol | undefined' is not assignable to parameter of type 'Symbol'.
  Type 'undefined' is not assignable to type 'Symbol'.
/workspace/stage3-latent-full-adapted/src/compiler/checker.ts:15706:52: error TS2345: Argument of type 'Symbol | undefined' is not assignable to parameter of type 'Symbol'.
  Type 'undefined' is not assignable to type 'Symbol'."
getIndexInfosOfSymbol,src/compiler/checker.ts:16687:5,src/compiler/checker.ts,1,971708,971902,194,"/workspace/stage3-latent-full-adapted/src/compiler/checker.ts:16689:70: error TS2345: Argument of type '(Symbol | undefined)[]' is not assignable to parameter of type 'Symbol[]'.
  Type 'Symbol | undefined' is not assignable to type 'Symbol'.
    Type 'undefined' is not assignable to type 'Symbol'."
createTupleTargetType,src/compiler/checker.ts:17876:5,src/compiler/checker.ts,1,1041215,1044109,2894,"/workspace/stage3-latent-full-adapted/src/compiler/checker.ts:17890:21: error TS2412: Type 'NamedTupleMember | ParameterDeclaration | undefined' is not assignable to type 'NamedTupleMember | ParameterDeclaration' with 'exactOptionalPropertyTypes: true'. Consider adding 'undefined' to the type of the target.
  Type 'undefined' is not assignable to type 'NamedTupleMember | ParameterDeclaration'."
createNormalizedTupleType,src/compiler/checker.ts:17936:5,src/compiler/checker.ts,1,1044493,1050423,5930,"/workspace/stage3-latent-full-adapted/src/compiler/checker.ts:17946:29: error TS2769: No overload matches this call.
  The last overload gave the following error.
    Argument of type 'Type | undefined' is not assignable to parameter of type 'Type'.
      Type 'undefined' is not assignable to type 'Type'."
getIntersectionType,src/compiler/checker.ts:18659:5,src/compiler/checker.ts,1,1085228,1095517,10289,"/workspace/stage3-latent-full-adapted/src/compiler/checker.ts:18662:15: error TS2322: Type '(Type | undefined)[]' is not assignable to type 'Type[]'.
  Type 'Type | undefined' is not assignable to type 'Type'.
    Type 'undefined' is not assignable to type 'Type'."
getTemplateLiteralType,src/compiler/checker.ts:19040:5,src/compiler/checker.ts,1,1110118,1112651,2533,"/workspace/stage3-latent-full-adapted/src/compiler/checker.ts:19044:25: error TS2769: No overload matches this call.
  The last overload gave the following error.
    Argument of type 'Type | undefined' is not assignable to parameter of type 'Type'.
      Type 'undefined' is not assignable to type 'Type'."
getMappedType,src/compiler/checker.ts:20576:5,src/compiler/checker.ts,1,1203447,1204765,1318,/workspace/stage3-latent-full-adapted/src/compiler/checker.ts:20595:32: error TS2722: Cannot invoke an object which is possibly 'undefined'.
makeFunctionTypeMapper,src/compiler/checker.ts:20617:5,src/compiler/checker.ts,1,1205276,1205428,152,"/workspace/stage3-latent-full-adapted/src/compiler/checker.ts:20618:50: error TS2345: Argument of type '{ kind: TypeMapKind.Function; func: (t: Type) => Type; debugInfo: (() => string) | undefined; }' is not assignable to parameter of type 'TypeMapper'.
  Type '{ kind: TypeMapKind.Function; func: (t: Type) => Type; debugInfo: (() => string) | undefined; }' is not assignable to type '{ kind: TypeMapKind.Function; func: (t: Type) => Type; debugInfo?: () => string; }' with 'exactOptionalPropertyTypes: true'. Consider adding 'undefined' to the types of the target's properties.
    Types of property 'debugInfo' are incompatible.
      Type '(() => string) | undefined' is not assignable to type '() => string'.
        Type 'undefined' is not assignable to type '() => string'."
elaborateDidYouMeanToCallOrConstruct,src/compiler/checker.ts:21415:5,src/compiler/checker.ts,1,1257785,1259104,1319,"/workspace/stage3-latent-full-adapted/src/compiler/checker.ts:21434:98: error TS2379: Argument of type '{ errors?: Diagnostic[] | undefined; }' is not assignable to parameter of type '{ errors?: Diagnostic[]; }' with 'exactOptionalPropertyTypes: true'. Consider adding 'undefined' to the types of the target's properties.
  Types of property 'errors' are incompatible.
    Type 'Diagnostic[] | undefined' is not assignable to type 'Diagnostic[]'.
      Type 'undefined' is not assignable to type 'Diagnostic[]'."
reportIncompatibleStack,src/compiler/checker.ts:22492:9,src/compiler/checker.ts,2,1323751,1330360,6609,"/workspace/stage3-latent-full-adapted/src/compiler/checker.ts:22498:29: error TS2556: A spread argument must either have a tuple type or be passed to a rest parameter.
/workspace/stage3-latent-full-adapted/src/compiler/checker.ts:22498:32: error TS2488: Type '[message: DiagnosticMessage, ...args: (string | number | boolean | readonly string[] | SourceFile | undefined)[]] | undefined' must have a '[Symbol.iterator]()' method that returns an iterator."
getPropertiesOfContext,src/compiler/checker.ts:25962:5,src/compiler/checker.ts,1,1544412,1544990,578,"/workspace/stage3-latent-full-adapted/src/compiler/checker.ts:25972:13: error TS2322: Type '(Symbol | undefined)[]' is not assignable to type 'Symbol[]'.
  Type 'Symbol | undefined' is not assignable to type 'Symbol'.
    Type 'undefined' is not assignable to type 'Symbol'.
/workspace/stage3-latent-full-adapted/src/compiler/checker.ts:25974:9: error TS2322: Type 'Symbol[] | undefined' is not assignable to type 'Symbol[]'.
  Type 'undefined' is not assignable to type 'Symbol[]'."
getSuggestionForSymbolNameLookup,src/compiler/checker.ts:35274:5,src/compiler/checker.ts,1,2094537,2095648,1111,"/workspace/stage3-latent-full-adapted/src/compiler/checker.ts:35290:33: error TS2769: No overload matches this call.
  The last overload gave the following error.
    Argument of type '(Symbol | undefined)[]' is not assignable to parameter of type 'Symbol[]'.
      Type 'Symbol | undefined' is not assignable to type 'Symbol'.
        Type 'undefined' is not assignable to type 'Symbol'.
/workspace/stage3-latent-full-adapted/src/compiler/checker.ts:35291:79: error TS2345: Argument of type '(Symbol | undefined)[]' is not assignable to parameter of type 'Symbol[]'.
  Type 'Symbol | undefined' is not assignable to type 'Symbol'.
    Type 'undefined' is not assignable to type 'Symbol'."
getParameterNameAtPosition,src/compiler/checker.ts:38418:5,src/compiler/checker.ts,1,2275328,2276166,838,"/workspace/stage3-latent-full-adapted/src/compiler/checker.ts:38430:64: error TS2345: Argument of type 'ElementFlags | undefined' is not assignable to parameter of type 'ElementFlags'.
  Type 'undefined' is not assignable to type 'ElementFlags'."
getTypeArgumentConstraint,src/compiler/checker.ts:42802:5,src/compiler/checker.ts,1,2523629,2526414,2785,"/workspace/stage3-latent-full-adapted/src/compiler/checker.ts:42849:65: error TS2345: Argument of type 'TypeParameter | undefined' is not assignable to parameter of type 'TypeParameter'.
  Type 'undefined' is not assignable to type 'TypeParameter'."
getPromisedTypeOfPromise,src/compiler/checker.ts:43496:5,src/compiler/checker.ts,1,2562035,2565287,3252,"/workspace/stage3-latent-full-adapted/src/compiler/checker.ts:43517:20: error TS2412: Type 'Type | undefined' is not assignable to type 'Type' with 'exactOptionalPropertyTypes: true'. Consider adding 'undefined' to the type of the target.
  Type 'undefined' is not assignable to type 'Type'."
getAwaitedTypeNoAlias,src/compiler/checker.ts:43700:5,src/compiler/checker.ts,1,2571117,2577207,6090,"/workspace/stage3-latent-full-adapted/src/compiler/checker.ts:43740:86: error TS2379: Argument of type '{ value: Type | undefined; }' is not assignable to parameter of type '{ value?: Type; }' with 'exactOptionalPropertyTypes: true'. Consider adding 'undefined' to the types of the target's properties.
  Types of property 'value' are incompatible.
    Type 'Type | undefined' is not assignable to type 'Type'.
      Type 'undefined' is not assignable to type 'Type'."
getIterationTypesOfIterableFast,src/compiler/checker.ts:46100:5,src/compiler/checker.ts,1,2699181,2701379,2198,"/workspace/stage3-latent-full-adapted/src/compiler/checker.ts:46114:128: error TS2345: Argument of type 'Type | undefined' is not assignable to parameter of type 'Type'.
  Type 'undefined' is not assignable to type 'Type'.
/workspace/stage3-latent-full-adapted/src/compiler/checker.ts:46114:208: error TS2345: Argument of type 'Type | undefined' is not assignable to parameter of type 'Type'.
  Type 'undefined' is not assignable to type 'Type'.
/workspace/stage3-latent-full-adapted/src/compiler/checker.ts:46128:128: error TS2345: Argument of type 'Type | undefined' is not assignable to parameter of type 'Type'.
  Type 'undefined' is not assignable to type 'Type'."
getIterationTypesOfIterableSlow,src/compiler/checker.ts:46148:5,src/compiler/checker.ts,1,2702480,2703913,1433,"/workspace/stage3-latent-full-adapted/src/compiler/checker.ts:46159:176: error TS2345: Argument of type 'ErrorOutputContainer | undefined' is not assignable to parameter of type '{ errors?: Diagnostic[]; } | undefined'.
  Type 'ErrorOutputContainer' is not assignable to type '{ errors?: Diagnostic[]; }' with 'exactOptionalPropertyTypes: true'. Consider adding 'undefined' to the types of the target's properties.
    Types of property 'errors' are incompatible.
      Type 'Diagnostic[] | undefined' is not assignable to type 'Diagnostic[]'.
        Type 'undefined' is not assignable to type 'Diagnostic[]'."
checkTryStatement,src/compiler/checker.ts:46709:5,src/compiler/checker.ts,1,2732995,2734917,1922,"/workspace/stage3-latent-full-adapted/src/compiler/checker.ts:46734:64: error TS2345: Argument of type '__String | undefined' is not assignable to parameter of type '__String'.
  Type 'undefined' is not assignable to type '__String'.
/workspace/stage3-latent-full-adapted/src/compiler/checker.ts:46736:167: error TS2345: Argument of type '__String | undefined' is not assignable to parameter of type '__String'.
  Type 'undefined' is not assignable to type '__String'."
getApplicableIndexSymbol,src/compiler/checker.ts:50133:5,src/compiler/checker.ts,1,2918753,2920201,1448,/workspace/stage3-latent-full-adapted/src/compiler/checker.ts:50153:121: error TS2532: Object is possibly 'undefined'.
createResolver,src/compiler/checker.ts:51380:5,src/compiler/checker.ts,1,2985815,2995786,9971,"/workspace/stage3-latent-full-adapted/src/compiler/checker.ts:51465:110: error TS2345: Argument of type '(Symbol | undefined)[]' is not assignable to parameter of type 'Symbol[]'.
  Type 'Symbol | undefined' is not assignable to type 'Symbol'.
    Type 'undefined' is not assignable to type 'Symbol'."
isImportRequiredByAugmentation,src/compiler/checker.ts:51522:9,src/compiler/checker.ts,2,2994846,2995779,933,"/workspace/stage3-latent-full-adapted/src/compiler/checker.ts:51530:21: error TS18048: 's' is possibly 'undefined'.
/workspace/stage3-latent-full-adapted/src/compiler/checker.ts:51532:25: error TS18048: 'merged' is possibly 'undefined'.
/workspace/stage3-latent-full-adapted/src/compiler/checker.ts:51533:41: error TS18048: 'merged' is possibly 'undefined'."
checkGrammarIndexSignatureParameters,src/compiler/checker.ts:52415:5,src/compiler/checker.ts,1,3051401,3053625,2224,"/workspace/stage3-latent-full-adapted/src/compiler/checker.ts:52426:13: error TS18048: 'parameter' is possibly 'undefined'.
/workspace/stage3-latent-full-adapted/src/compiler/checker.ts:52427:39: error TS18048: 'parameter' is possibly 'undefined'.
/workspace/stage3-latent-full-adapted/src/compiler/checker.ts:52429:35: error TS2345: Argument of type 'ParameterDeclaration | undefined' is not assignable to parameter of type 'Node'.
  Type 'undefined' is not assignable to type 'Node'.
/workspace/stage3-latent-full-adapted/src/compiler/checker.ts:52430:39: error TS18048: 'parameter' is possibly 'undefined'.
/workspace/stage3-latent-full-adapted/src/compiler/checker.ts:52432:13: error TS18048: 'parameter' is possibly 'undefined'.
/workspace/stage3-latent-full-adapted/src/compiler/checker.ts:52433:39: error TS18048: 'parameter' is possibly 'undefined'.
/workspace/stage3-latent-full-adapted/src/compiler/checker.ts:52435:13: error TS18048: 'parameter' is possibly 'undefined'.
/workspace/stage3-latent-full-adapted/src/compiler/checker.ts:52436:39: error TS18048: 'parameter' is possibly 'undefined'.
/workspace/stage3-latent-full-adapted/src/compiler/checker.ts:52438:14: error TS18048: 'parameter' is possibly 'undefined'.
/workspace/stage3-latent-full-adapted/src/compiler/checker.ts:52439:39: error TS18048: 'parameter' is possibly 'undefined'.
/workspace/stage3-latent-full-adapted/src/compiler/checker.ts:52441:42: error TS18048: 'parameter' is possibly 'undefined'.
/workspace/stage3-latent-full-adapted/src/compiler/checker.ts:52443:39: error TS18048: 'parameter' is possibly 'undefined'.
/workspace/stage3-latent-full-adapted/src/compiler/checker.ts:52446:39: error TS18048: 'parameter' is possibly 'undefined'."
appendSourceMap,src/compiler/sourcemap.ts:176:5,src/compiler/sourcemap.ts,1,6782,10201,3419,"/workspace/stage3-latent-full-adapted/src/compiler/sourcemap.ts:216:58: error TS2345: Argument of type 'string | null | undefined' is not assignable to parameter of type 'string | null'.
  Type 'undefined' is not assignable to type 'string | null'."
visitInNewClassLexicalEnvironment,src/compiler/transformers/classFields.ts:1796:5,src/compiler/transformers/classFields.ts,1,80337,83311,2974,/workspace/stage3-latent-full-adapted/src/compiler/transformers/classFields.ts:1835:21: error TS2532: Object is possibly 'undefined'.
transformConstructorBodyWorker,src/compiler/transformers/classFields.ts:2249:5,src/compiler/transformers/classFields.ts,1,104189,106778,2589,"/workspace/stage3-latent-full-adapted/src/compiler/transformers/classFields.ts:2251:45: error TS2538: Type 'undefined' cannot be used as an index type.
/workspace/stage3-latent-full-adapted/src/compiler/transformers/classFields.ts:2252:97: error TS18048: 'superStatementIndex' is possibly 'undefined'.
/workspace/stage3-latent-full-adapted/src/compiler/transformers/classFields.ts:2253:27: error TS18048: 'superStatementIndex' is possibly 'undefined'.
/workspace/stage3-latent-full-adapted/src/compiler/transformers/classFields.ts:2297:52: error TS2345: Argument of type 'Node | undefined' is not assignable to parameter of type 'Node'.
  Type 'undefined' is not assignable to type 'Node'."
transformConstructorBody,src/compiler/transformers/classFields.ts:2311:5,src/compiler/transformers/classFields.ts,1,106935,112133,5198,"/workspace/stage3-latent-full-adapted/src/compiler/transformers/classFields.ts:2376:56: error TS2345: Argument of type 'Node | undefined' is not assignable to parameter of type 'Node'.
  Type 'undefined' is not assignable to type 'Node'."
getPrivateIdentifierEnvironment,src/compiler/transformers/classFields.ts:2743:5,src/compiler/transformers/classFields.ts,1,127814,128025,211,"/workspace/stage3-latent-full-adapted/src/compiler/transformers/classFields.ts:2745:16: error TS2375: Type 'PrivateEnvironment<{ className: undefined; weakSetName: undefined; }, PrivateIdentifierInfo>' is not assignable to type 'PrivateEnvironment<PrivateEnvironmentData, PrivateIdentifierInfo>' with 'exactOptionalPropertyTypes: true'. Consider adding 'undefined' to the types of the target's properties.
  Type '{ className: undefined; weakSetName: undefined; }' is not assignable to type 'PrivateEnvironmentData' with 'exactOptionalPropertyTypes: true'. Consider adding 'undefined' to the types of the target's properties.
    Types of property 'className' are incompatible.
      Type 'undefined' is not assignable to type 'Identifier'."
addPrivateIdentifierGetAccessorDeclarationToEnvironment,src/compiler/transformers/classFields.ts:2846:5,src/compiler/transformers/classFields.ts,1,132311,133228,917,"/workspace/stage3-latent-full-adapted/src/compiler/transformers/classFields.ts:2864:52: error TS2345: Argument of type '{ kind: PrivateIdentifierKind.Accessor; getterName: Identifier; setterName: undefined; brandCheckIdentifier: Identifier; isStatic: boolean; isValid: boolean; }' is not assignable to parameter of type 'PrivateIdentifierInfo'.
  Type '{ kind: PrivateIdentifierKind.Accessor; getterName: Identifier; setterName: undefined; brandCheckIdentifier: Identifier; isStatic: boolean; isValid: boolean; }' is not assignable to type 'PrivateIdentifierAccessorInfo' with 'exactOptionalPropertyTypes: true'. Consider adding 'undefined' to the types of the target's properties.
    Types of property 'setterName' are incompatible.
      Type 'undefined' is not assignable to type 'Identifier'."
addPrivateIdentifierSetAccessorDeclarationToEnvironment,src/compiler/transformers/classFields.ts:2875:5,src/compiler/transformers/classFields.ts,1,133567,134521,954,"/workspace/stage3-latent-full-adapted/src/compiler/transformers/classFields.ts:2896:52: error TS2345: Argument of type '{ kind: PrivateIdentifierKind.Accessor; getterName: undefined; setterName: Identifier; brandCheckIdentifier: Identifier; isStatic: boolean; isValid: boolean; }' is not assignable to parameter of type 'PrivateIdentifierInfo'.
  Type '{ kind: PrivateIdentifierKind.Accessor; getterName: undefined; setterName: Identifier; brandCheckIdentifier: Identifier; isStatic: boolean; isValid: boolean; }' is not assignable to type 'PrivateIdentifierAccessorInfo' with 'exactOptionalPropertyTypes: true'. Consider adding 'undefined' to the types of the target's properties.
    Types of property 'getterName' are incompatible.
      Type 'undefined' is not assignable to type 'Identifier'."
enterClass,src/compiler/transformers/esDecorators.ts:350:5,src/compiler/transformers/esDecorators.ts,1,11877,12052,175,"/workspace/stage3-latent-full-adapted/src/compiler/transformers/esDecorators.ts:351:9: error TS2322: Type '{ kind: ""class""; next: LexicalEnvironmentStackEntry | undefined; classInfo: ClassInfo | undefined; savedPendingExpressions: Expression[] | undefined; }' is not assignable to type 'LexicalEnvironmentStackEntry | undefined'.
  Type '{ kind: ""class""; next: LexicalEnvironmentStackEntry | undefined; classInfo: ClassInfo | undefined; savedPendingExpressions: Expression[] | undefined; }' is not assignable to type 'ClassLexicalEnvironmentStackEntry' with 'exactOptionalPropertyTypes: true'. Consider adding 'undefined' to the types of the target's properties.
    Types of property 'savedPendingExpressions' are incompatible.
      Type 'Expression[] | undefined' is not assignable to type 'Expression[]'.
        Type 'undefined' is not assignable to type 'Expression[]'."
enterOther,src/compiler/transformers/esDecorators.ts:392:5,src/compiler/transformers/esDecorators.ts,1,13855,14191,336,"/workspace/stage3-latent-full-adapted/src/compiler/transformers/esDecorators.ts:398:13: error TS2322: Type '{ kind: ""other""; next: ClassElementLexicalEnvironmentStackEntry | ClassLexicalEnvironmentStackEntry | PropertyNameLexicalEnvironmentStackEntry | undefined; depth: number; savedPendingExpressions: ... | undefined; }' is not assignable to type 'LexicalEnvironmentStackEntry | undefined'.
  Type '{ kind: ""other""; next: ClassElementLexicalEnvironmentStackEntry | ClassLexicalEnvironmentStackEntry | PropertyNameLexicalEnvironmentStackEntry | undefined; depth: number; savedPendingExpressions: ... | undefined; }' is not assignable to type 'OtherLexicalEnvironmentStackEntry' with 'exactOptionalPropertyTypes: true'. Consider adding 'undefined' to the types of the target's properties.
    Types of property 'savedPendingExpressions' are incompatible.
      Type 'Expression[] | undefined' is not assignable to type 'Expression[]'.
        Type 'undefined' is not assignable to type 'Expression[]'."
transformConstructorBodyWorker,src/compiler/transformers/esDecorators.ts:1162:5,src/compiler/transformers/esDecorators.ts,1,57213,58739,1526,"/workspace/stage3-latent-full-adapted/src/compiler/transformers/esDecorators.ts:1164:45: error TS2538: Type 'undefined' cannot be used as an index type.
/workspace/stage3-latent-full-adapted/src/compiler/transformers/esDecorators.ts:1165:97: error TS18048: 'superStatementIndex' is possibly 'undefined'.
/workspace/stage3-latent-full-adapted/src/compiler/transformers/esDecorators.ts:1192:80: error TS18048: 'superStatementIndex' is possibly 'undefined'."
visitCatchClauseInAsyncBody,src/compiler/transformers/es2017.ts:316:5,src/compiler/transformers/es2017.ts,1,11629,12811,1182,"/workspace/stage3-latent-full-adapted/src/compiler/transformers/es2017.ts:325:21: error TS2322: Type 'Set<__String | undefined>' is not assignable to type 'Set<__String>'.
  Type '__String | undefined' is not assignable to type '__String'.
    Type 'undefined' is not assignable to type '__String'.
/workspace/stage3-latent-full-adapted/src/compiler/transformers/es2017.ts:327:17: error TS18048: 'catchClauseUnshadowedNames' is possibly 'undefined'."
visitVariableDeclarationListWithCollidingNames,src/compiler/transformers/es2017.ts:593:5,src/compiler/transformers/es2017.ts,1,23568,24039,471,/workspace/stage3-latent-full-adapted/src/compiler/transformers/es2017.ts:599:86: error TS2532: Object is possibly 'undefined'.
transformAsyncFunctionBody,src/compiler/transformers/es2017.ts:738:5,src/compiler/transformers/es2017.ts,1,30696,37526,6830,"/workspace/stage3-latent-full-adapted/src/compiler/transformers/es2017.ts:764:38: error TS18048: 'outerParameter' is possibly 'undefined'.
/workspace/stage3-latent-full-adapted/src/compiler/transformers/es2017.ts:765:25: error TS18048: 'originalParameter' is possibly 'undefined'.
/workspace/stage3-latent-full-adapted/src/compiler/transformers/es2017.ts:765:58: error TS18048: 'originalParameter' is possibly 'undefined'.
/workspace/stage3-latent-full-adapted/src/compiler/transformers/es2017.ts:767:76: error TS18048: 'outerParameter' is possibly 'undefined'.
/workspace/stage3-latent-full-adapted/src/compiler/transformers/es2017.ts:770:44: error TS18048: 'outerParameter' is possibly 'undefined'."
visitSourceFile,src/compiler/transformers/esnext.ts:128:5,src/compiler/transformers/esnext.ts,1,3662,8519,4857,"/workspace/stage3-latent-full-adapted/src/compiler/transformers/esnext.ts:183:34: error TS2345: Argument of type 'Statement | undefined' is not assignable to parameter of type 'Statement'.
  Type 'undefined' is not assignable to type 'Statement'.
/workspace/stage3-latent-full-adapted/src/compiler/transformers/esnext.ts:205:52: error TS2345: Argument of type '(ExportSpecifier | undefined)[]' is not assignable to parameter of type 'readonly ExportSpecifier[]'.
  Type 'ExportSpecifier | undefined' is not assignable to type 'ExportSpecifier'.
    Type 'undefined' is not assignable to type 'ExportSpecifier'."
transformUsingDeclarations,src/compiler/transformers/esnext.ts:339:5,src/compiler/transformers/esnext.ts,1,13187,16734,3547,"/workspace/stage3-latent-full-adapted/src/compiler/transformers/esnext.ts:344:44: error TS2345: Argument of type 'Statement | undefined' is not assignable to parameter of type 'Statement'.
  Type 'undefined' is not assignable to type 'Statement'.
/workspace/stage3-latent-full-adapted/src/compiler/transformers/esnext.ts:384:36: error TS2345: Argument of type 'Statement | undefined' is not assignable to parameter of type 'Node'.
  Type 'undefined' is not assignable to type 'Node'."
transformSourceFile,src/compiler/transformers/jsx.ts:159:5,src/compiler/transformers/jsx.ts,1,5494,8571,3077,"/workspace/stage3-latent-full-adapted/src/compiler/transformers/jsx.ts:174:24: error TS2488: Type '[string, Map<string, ImportSpecifier>] | undefined' must have a '[Symbol.iterator]()' method that returns an iterator.
/workspace/stage3-latent-full-adapted/src/compiler/transformers/jsx.ts:187:172: error TS18046: 's' is of type 'unknown'.
/workspace/stage3-latent-full-adapted/src/compiler/transformers/jsx.ts:187:188: error TS18046: 's' is of type 'unknown'."
convertJsxChildrenToChildrenPropAssignment,src/compiler/transformers/jsx.ts:306:5,src/compiler/transformers/jsx.ts,1,12922,13513,591,"/workspace/stage3-latent-full-adapted/src/compiler/transformers/jsx.ts:309:58: error TS2345: Argument of type 'JsxChild | undefined' is not assignable to parameter of type 'JsxChild'.
  Type 'undefined' is not assignable to type 'JsxChild'."
transformJsxAttributesToExpression,src/compiler/transformers/jsx.ts:470:5,src/compiler/transformers/jsx.ts,1,21051,23295,2244,"/workspace/stage3-latent-full-adapted/src/compiler/transformers/jsx.ts:502:62: error TS2345: Argument of type 'Expression | undefined' is not assignable to parameter of type 'Node'.
  Type 'undefined' is not assignable to type 'Node'."
visitVariableDeclarationList,src/compiler/transformers/es2015.ts:2780:5,src/compiler/transformers/es2015.ts,1,124133,125522,1389,/workspace/stage3-latent-full-adapted/src/compiler/transformers/es2015.ts:2803:38: error TS2532: Object is possibly 'undefined'.
convertForOfStatementHead,src/compiler/transformers/es2015.ts:3021:5,src/compiler/transformers/es2015.ts,1,135579,139980,4401,/workspace/stage3-latent-full-adapted/src/compiler/transformers/es2015.ts:3046:64: error TS2532: Object is possibly 'undefined'.
visitTypeScriptClassWrapper,src/compiler/transformers/es2015.ts:4343:5,src/compiler/transformers/es2015.ts,1,200219,208201,7982,"/workspace/stage3-latent-full-adapted/src/compiler/transformers/es2015.ts:4437:29: error TS2345: Argument of type 'Statement | undefined' is not assignable to parameter of type 'Statement'.
  Type 'undefined' is not assignable to type 'Statement'."
transformAndSpreadElements,src/compiler/transformers/es2015.ts:4633:5,src/compiler/transformers/es2015.ts,1,213723,217164,3441,"/workspace/stage3-latent-full-adapted/src/compiler/transformers/es2015.ts:4691:34: error TS2532: Object is possibly 'undefined'.
/workspace/stage3-latent-full-adapted/src/compiler/transformers/es2015.ts:4693:13: error TS2532: Object is possibly 'undefined'."
transformAndEmitStatements,src/compiler/transformers/generators.ts:1280:5,src/compiler/transformers/generators.ts,1,52173,52353,180,"/workspace/stage3-latent-full-adapted/src/compiler/transformers/generators.ts:1283:39: error TS2345: Argument of type 'Statement | undefined' is not assignable to parameter of type 'Statement'.
  Type 'undefined' is not assignable to type 'Statement'."
transformAndEmitVariableDeclarationList,src/compiler/transformers/generators.ts:1356:5,src/compiler/transformers/generators.ts,1,55603,56771,1168,"/workspace/stage3-latent-full-adapted/src/compiler/transformers/generators.ts:1370:35: error TS18048: 'variable' is possibly 'undefined'.
/workspace/stage3-latent-full-adapted/src/compiler/transformers/generators.ts:1374:70: error TS2345: Argument of type 'InitializedVariableDeclaration | undefined' is not assignable to parameter of type 'InitializedVariableDeclaration'.
  Type 'undefined' is not assignable to type 'InitializedVariableDeclaration'.
    Type 'undefined' is not assignable to type 'VariableDeclaration'."
transformAndEmitForInStatement,src/compiler/transformers/generators.ts:1617:5,src/compiler/transformers/generators.ts,1,65120,68624,3504,/workspace/stage3-latent-full-adapted/src/compiler/transformers/generators.ts:1684:46: error TS2532: Object is possibly 'undefined'.
visitForInStatement,src/compiler/transformers/generators.ts:1705:5,src/compiler/transformers/generators.ts,1,68682,69802,1120,/workspace/stage3-latent-full-adapted/src/compiler/transformers/generators.ts:1729:55: error TS2532: Object is possibly 'undefined'.
transformAndEmitSwitchStatement,src/compiler/transformers/generators.ts:1820:5,src/compiler/transformers/generators.ts,1,72603,76900,4297,"/workspace/stage3-latent-full-adapted/src/compiler/transformers/generators.ts:1866:21: error TS18048: 'clause' is possibly 'undefined'.
/workspace/stage3-latent-full-adapted/src/compiler/transformers/generators.ts:1880:25: error TS18048: 'clause' is possibly 'undefined'.
/workspace/stage3-latent-full-adapted/src/compiler/transformers/generators.ts:1881:43: error TS18048: 'clause' is possibly 'undefined'.
/workspace/stage3-latent-full-adapted/src/compiler/transformers/generators.ts:1881:50: error TS2339: Property 'expression' does not exist on type 'CaseOrDefaultClause'.
  Property 'expression' does not exist on type 'DefaultClause'.
/workspace/stage3-latent-full-adapted/src/compiler/transformers/generators.ts:1887:62: error TS18048: 'clause' is possibly 'undefined'.
/workspace/stage3-latent-full-adapted/src/compiler/transformers/generators.ts:1887:69: error TS2339: Property 'expression' does not exist on type 'CaseOrDefaultClause'.
  Property 'expression' does not exist on type 'DefaultClause'.
/workspace/stage3-latent-full-adapted/src/compiler/transformers/generators.ts:1889:55: error TS2345: Argument of type 'number | undefined' is not assignable to parameter of type 'number'.
  Type 'undefined' is not assignable to type 'number'.
/workspace/stage3-latent-full-adapted/src/compiler/transformers/generators.ts:1889:85: error TS18048: 'clause' is possibly 'undefined'.
/workspace/stage3-latent-full-adapted/src/compiler/transformers/generators.ts:1889:92: error TS2339: Property 'expression' does not exist on type 'CaseOrDefaultClause'.
  Property 'expression' does not exist on type 'DefaultClause'.
/workspace/stage3-latent-full-adapted/src/compiler/transformers/generators.ts:1911:27: error TS2345: Argument of type 'number | undefined' is not assignable to parameter of type 'number'.
  Type 'undefined' is not assignable to type 'number'.
/workspace/stage3-latent-full-adapted/src/compiler/transformers/generators.ts:1918:27: error TS2345: Argument of type 'number | undefined' is not assignable to parameter of type 'number'.
  Type 'undefined' is not assignable to type 'number'.
/workspace/stage3-latent-full-adapted/src/compiler/transformers/generators.ts:1919:44: error TS2532: Object is possibly 'undefined'."
hasImmediateContainingLabeledBlock,src/compiler/transformers/generators.ts:2443:5,src/compiler/transformers/generators.ts,1,93455,93856,401,"/workspace/stage3-latent-full-adapted/src/compiler/transformers/generators.ts:2446:48: error TS2345: Argument of type 'CodeBlock | undefined' is not assignable to parameter of type 'CodeBlock'.
  Type 'undefined' is not assignable to type 'CodeBlock'."
findBreakTarget,src/compiler/transformers/generators.ts:2464:5,src/compiler/transformers/generators.ts,1,94086,95001,915,"/workspace/stage3-latent-full-adapted/src/compiler/transformers/generators.ts:2469:56: error TS2345: Argument of type 'CodeBlock | undefined' is not assignable to parameter of type 'CodeBlock'.
  Type 'undefined' is not assignable to type 'CodeBlock'.
/workspace/stage3-latent-full-adapted/src/compiler/transformers/generators.ts:2472:53: error TS2345: Argument of type 'CodeBlock | undefined' is not assignable to parameter of type 'CodeBlock'.
  Type 'undefined' is not assignable to type 'CodeBlock'.
/workspace/stage3-latent-full-adapted/src/compiler/transformers/generators.ts:2480:48: error TS2345: Argument of type 'CodeBlock | undefined' is not assignable to parameter of type 'CodeBlock'.
  Type 'undefined' is not assignable to type 'CodeBlock'."
findContinueTarget,src/compiler/transformers/generators.ts:2494:5,src/compiler/transformers/generators.ts,1,95237,95987,750,"/workspace/stage3-latent-full-adapted/src/compiler/transformers/generators.ts:2499:51: error TS2345: Argument of type 'CodeBlock | undefined' is not assignable to parameter of type 'CodeBlock'.
  Type 'undefined' is not assignable to type 'CodeBlock'.
/workspace/stage3-latent-full-adapted/src/compiler/transformers/generators.ts:2507:51: error TS2345: Argument of type 'CodeBlock | undefined' is not assignable to parameter of type 'CodeBlock'.
  Type 'undefined' is not assignable to type 'CodeBlock'."
appendLabel,src/compiler/transformers/generators.ts:2869:5,src/compiler/transformers/generators.ts,1,107886,110608,2722,/workspace/stage3-latent-full-adapted/src/compiler/transformers/generators.ts:2880:63: error TS18048: 'withBlock' is possibly 'undefined'.
tryEnterLabel,src/compiler/transformers/generators.ts:2936:5,src/compiler/transformers/generators.ts,1,110758,111370,612,/workspace/stage3-latent-full-adapted/src/compiler/transformers/generators.ts:2951:21: error TS2532: Object is possibly 'undefined'.
tryEnterOrLeaveBlock,src/compiler/transformers/generators.ts:2981:5,src/compiler/transformers/generators.ts,1,112361,114058,1697,"/workspace/stage3-latent-full-adapted/src/compiler/transformers/generators.ts:2983:57: error TS2532: Object is possibly 'undefined'.
/workspace/stage3-latent-full-adapted/src/compiler/transformers/generators.ts:2984:23: error TS2322: Type 'CodeBlock | undefined' is not assignable to type 'CodeBlock'.
  Type 'undefined' is not assignable to type 'CodeBlock'."
transformSourceFile,src/compiler/transformers/module/esnextAnd2015.ts:90:5,src/compiler/transformers/module/esnextAnd2015.ts,1,2754,4570,1816,"/workspace/stage3-latent-full-adapted/src/compiler/transformers/module/esnextAnd2015.ts:100:46: error TS2345: Argument of type 'Expression | undefined' is not assignable to parameter of type 'FileReference | Node'.
  Type 'undefined' is not assignable to type 'FileReference | Node'."
visitor,src/compiler/transformers/module/esnextAnd2015.ts:143:5,src/compiler/transformers/module/esnextAnd2015.ts,1,5508,7122,1614,"/workspace/stage3-latent-full-adapted/src/compiler/transformers/module/esnextAnd2015.ts:163:91: error TS2345: Argument of type 'CallExpression | undefined' is not assignable to parameter of type 'TextRange'.
  Type 'undefined' is not assignable to type 'TextRange'."
visitImportOrRequireCall,src/compiler/transformers/module/esnextAnd2015.ts:188:5,src/compiler/transformers/module/esnextAnd2015.ts,1,7829,8293,464,"/workspace/stage3-latent-full-adapted/src/compiler/transformers/module/esnextAnd2015.ts:194:37: error TS2345: Argument of type 'Expression | undefined' is not assignable to parameter of type 'FileReference | Node'.
  Type 'undefined' is not assignable to type 'FileReference | Node'.
/workspace/stage3-latent-full-adapted/src/compiler/transformers/module/esnextAnd2015.ts:196:81: error TS2345: Argument of type 'Expression | undefined' is not assignable to parameter of type 'Expression'.
  Type 'undefined' is not assignable to type 'Expression'."
createRequireCall,src/compiler/transformers/module/esnextAnd2015.ts:207:5,src/compiler/transformers/module/esnextAnd2015.ts,1,8548,11308,2760,/workspace/stage3-latent-full-adapted/src/compiler/transformers/module/esnextAnd2015.ts:251:22: error TS2532: Object is possibly 'undefined'.
transformTopLevelDeclaration,src/compiler/transformers/declarations.ts:1387:5,src/compiler/transformers/declarations.ts,1,68264,90564,22300,"/workspace/stage3-latent-full-adapted/src/compiler/transformers/declarations.ts:1678:110: error TS2345: Argument of type 'ExpressionWithTypeArguments | undefined' is not assignable to parameter of type 'DeclarationDiagnosticProducing'.
  Type 'undefined' is not assignable to type 'DeclarationDiagnosticProducing'."
enableSubstitution,src/compiler/transformer.ts:365:5,src/compiler/transformer.ts,1,13521,13753,232,/workspace/stage3-latent-full-adapted/src/compiler/transformer.ts:367:9: error TS2532: Object is possibly 'undefined'.
enableEmitNotification,src/compiler/transformer.ts:393:5,src/compiler/transformer.ts,1,14808,15045,237,/workspace/stage3-latent-full-adapted/src/compiler/transformer.ts:395:9: error TS2532: Object is possibly 'undefined'.
endLexicalEnvironment,src/compiler/transformer.ts:520:5,src/compiler/transformer.ts,1,21826,24349,2523,"/workspace/stage3-latent-full-adapted/src/compiler/transformer.ts:563:9: error TS2322: Type 'VariableDeclaration[] | undefined' is not assignable to type 'VariableDeclaration[]'.
  Type 'undefined' is not assignable to type 'VariableDeclaration[]'.
/workspace/stage3-latent-full-adapted/src/compiler/transformer.ts:564:9: error TS2322: Type 'FunctionDeclaration[] | undefined' is not assignable to type 'FunctionDeclaration[]'.
  Type 'undefined' is not assignable to type 'FunctionDeclaration[]'.
/workspace/stage3-latent-full-adapted/src/compiler/transformer.ts:565:9: error TS2322: Type 'Statement[] | undefined' is not assignable to type 'Statement[]'.
  Type 'undefined' is not assignable to type 'Statement[]'."
endBlockScope,src/compiler/transformer.ts:600:5,src/compiler/transformer.ts,1,25526,26554,1028,"/workspace/stage3-latent-full-adapted/src/compiler/transformer.ts:614:9: error TS2322: Type 'Identifier[] | undefined' is not assignable to type 'Identifier[]'.
  Type 'undefined' is not assignable to type 'Identifier[]'."
getEmitHost,src/compiler/program.ts:2598:5,src/compiler/program.ts,1,128956,130867,1911,"/workspace/stage3-latent-full-adapted/src/compiler/program.ts:2599:9: error TS2375: Type '{ getCanonicalFileName: (fileName: string) => string; getCommonSourceDirectory: () => string; getCompilerOptions: () => CompilerOptions; getCurrentDirectory: () => string; ... 24 more ...; getGlobalTypingsCacheLocation: ... | undefined; }' is not assignable to type 'EmitHost' with 'exactOptionalPropertyTypes: true'. Consider adding 'undefined' to the types of the target's properties.
  Types of property 'createHash' are incompatible.
    Type '((data: string) => string) | undefined' is not assignable to type '(data: string) => string'.
      Type 'undefined' is not assignable to type '(data: string) => string'."
verifyCompilerOptions,src/compiler/program.ts:4075:5,src/compiler/program.ts,1,207833,230654,22821,"/workspace/stage3-latent-full-adapted/src/compiler/program.ts:4157:64: error TS2345: Argument of type 'string | undefined' is not assignable to parameter of type 'string'.
  Type 'undefined' is not assignable to type 'string'.
/workspace/stage3-latent-full-adapted/src/compiler/program.ts:4160:69: error TS2345: Argument of type 'string | undefined' is not assignable to parameter of type 'string'.
  Type 'undefined' is not assignable to type 'string'.
/workspace/stage3-latent-full-adapted/src/compiler/program.ts:4160:95: error TS2345: Argument of type 'string | undefined' is not assignable to parameter of type 'string'.
  Type 'undefined' is not assignable to type 'string'."
onProgramCreateComplete,src/compiler/program.ts:4954:5,src/compiler/program.ts,1,259457,259725,268,"/workspace/stage3-latent-full-adapted/src/compiler/program.ts:4956:9: error TS2412: Type '((directoryName: string) => boolean) | undefined' is not assignable to type '(directoryName: string) => boolean' with 'exactOptionalPropertyTypes: true'. Consider adding 'undefined' to the type of the target.
  Type 'undefined' is not assignable to type '(directoryName: string) => boolean'.
/workspace/stage3-latent-full-adapted/src/compiler/program.ts:4957:9: error TS2412: Type '((path: string) => string[]) | undefined' is not assignable to type '(path: string) => string[]' with 'exactOptionalPropertyTypes: true'. Consider adding 'undefined' to the type of the target.
  Type 'undefined' is not assignable to type '(path: string) => string[]'."
directoryExistsIfProjectReferenceDeclDir,src/compiler/program.ts:4980:5,src/compiler/program.ts,1,260720,261274,554,"/workspace/stage3-latent-full-adapted/src/compiler/program.ts:4988:28: error TS2345: Argument of type 'Path | undefined' is not assignable to parameter of type 'string'.
  Type 'undefined' is not assignable to type 'string'."
fileOrDirectoryExistsUsingSource,src/compiler/program.ts:5020:5,src/compiler/program.ts,1,262493,264289,1796,"/workspace/stage3-latent-full-adapted/src/compiler/program.ts:5038:14: error TS2488: Type '[Path, false | SymlinkedDirectory] | undefined' must have a '[Symbol.iterator]()' method that returns an iterator."
toIncrementalBuildInfoEmitDiagnostics,src/compiler/builder.ts:1489:5,src/compiler/builder.ts,1,67750,68247,497,"/workspace/stage3-latent-full-adapted/src/compiler/builder.ts:1493:60: error TS2345: Argument of type 'Path | undefined' is not assignable to parameter of type 'Path'.
  Type 'undefined' is not assignable to type 'Path'.
    Type 'undefined' is not assignable to type 'string'.
/workspace/stage3-latent-full-adapted/src/compiler/builder.ts:1495:26: error TS2345: Argument of type 'Path | undefined' is not assignable to parameter of type 'Path'.
  Type 'undefined' is not assignable to type 'Path'.
    Type 'undefined' is not assignable to type 'string'.
/workspace/stage3-latent-full-adapted/src/compiler/builder.ts:1496:45: error TS2345: Argument of type 'Path | undefined' is not assignable to parameter of type 'Path'.
  Type 'undefined' is not assignable to type 'Path'.
    Type 'undefined' is not assignable to type 'string'."
toChangeFileSet,src/compiler/builder.ts:1558:5,src/compiler/builder.ts,1,71040,71400,360,"/workspace/stage3-latent-full-adapted/src/compiler/builder.ts:1562:64: error TS2345: Argument of type 'Path | undefined' is not assignable to parameter of type 'Path'.
  Type 'undefined' is not assignable to type 'Path'.
    Type 'undefined' is not assignable to type 'string'."
toPerFileSemanticDiagnostics,src/compiler/builder.ts:2373:5,src/compiler/builder.ts,1,112138,112656,518,"/workspace/stage3-latent-full-adapted/src/compiler/builder.ts:2377:13: error TS2769: No overload matches this call.
  The last overload gave the following error.
    Type 'Generator<[Path | undefined, never[]], void, unknown>' is missing the following properties from type 'readonly (readonly [Path, readonly ReusableDiagnostic[]])[]': length, concat, join, slice, and 25 more.
/workspace/stage3-latent-full-adapted/src/compiler/builder.ts:2379:45: error TS2345: Argument of type 'Path | undefined' is not assignable to parameter of type 'Path'.
  Type 'undefined' is not assignable to type 'Path'.
    Type 'undefined' is not assignable to type 'string'."
resolveTypeReferenceDirectiveReferences,src/compiler/resolutionCache.ts:982:5,src/compiler/resolutionCache.ts,1,45948,46813,865,"/workspace/stage3-latent-full-adapted/src/compiler/resolutionCache.ts:990:43: error TS2379: Argument of type '{ entries: readonly T[]; containingFile: string; containingSourceFile: SourceFile | undefined; redirectedReference: ResolvedProjectReference | undefined; ... 6 more ...; deferWatchingNonRelativeResolution: false; }' is not assignable to parameter of type 'ResolveNamesWithLocalCacheInput<string | FileReference, SourceFile | undefined, ResolvedTypeReferenceDirectiveWithFailedLookupLocations, ResolvedTypeReferenceDirective>' with 'exactOptionalPropertyTypes: true'. Consider adding 'undefined' to the types of the target's properties.
  Types of property 'reusedNames' are incompatible.
    Type 'readonly T[] | undefined' is not assignable to type 'readonly (string | FileReference)[]'.
      Type 'undefined' is not assignable to type 'readonly (string | FileReference)[]'."
resolveModuleNameLiterals,src/compiler/resolutionCache.ts:1011:5,src/compiler/resolutionCache.ts,1,47213,48187,974,"/workspace/stage3-latent-full-adapted/src/compiler/resolutionCache.ts:1019:43: error TS2379: Argument of type '{ entries: readonly StringLiteralLike[]; containingFile: string; containingSourceFile: SourceFile; redirectedReference: ResolvedProjectReference | undefined; ... 7 more ...; deferWatchingNonRelativeResolution: true; }' is not assignable to parameter of type 'ResolveNamesWithLocalCacheInput<StringLiteralLike, SourceFile, ResolvedModuleWithFailedLookupLocations, ResolvedModuleFull>' with 'exactOptionalPropertyTypes: true'. Consider adding 'undefined' to the types of the target's properties.
  Types of property 'reusedNames' are incompatible.
    Type 'readonly StringLiteralLike[] | undefined' is not assignable to type 'readonly StringLiteralLike[]'.
      Type 'undefined' is not assignable to type 'readonly StringLiteralLike[]'."
createDirectoryWatcherForPackageDir,src/compiler/resolutionCache.ts:1254:5,src/compiler/resolutionCache.ts,1,59217,61379,2162,"/workspace/stage3-latent-full-adapted/src/compiler/resolutionCache.ts:1282:21: error TS2322: Type 'DirectoryWatchesOfFailedLookup | undefined' is not assignable to type 'DirectoryWatchesOfFailedLookup'.
  Type 'undefined' is not assignable to type 'DirectoryWatchesOfFailedLookup'.
/workspace/stage3-latent-full-adapted/src/compiler/resolutionCache.ts:1297:17: error TS2322: Type 'DirectoryWatchesOfFailedLookup | undefined' is not assignable to type 'DirectoryWatchesOfFailedLookup'.
  Type 'undefined' is not assignable to type 'DirectoryWatchesOfFailedLookup'."
createOrAddRefToDirectoryWatchOfFailedLookups,src/compiler/resolutionCache.ts:1325:5,src/compiler/resolutionCache.ts,1,62024,62471,447,"/workspace/stage3-latent-full-adapted/src/compiler/resolutionCache.ts:1332:58: error TS2375: Type '{ watcher: FileWatcher; refCount: number; nonRecursive: boolean | undefined; }' is not assignable to type 'DirectoryWatchesOfFailedLookup' with 'exactOptionalPropertyTypes: true'. Consider adding 'undefined' to the types of the target's properties.
  Types of property 'nonRecursive' are incompatible.
    Type 'boolean | undefined' is not assignable to type 'boolean'.
      Type 'undefined' is not assignable to type 'boolean'.
/workspace/stage3-latent-full-adapted/src/compiler/resolutionCache.ts:1332:58: error TS2379: Argument of type '{ watcher: FileWatcher; refCount: number; nonRecursive: boolean | undefined; }' is not assignable to parameter of type 'DirectoryWatchesOfFailedLookup' with 'exactOptionalPropertyTypes: true'. Consider adding 'undefined' to the types of the target's properties.
  Types of property 'nonRecursive' are incompatible.
    Type 'boolean | undefined' is not assignable to type 'boolean'.
      Type 'undefined' is not assignable to type 'boolean'."
stopWatchFailedLookupLocationOfResolution,src/compiler/resolutionCache.ts:1379:5,src/compiler/resolutionCache.ts,1,64607,66184,1577,/workspace/stage3-latent-full-adapted/src/compiler/resolutionCache.ts:1386:9: error TS2412: Type 'undefined' is not assignable to type 'Set<Path>' with 'exactOptionalPropertyTypes: true'. Consider adding 'undefined' to the type of the target.
isInvalidatedFailedLookup,src/compiler/resolutionCache.ts:1614:5,src/compiler/resolutionCache.ts,1,77098,77623,525,"/workspace/stage3-latent-full-adapted/src/compiler/resolutionCache.ts:1616:118: error TS2345: Argument of type 'Path | undefined' is not assignable to parameter of type 'string'.
  Type 'undefined' is not assignable to type 'string'.
/workspace/stage3-latent-full-adapted/src/compiler/resolutionCache.ts:1618:39: error TS18048: 'dirPath' is possibly 'undefined'.
/workspace/stage3-latent-full-adapted/src/compiler/resolutionCache.ts:1619:46: error TS2345: Argument of type 'Path | undefined' is not assignable to parameter of type 'string'.
  Type 'undefined' is not assignable to type 'string'.
/workspace/stage3-latent-full-adapted/src/compiler/resolutionCache.ts:1619:74: error TS2345: Argument of type 'Path | undefined' is not assignable to parameter of type 'string'.
  Type 'undefined' is not assignable to type 'string'.
/workspace/stage3-latent-full-adapted/src/compiler/resolutionCache.ts:1619:99: error TS18048: 'dirPath' is possibly 'undefined'."
close,src/compiler/watchPublic.ts:562:5,src/compiler/watchPublic.ts,1,28773,30255,1482,/workspace/stage3-latent-full-adapted/src/compiler/watchPublic.ts:568:17: error TS2412: Type 'undefined' is not assignable to type 'FileWatcher' with 'exactOptionalPropertyTypes: true'. Consider adding 'undefined' to the type of the target.
synchronizeProgram,src/compiler/watchPublic.ts:613:5,src/compiler/watchPublic.ts,1,30574,33908,3334,"/workspace/stage3-latent-full-adapted/src/compiler/watchPublic.ts:661:9: error TS2412: Type '((directory: string) => boolean) | undefined' is not assignable to type '(directoryName: string) => boolean' with 'exactOptionalPropertyTypes: true'. Consider adding 'undefined' to the type of the target.
  Type 'undefined' is not assignable to type '(directoryName: string) => boolean'.
/workspace/stage3-latent-full-adapted/src/compiler/watchPublic.ts:662:9: error TS2412: Type '((directory: string) => void) | undefined' is not assignable to type '(directory: string) => void' with 'exactOptionalPropertyTypes: true'. Consider adding 'undefined' to the type of the target.
  Type 'undefined' is not assignable to type '(directory: string) => void'."
createProgram,src/compiler/tsbuildPublic.ts:1022:5,src/compiler/tsbuildPublic.ts,1,44722,46867,2145,"/workspace/stage3-latent-full-adapted/src/compiler/tsbuildPublic.ts:1064:76: error TS18048: 'data' is possibly 'undefined'.
/workspace/stage3-latent-full-adapted/src/compiler/tsbuildPublic.ts:1065:62: error TS18048: 'data' is possibly 'undefined'.
/workspace/stage3-latent-full-adapted/src/compiler/tsbuildPublic.ts:1066:42: error TS18048: 'data' is possibly 'undefined'."
