kind,phase,where,reason,text,attempt_file,unit,context_sensitive,measurement
NotYet,lowering,src/compiler/core.ts:567:17,assigning to an Identifier,/tmp/stage3-notyet-adapted/src/compiler/core.ts:567:17: stage 0 can't lower assigning to an Identifier yet,src/compiler/core.ts,src/compiler/core.ts:551:1,False,measured on a checker-rejected entry-root program
NotYet,lowering,src/compiler/core.ts:569:21,assigning to an Identifier,/tmp/stage3-notyet-adapted/src/compiler/core.ts:569:21: stage 0 can't lower assigning to an Identifier yet,src/compiler/core.ts,src/compiler/core.ts:551:1,False,measured on a checker-rejected entry-root program
NotYet,lowering,src/compiler/core.ts:587:13,assigning to an Identifier,/tmp/stage3-notyet-adapted/src/compiler/core.ts:587:13: stage 0 can't lower assigning to an Identifier yet,src/compiler/core.ts,src/compiler/core.ts:551:1,False,measured on a checker-rejected entry-root program
NotYet,lowering,src/compiler/core.ts:567:17,assigning to an Identifier,/tmp/stage3-notyet-adapted/src/compiler/core.ts:567:17: stage 0 can't lower assigning to an Identifier yet,src/compiler/core.ts,src/compiler/core.ts:553:1,False,measured on a checker-rejected entry-root program
NotYet,lowering,src/compiler/core.ts:569:21,assigning to an Identifier,/tmp/stage3-notyet-adapted/src/compiler/core.ts:569:21: stage 0 can't lower assigning to an Identifier yet,src/compiler/core.ts,src/compiler/core.ts:553:1,False,measured on a checker-rejected entry-root program
NotYet,lowering,src/compiler/core.ts:587:13,assigning to an Identifier,/tmp/stage3-notyet-adapted/src/compiler/core.ts:587:13: stage 0 can't lower assigning to an Identifier yet,src/compiler/core.ts,src/compiler/core.ts:553:1,False,measured on a checker-rejected entry-root program
NotYet,lowering,src/compiler/core.ts:567:17,assigning to an Identifier,/tmp/stage3-notyet-adapted/src/compiler/core.ts:567:17: stage 0 can't lower assigning to an Identifier yet,src/compiler/core.ts,src/compiler/core.ts:555:1,False,measured on a checker-rejected entry-root program
NotYet,lowering,src/compiler/core.ts:569:21,assigning to an Identifier,/tmp/stage3-notyet-adapted/src/compiler/core.ts:569:21: stage 0 can't lower assigning to an Identifier yet,src/compiler/core.ts,src/compiler/core.ts:555:1,False,measured on a checker-rejected entry-root program
NotYet,lowering,src/compiler/core.ts:587:13,assigning to an Identifier,/tmp/stage3-notyet-adapted/src/compiler/core.ts:587:13: stage 0 can't lower assigning to an Identifier yet,src/compiler/core.ts,src/compiler/core.ts:555:1,False,measured on a checker-rejected entry-root program
NotYet,lowering,src/compiler/core.ts:1045:9,a YieldExpression as a statement,/tmp/stage3-notyet-adapted/src/compiler/core.ts:1045:9: stage 0 can't lower a YieldExpression as a statement yet,src/compiler/core.ts,src/compiler/core.ts:1043:1,False,measured on a checker-rejected entry-root program
NotYet,lowering,src/compiler/debug.ts:1199:17,assigning to a NonNullExpression,/tmp/stage3-notyet-adapted/src/compiler/debug.ts:1199:17: stage 0 can't lower assigning to a NonNullExpression yet,src/compiler/debug.ts,src/compiler/debug.ts:1128:9,False,measured on a checker-rejected entry-root program
NotYet,lowering,src/compiler/debug.ts:1145:21,assigning to a NonNullExpression,/tmp/stage3-notyet-adapted/src/compiler/debug.ts:1145:21: stage 0 can't lower assigning to a NonNullExpression yet,src/compiler/debug.ts,src/compiler/debug.ts:1128:9,False,measured on a checker-rejected entry-root program
NotYet,lowering,src/compiler/debug.ts:1148:21,assigning to a NonNullExpression,/tmp/stage3-notyet-adapted/src/compiler/debug.ts:1148:21: stage 0 can't lower assigning to a NonNullExpression yet,src/compiler/debug.ts,src/compiler/debug.ts:1128:9,False,measured on a checker-rejected entry-root program
NotYet,lowering,src/compiler/debug.ts:1156:21,assigning to a NonNullExpression,/tmp/stage3-notyet-adapted/src/compiler/debug.ts:1156:21: stage 0 can't lower assigning to a NonNullExpression yet,src/compiler/debug.ts,src/compiler/debug.ts:1128:9,False,measured on a checker-rejected entry-root program
NotYet,lowering,src/compiler/debug.ts:1199:17,assigning to a NonNullExpression,/tmp/stage3-notyet-adapted/src/compiler/debug.ts:1199:17: stage 0 can't lower assigning to a NonNullExpression yet,src/compiler/debug.ts,src/compiler/debug.ts:1198:13,False,measured on a checker-rejected entry-root program
NotYet,lowering,src/compiler/tracing.ts:249:17,assigning to an Identifier,/tmp/stage3-notyet-adapted/src/compiler/tracing.ts:249:17: stage 0 can't lower assigning to an Identifier yet,src/compiler/tracing.ts,src/compiler/tracing.ts:218:5,False,measured on a checker-rejected entry-root program
NotYet,lowering,src/compiler/tracing.ts:268:17,assigning to an Identifier,/tmp/stage3-notyet-adapted/src/compiler/tracing.ts:268:17: stage 0 can't lower assigning to an Identifier yet,src/compiler/tracing.ts,src/compiler/tracing.ts:218:5,False,measured on a checker-rejected entry-root program
NotYet,lowering,src/compiler/tracing.ts:279:17,assigning to an Identifier,/tmp/stage3-notyet-adapted/src/compiler/tracing.ts:279:17: stage 0 can't lower assigning to an Identifier yet,src/compiler/tracing.ts,src/compiler/tracing.ts:218:5,False,measured on a checker-rejected entry-root program
NotYet,lowering,src/compiler/sys.ts:484:9,assigning to an Identifier,/tmp/stage3-notyet-adapted/src/compiler/sys.ts:484:9: stage 0 can't lower assigning to an Identifier yet,src/compiler/sys.ts,src/compiler/sys.ts:483:5,False,measured on a checker-rejected entry-root program
NotYet,lowering,src/compiler/sys.ts:491:9,assigning to an Identifier,/tmp/stage3-notyet-adapted/src/compiler/sys.ts:491:9: stage 0 can't lower assigning to an Identifier yet,src/compiler/sys.ts,src/compiler/sys.ts:489:5,False,measured on a checker-rejected entry-root program
NotYet,lowering,src/compiler/sys.ts:771:9,assigning to an Identifier,/tmp/stage3-notyet-adapted/src/compiler/sys.ts:771:9: stage 0 can't lower assigning to an Identifier yet,src/compiler/sys.ts,src/compiler/sys.ts:759:5,False,measured on a checker-rejected entry-root program
NotYet,lowering,src/compiler/sys.ts:775:9,assigning to an Identifier,/tmp/stage3-notyet-adapted/src/compiler/sys.ts:775:9: stage 0 can't lower assigning to an Identifier yet,src/compiler/sys.ts,src/compiler/sys.ts:774:5,False,measured on a checker-rejected entry-root program
NotYet,lowering,src/compiler/path.ts:661:13,assigning to an Identifier,/tmp/stage3-notyet-adapted/src/compiler/path.ts:661:13: stage 0 can't lower assigning to an Identifier yet,src/compiler/path.ts,src/compiler/path.ts:627:1,False,measured on a checker-rejected entry-root program
NotYet,lowering,src/compiler/path.ts:672:13,assigning to an Identifier,/tmp/stage3-notyet-adapted/src/compiler/path.ts:672:13: stage 0 can't lower assigning to an Identifier yet,src/compiler/path.ts,src/compiler/path.ts:627:1,False,measured on a checker-rejected entry-root program
NotYet,lowering,src/compiler/utilitiesPublic.ts:727:13,assigning to an Identifier,/tmp/stage3-notyet-adapted/src/compiler/utilitiesPublic.ts:727:13: stage 0 can't lower assigning to an Identifier yet,src/compiler/utilitiesPublic.ts,src/compiler/utilitiesPublic.ts:693:1,False,measured on a checker-rejected entry-root program
NotYet,lowering,src/compiler/utilitiesPublic.ts:730:9,assigning to an Identifier,/tmp/stage3-notyet-adapted/src/compiler/utilitiesPublic.ts:730:9: stage 0 can't lower assigning to an Identifier yet,src/compiler/utilitiesPublic.ts,src/compiler/utilitiesPublic.ts:693:1,False,measured on a checker-rejected entry-root program
NotYet,lowering,src/compiler/utilitiesPublic.ts:727:13,assigning to an Identifier,/tmp/stage3-notyet-adapted/src/compiler/utilitiesPublic.ts:727:13: stage 0 can't lower assigning to an Identifier yet,src/compiler/utilitiesPublic.ts,src/compiler/utilitiesPublic.ts:720:5,False,measured on a checker-rejected entry-root program
NotYet,lowering,src/compiler/utilitiesPublic.ts:730:9,assigning to an Identifier,/tmp/stage3-notyet-adapted/src/compiler/utilitiesPublic.ts:730:9: stage 0 can't lower assigning to an Identifier yet,src/compiler/utilitiesPublic.ts,src/compiler/utilitiesPublic.ts:720:5,False,measured on a checker-rejected entry-root program
NotYet,lowering,src/compiler/utilities.ts:8905:9,assigning to an Identifier,/tmp/stage3-notyet-adapted/src/compiler/utilities.ts:8905:9: stage 0 can't lower assigning to an Identifier yet,src/compiler/utilities.ts,src/compiler/utilities.ts:8899:1,False,measured on a checker-rejected entry-root program
NotYet,lowering,src/compiler/utilities.ts:8912:9,assigning to an Identifier,/tmp/stage3-notyet-adapted/src/compiler/utilities.ts:8912:9: stage 0 can't lower assigning to an Identifier yet,src/compiler/utilities.ts,src/compiler/utilities.ts:8899:1,False,measured on a checker-rejected entry-root program
NotYet,lowering,src/compiler/utilities.ts:10502:9,assigning to a NonNullExpression,/tmp/stage3-notyet-adapted/src/compiler/utilities.ts:10502:9: stage 0 can't lower assigning to a NonNullExpression yet,src/compiler/utilities.ts,src/compiler/utilities.ts:10461:1,False,measured on a checker-rejected entry-root program
NotYet,lowering,src/compiler/utilities.ts:10504:23,assigning to a NonNullExpression,/tmp/stage3-notyet-adapted/src/compiler/utilities.ts:10504:23: stage 0 can't lower assigning to a NonNullExpression yet,src/compiler/utilities.ts,src/compiler/utilities.ts:10461:1,False,measured on a checker-rejected entry-root program
NotYet,lowering,src/compiler/factory/nodeFactory.ts:3533:13,assigning to an Identifier,/tmp/stage3-notyet-adapted/src/compiler/factory/nodeFactory.ts:3533:13: stage 0 can't lower assigning to an Identifier yet,src/compiler/factory/nodeFactory.ts,src/compiler/factory/nodeFactory.ts:3527:5,False,measured on a checker-rejected entry-root program
NotYet,lowering,src/compiler/factory/nodeFactory.ts:6555:9,assigning to an Identifier,/tmp/stage3-notyet-adapted/src/compiler/factory/nodeFactory.ts:6555:9: stage 0 can't lower assigning to an Identifier yet,src/compiler/factory/nodeFactory.ts,src/compiler/factory/nodeFactory.ts:6549:5,False,measured on a checker-rejected entry-root program
NotYet,lowering,src/compiler/factory/emitHelpers.ts:652:13,assigning to an Identifier,/tmp/stage3-notyet-adapted/src/compiler/factory/emitHelpers.ts:652:13: stage 0 can't lower assigning to an Identifier yet,src/compiler/factory/emitHelpers.ts,src/compiler/factory/emitHelpers.ts:648:5,False,measured on a checker-rejected entry-root program
NotYet,lowering,src/compiler/factory/emitHelpers.ts:655:13,assigning to an Identifier,/tmp/stage3-notyet-adapted/src/compiler/factory/emitHelpers.ts:655:13: stage 0 can't lower assigning to an Identifier yet,src/compiler/factory/emitHelpers.ts,src/compiler/factory/emitHelpers.ts:648:5,False,measured on a checker-rejected entry-root program
NotYet,lowering,src/compiler/factory/emitHelpers.ts:664:13,assigning to an Identifier,/tmp/stage3-notyet-adapted/src/compiler/factory/emitHelpers.ts:664:13: stage 0 can't lower assigning to an Identifier yet,src/compiler/factory/emitHelpers.ts,src/compiler/factory/emitHelpers.ts:660:5,False,measured on a checker-rejected entry-root program
NotYet,lowering,src/compiler/factory/emitHelpers.ts:667:13,assigning to an Identifier,/tmp/stage3-notyet-adapted/src/compiler/factory/emitHelpers.ts:667:13: stage 0 can't lower assigning to an Identifier yet,src/compiler/factory/emitHelpers.ts,src/compiler/factory/emitHelpers.ts:660:5,False,measured on a checker-rejected entry-root program
NotYet,lowering,src/compiler/factory/utilities.ts:536:9,assigning to an Identifier,/tmp/stage3-notyet-adapted/src/compiler/factory/utilities.ts:536:9: stage 0 can't lower assigning to an Identifier yet,src/compiler/factory/utilities.ts,src/compiler/factory/utilities.ts:516:1,False,measured on a checker-rejected entry-root program
NotYet,lowering,src/compiler/parser.ts:1655:13,assigning to an Identifier,/tmp/stage3-notyet-adapted/src/compiler/parser.ts:1655:13: stage 0 can't lower assigning to an Identifier yet,src/compiler/parser.ts,src/compiler/parser.ts:1646:5,False,measured on a checker-rejected entry-root program
NotYet,lowering,src/compiler/parser.ts:1656:13,assigning to an Identifier,/tmp/stage3-notyet-adapted/src/compiler/parser.ts:1656:13: stage 0 can't lower assigning to an Identifier yet,src/compiler/parser.ts,src/compiler/parser.ts:1646:5,False,measured on a checker-rejected entry-root program
NotYet,lowering,src/compiler/parser.ts:1666:25,assigning to an Identifier,/tmp/stage3-notyet-adapted/src/compiler/parser.ts:1666:25: stage 0 can't lower assigning to an Identifier yet,src/compiler/parser.ts,src/compiler/parser.ts:1646:5,False,measured on a checker-rejected entry-root program
NotYet,lowering,src/compiler/parser.ts:1671:25,assigning to an Identifier,/tmp/stage3-notyet-adapted/src/compiler/parser.ts:1671:25: stage 0 can't lower assigning to an Identifier yet,src/compiler/parser.ts,src/compiler/parser.ts:1646:5,False,measured on a checker-rejected entry-root program
NotYet,lowering,src/compiler/parser.ts:1689:25,assigning to an Identifier,/tmp/stage3-notyet-adapted/src/compiler/parser.ts:1689:25: stage 0 can't lower assigning to an Identifier yet,src/compiler/parser.ts,src/compiler/parser.ts:1646:5,False,measured on a checker-rejected entry-root program
NotYet,lowering,src/compiler/parser.ts:1711:13,assigning to an Identifier,/tmp/stage3-notyet-adapted/src/compiler/parser.ts:1711:13: stage 0 can't lower assigning to an Identifier yet,src/compiler/parser.ts,src/compiler/parser.ts:1646:5,False,measured on a checker-rejected entry-root program
NotYet,lowering,src/compiler/parser.ts:1712:13,assigning to an Identifier,/tmp/stage3-notyet-adapted/src/compiler/parser.ts:1712:13: stage 0 can't lower assigning to an Identifier yet,src/compiler/parser.ts,src/compiler/parser.ts:1646:5,False,measured on a checker-rejected entry-root program
NotYet,lowering,src/compiler/parser.ts:4537:13,assigning to an Identifier,/tmp/stage3-notyet-adapted/src/compiler/parser.ts:4537:13: stage 0 can't lower assigning to an Identifier yet,src/compiler/parser.ts,src/compiler/parser.ts:4528:5,False,measured on a checker-rejected entry-root program
NotYet,lowering,src/compiler/parser.ts:4834:13,assigning to an Identifier,/tmp/stage3-notyet-adapted/src/compiler/parser.ts:4834:13: stage 0 can't lower assigning to an Identifier yet,src/compiler/parser.ts,src/compiler/parser.ts:4819:5,False,measured on a checker-rejected entry-root program
NotYet,lowering,src/compiler/parser.ts:7103:13,assigning to an Identifier,/tmp/stage3-notyet-adapted/src/compiler/parser.ts:7103:13: stage 0 can't lower assigning to an Identifier yet,src/compiler/parser.ts,src/compiler/parser.ts:7097:5,False,measured on a checker-rejected entry-root program
NotYet,lowering,src/compiler/parser.ts:7108:13,assigning to an Identifier,/tmp/stage3-notyet-adapted/src/compiler/parser.ts:7108:13: stage 0 can't lower assigning to an Identifier yet,src/compiler/parser.ts,src/compiler/parser.ts:7097:5,False,measured on a checker-rejected entry-root program
NotYet,lowering,src/compiler/parser.ts:8168:13,assigning to an Identifier,/tmp/stage3-notyet-adapted/src/compiler/parser.ts:8168:13: stage 0 can't lower assigning to an Identifier yet,src/compiler/parser.ts,src/compiler/parser.ts:8154:5,False,measured on a checker-rejected entry-root program
NotYet,lowering,src/compiler/parser.ts:8172:13,assigning to an Identifier,/tmp/stage3-notyet-adapted/src/compiler/parser.ts:8172:13: stage 0 can't lower assigning to an Identifier yet,src/compiler/parser.ts,src/compiler/parser.ts:8154:5,False,measured on a checker-rejected entry-root program
NotYet,lowering,src/compiler/parser.ts:8280:13,assigning to an Identifier,/tmp/stage3-notyet-adapted/src/compiler/parser.ts:8280:13: stage 0 can't lower assigning to an Identifier yet,src/compiler/parser.ts,src/compiler/parser.ts:8275:5,False,measured on a checker-rejected entry-root program
NotYet,lowering,src/compiler/parser.ts:8284:13,assigning to an Identifier,/tmp/stage3-notyet-adapted/src/compiler/parser.ts:8284:13: stage 0 can't lower assigning to an Identifier yet,src/compiler/parser.ts,src/compiler/parser.ts:8275:5,False,measured on a checker-rejected entry-root program
NotYet,lowering,src/compiler/parser.ts:8294:13,assigning to an Identifier,/tmp/stage3-notyet-adapted/src/compiler/parser.ts:8294:13: stage 0 can't lower assigning to an Identifier yet,src/compiler/parser.ts,src/compiler/parser.ts:8290:5,False,measured on a checker-rejected entry-root program
NotYet,lowering,src/compiler/parser.ts:8298:13,assigning to an Identifier,/tmp/stage3-notyet-adapted/src/compiler/parser.ts:8298:13: stage 0 can't lower assigning to an Identifier yet,src/compiler/parser.ts,src/compiler/parser.ts:8290:5,False,measured on a checker-rejected entry-root program
NotYet,lowering,src/compiler/parser.ts:8320:13,assigning to an Identifier,/tmp/stage3-notyet-adapted/src/compiler/parser.ts:8320:13: stage 0 can't lower assigning to an Identifier yet,src/compiler/parser.ts,src/compiler/parser.ts:8315:5,False,measured on a checker-rejected entry-root program
NotYet,lowering,src/compiler/parser.ts:8324:13,assigning to an Identifier,/tmp/stage3-notyet-adapted/src/compiler/parser.ts:8324:13: stage 0 can't lower assigning to an Identifier yet,src/compiler/parser.ts,src/compiler/parser.ts:8315:5,False,measured on a checker-rejected entry-root program
NotYet,lowering,src/compiler/moduleNameResolver.ts:1783:9,assigning to an Identifier,/tmp/stage3-notyet-adapted/src/compiler/moduleNameResolver.ts:1783:9: stage 0 can't lower assigning to an Identifier yet,src/compiler/moduleNameResolver.ts,src/compiler/moduleNameResolver.ts:1778:1,False,measured on a checker-rejected entry-root program
NotYet,lowering,src/compiler/moduleNameResolver.ts:1786:9,assigning to an Identifier,/tmp/stage3-notyet-adapted/src/compiler/moduleNameResolver.ts:1786:9: stage 0 can't lower assigning to an Identifier yet,src/compiler/moduleNameResolver.ts,src/compiler/moduleNameResolver.ts:1778:1,False,measured on a checker-rejected entry-root program
NotYet,lowering,src/compiler/moduleNameResolver.ts:1787:52,assigning to an Identifier,/tmp/stage3-notyet-adapted/src/compiler/moduleNameResolver.ts:1787:52: stage 0 can't lower assigning to an Identifier yet,src/compiler/moduleNameResolver.ts,src/compiler/moduleNameResolver.ts:1778:1,False,measured on a checker-rejected entry-root program
NotYet,lowering,src/compiler/moduleNameResolver.ts:1790:9,assigning to an Identifier,/tmp/stage3-notyet-adapted/src/compiler/moduleNameResolver.ts:1790:9: stage 0 can't lower assigning to an Identifier yet,src/compiler/moduleNameResolver.ts,src/compiler/moduleNameResolver.ts:1778:1,False,measured on a checker-rejected entry-root program
NotYet,lowering,src/compiler/moduleNameResolver.ts:1783:9,assigning to an Identifier,/tmp/stage3-notyet-adapted/src/compiler/moduleNameResolver.ts:1783:9: stage 0 can't lower assigning to an Identifier yet,src/compiler/moduleNameResolver.ts,src/compiler/moduleNameResolver.ts:1779:18,False,measured on a checker-rejected entry-root program
NotYet,lowering,src/compiler/moduleNameResolver.ts:1786:9,assigning to an Identifier,/tmp/stage3-notyet-adapted/src/compiler/moduleNameResolver.ts:1786:9: stage 0 can't lower assigning to an Identifier yet,src/compiler/moduleNameResolver.ts,src/compiler/moduleNameResolver.ts:1779:18,False,measured on a checker-rejected entry-root program
NotYet,lowering,src/compiler/moduleNameResolver.ts:1787:52,assigning to an Identifier,/tmp/stage3-notyet-adapted/src/compiler/moduleNameResolver.ts:1787:52: stage 0 can't lower assigning to an Identifier yet,src/compiler/moduleNameResolver.ts,src/compiler/moduleNameResolver.ts:1779:18,False,measured on a checker-rejected entry-root program
NotYet,lowering,src/compiler/moduleNameResolver.ts:1790:9,assigning to an Identifier,/tmp/stage3-notyet-adapted/src/compiler/moduleNameResolver.ts:1790:9: stage 0 can't lower assigning to an Identifier yet,src/compiler/moduleNameResolver.ts,src/compiler/moduleNameResolver.ts:1779:18,False,measured on a checker-rejected entry-root program
NotYet,lowering,src/compiler/moduleNameResolver.ts:1783:9,assigning to an Identifier,/tmp/stage3-notyet-adapted/src/compiler/moduleNameResolver.ts:1783:9: stage 0 can't lower assigning to an Identifier yet,src/compiler/moduleNameResolver.ts,src/compiler/moduleNameResolver.ts:1780:1,False,measured on a checker-rejected entry-root program
NotYet,lowering,src/compiler/moduleNameResolver.ts:1786:9,assigning to an Identifier,/tmp/stage3-notyet-adapted/src/compiler/moduleNameResolver.ts:1786:9: stage 0 can't lower assigning to an Identifier yet,src/compiler/moduleNameResolver.ts,src/compiler/moduleNameResolver.ts:1780:1,False,measured on a checker-rejected entry-root program
NotYet,lowering,src/compiler/moduleNameResolver.ts:1787:52,assigning to an Identifier,/tmp/stage3-notyet-adapted/src/compiler/moduleNameResolver.ts:1787:52: stage 0 can't lower assigning to an Identifier yet,src/compiler/moduleNameResolver.ts,src/compiler/moduleNameResolver.ts:1780:1,False,measured on a checker-rejected entry-root program
NotYet,lowering,src/compiler/moduleNameResolver.ts:1790:9,assigning to an Identifier,/tmp/stage3-notyet-adapted/src/compiler/moduleNameResolver.ts:1790:9: stage 0 can't lower assigning to an Identifier yet,src/compiler/moduleNameResolver.ts,src/compiler/moduleNameResolver.ts:1780:1,False,measured on a checker-rejected entry-root program
NotYet,lowering,src/compiler/checker.ts:4521:13,assigning to an Identifier,/tmp/stage3-notyet-adapted/src/compiler/checker.ts:4521:13: stage 0 can't lower assigning to an Identifier yet,src/compiler/checker.ts,src/compiler/checker.ts:4513:5,False,measured on a checker-rejected entry-root program
NotYet,lowering,src/compiler/checker.ts:5444:13,assigning to an Identifier,/tmp/stage3-notyet-adapted/src/compiler/checker.ts:5444:13: stage 0 can't lower assigning to an Identifier yet,src/compiler/checker.ts,src/compiler/checker.ts:5378:5,False,measured on a checker-rejected entry-root program
NotYet,lowering,src/compiler/checker.ts:5445:13,assigning to an Identifier,/tmp/stage3-notyet-adapted/src/compiler/checker.ts:5445:13: stage 0 can't lower assigning to an Identifier yet,src/compiler/checker.ts,src/compiler/checker.ts:5378:5,False,measured on a checker-rejected entry-root program
NotYet,lowering,src/compiler/checker.ts:5444:13,assigning to an Identifier,/tmp/stage3-notyet-adapted/src/compiler/checker.ts:5444:13: stage 0 can't lower assigning to an Identifier yet,src/compiler/checker.ts,src/compiler/checker.ts:5419:9,False,measured on a checker-rejected entry-root program
NotYet,lowering,src/compiler/checker.ts:5445:13,assigning to an Identifier,/tmp/stage3-notyet-adapted/src/compiler/checker.ts:5445:13: stage 0 can't lower assigning to an Identifier yet,src/compiler/checker.ts,src/compiler/checker.ts:5419:9,False,measured on a checker-rejected entry-root program
NotYet,lowering,src/compiler/checker.ts:11193:13,assigning to an Identifier,/tmp/stage3-notyet-adapted/src/compiler/checker.ts:11193:13: stage 0 can't lower assigning to an Identifier yet,src/compiler/checker.ts,src/compiler/checker.ts:11188:5,False,measured on a checker-rejected entry-root program
NotYet,lowering,src/compiler/checker.ts:12100:13,assigning to an Identifier,/tmp/stage3-notyet-adapted/src/compiler/checker.ts:12100:13: stage 0 can't lower assigning to an Identifier yet,src/compiler/checker.ts,src/compiler/checker.ts:12083:5,False,measured on a checker-rejected entry-root program
NotYet,lowering,src/compiler/checker.ts:12419:13,assigning to an Identifier,/tmp/stage3-notyet-adapted/src/compiler/checker.ts:12419:13: stage 0 can't lower assigning to an Identifier yet,src/compiler/checker.ts,src/compiler/checker.ts:12407:5,False,measured on a checker-rejected entry-root program
NotYet,lowering,src/compiler/checker.ts:12749:17,assigning to an Identifier,/tmp/stage3-notyet-adapted/src/compiler/checker.ts:12749:17: stage 0 can't lower assigning to an Identifier yet,src/compiler/checker.ts,src/compiler/checker.ts:12706:5,False,measured on a checker-rejected entry-root program
NotYet,lowering,src/compiler/checker.ts:12770:17,assigning to an Identifier,/tmp/stage3-notyet-adapted/src/compiler/checker.ts:12770:17: stage 0 can't lower assigning to an Identifier yet,src/compiler/checker.ts,src/compiler/checker.ts:12756:5,False,measured on a checker-rejected entry-root program
NotYet,lowering,src/compiler/checker.ts:13527:17,assigning to an Identifier,/tmp/stage3-notyet-adapted/src/compiler/checker.ts:13527:17: stage 0 can't lower assigning to an Identifier yet,src/compiler/checker.ts,src/compiler/checker.ts:13500:5,False,measured on a checker-rejected entry-root program
NotYet,lowering,src/compiler/checker.ts:14416:17,assigning to an Identifier,/tmp/stage3-notyet-adapted/src/compiler/checker.ts:14416:17: stage 0 can't lower assigning to an Identifier yet,src/compiler/checker.ts,src/compiler/checker.ts:14400:5,False,measured on a checker-rejected entry-root program
NotYet,lowering,src/compiler/checker.ts:14905:17,assigning to an Identifier,/tmp/stage3-notyet-adapted/src/compiler/checker.ts:14905:17: stage 0 can't lower assigning to an Identifier yet,src/compiler/checker.ts,src/compiler/checker.ts:14887:5,False,measured on a checker-rejected entry-root program
NotYet,lowering,src/compiler/checker.ts:15357:21,assigning to an Identifier,/tmp/stage3-notyet-adapted/src/compiler/checker.ts:15357:21: stage 0 can't lower assigning to an Identifier yet,src/compiler/checker.ts,src/compiler/checker.ts:15322:5,False,measured on a checker-rejected entry-root program
NotYet,lowering,src/compiler/checker.ts:15357:21,assigning to an Identifier,/tmp/stage3-notyet-adapted/src/compiler/checker.ts:15357:21: stage 0 can't lower assigning to an Identifier yet,src/compiler/checker.ts,src/compiler/checker.ts:15329:9,False,measured on a checker-rejected entry-root program
NotYet,lowering,src/compiler/checker.ts:16483:17,assigning to an Identifier,/tmp/stage3-notyet-adapted/src/compiler/checker.ts:16483:17: stage 0 can't lower assigning to an Identifier yet,src/compiler/checker.ts,src/compiler/checker.ts:16473:5,False,measured on a checker-rejected entry-root program
NotYet,lowering,src/compiler/checker.ts:16486:17,assigning to an Identifier,/tmp/stage3-notyet-adapted/src/compiler/checker.ts:16486:17: stage 0 can't lower assigning to an Identifier yet,src/compiler/checker.ts,src/compiler/checker.ts:16473:5,False,measured on a checker-rejected entry-root program
NotYet,lowering,src/compiler/checker.ts:16505:17,assigning to an Identifier,/tmp/stage3-notyet-adapted/src/compiler/checker.ts:16505:17: stage 0 can't lower assigning to an Identifier yet,src/compiler/checker.ts,src/compiler/checker.ts:16473:5,False,measured on a checker-rejected entry-root program
NotYet,lowering,src/compiler/checker.ts:16643:17,assigning to an Identifier,/tmp/stage3-notyet-adapted/src/compiler/checker.ts:16643:17: stage 0 can't lower assigning to an Identifier yet,src/compiler/checker.ts,src/compiler/checker.ts:16631:5,False,measured on a checker-rejected entry-root program
NotYet,lowering,src/compiler/checker.ts:16646:13,assigning to an Identifier,/tmp/stage3-notyet-adapted/src/compiler/checker.ts:16646:13: stage 0 can't lower assigning to an Identifier yet,src/compiler/checker.ts,src/compiler/checker.ts:16631:5,False,measured on a checker-rejected entry-root program
NotYet,lowering,src/compiler/checker.ts:25150:21,assigning to an Identifier,/tmp/stage3-notyet-adapted/src/compiler/checker.ts:25150:21: stage 0 can't lower assigning to an Identifier yet,src/compiler/checker.ts,src/compiler/checker.ts:25124:5,False,measured on a checker-rejected entry-root program
NotYet,lowering,src/compiler/checker.ts:25153:17,assigning to an Identifier,/tmp/stage3-notyet-adapted/src/compiler/checker.ts:25153:17: stage 0 can't lower assigning to an Identifier yet,src/compiler/checker.ts,src/compiler/checker.ts:25124:5,False,measured on a checker-rejected entry-root program
NotYet,lowering,src/compiler/checker.ts:25150:21,assigning to an Identifier,/tmp/stage3-notyet-adapted/src/compiler/checker.ts:25150:21: stage 0 can't lower assigning to an Identifier yet,src/compiler/checker.ts,src/compiler/checker.ts:25132:9,False,measured on a checker-rejected entry-root program
NotYet,lowering,src/compiler/checker.ts:25153:17,assigning to an Identifier,/tmp/stage3-notyet-adapted/src/compiler/checker.ts:25153:17: stage 0 can't lower assigning to an Identifier yet,src/compiler/checker.ts,src/compiler/checker.ts:25132:9,False,measured on a checker-rejected entry-root program
NotYet,lowering,src/compiler/checker.ts:26534:13,assigning to an Identifier,/tmp/stage3-notyet-adapted/src/compiler/checker.ts:26534:13: stage 0 can't lower assigning to an Identifier yet,src/compiler/checker.ts,src/compiler/checker.ts:26522:5,False,measured on a checker-rejected entry-root program
NotYet,lowering,src/compiler/checker.ts:29409:21,assigning to an Identifier,/tmp/stage3-notyet-adapted/src/compiler/checker.ts:29409:21: stage 0 can't lower assigning to an Identifier yet,src/compiler/checker.ts,src/compiler/checker.ts:29372:9,False,measured on a checker-rejected entry-root program
NotYet,lowering,src/compiler/checker.ts:29420:21,assigning to an Identifier,/tmp/stage3-notyet-adapted/src/compiler/checker.ts:29420:21: stage 0 can't lower assigning to an Identifier yet,src/compiler/checker.ts,src/compiler/checker.ts:29372:9,False,measured on a checker-rejected entry-root program
NotYet,lowering,src/compiler/checker.ts:32518:17,assigning to an Identifier,/tmp/stage3-notyet-adapted/src/compiler/checker.ts:32518:17: stage 0 can't lower assigning to an Identifier yet,src/compiler/checker.ts,src/compiler/checker.ts:32514:5,False,measured on a checker-rejected entry-root program
NotYet,lowering,src/compiler/checker.ts:32519:17,assigning to an Identifier,/tmp/stage3-notyet-adapted/src/compiler/checker.ts:32519:17: stage 0 can't lower assigning to an Identifier yet,src/compiler/checker.ts,src/compiler/checker.ts:32514:5,False,measured on a checker-rejected entry-root program
NotYet,lowering,src/compiler/checker.ts:33124:17,assigning to an Identifier,/tmp/stage3-notyet-adapted/src/compiler/checker.ts:33124:17: stage 0 can't lower assigning to an Identifier yet,src/compiler/checker.ts,src/compiler/checker.ts:33108:5,False,measured on a checker-rejected entry-root program
NotYet,lowering,src/compiler/checker.ts:36453:17,assigning to an Identifier,/tmp/stage3-notyet-adapted/src/compiler/checker.ts:36453:17: stage 0 can't lower assigning to an Identifier yet,src/compiler/checker.ts,src/compiler/checker.ts:36410:5,False,measured on a checker-rejected entry-root program
NotYet,lowering,src/compiler/checker.ts:36463:17,assigning to an Identifier,/tmp/stage3-notyet-adapted/src/compiler/checker.ts:36463:17: stage 0 can't lower assigning to an Identifier yet,src/compiler/checker.ts,src/compiler/checker.ts:36410:5,False,measured on a checker-rejected entry-root program
NotYet,lowering,src/compiler/checker.ts:36490:17,assigning to an Identifier,/tmp/stage3-notyet-adapted/src/compiler/checker.ts:36490:17: stage 0 can't lower assigning to an Identifier yet,src/compiler/checker.ts,src/compiler/checker.ts:36410:5,False,measured on a checker-rejected entry-root program
NotYet,lowering,src/compiler/checker.ts:36506:17,assigning to an Identifier,/tmp/stage3-notyet-adapted/src/compiler/checker.ts:36506:17: stage 0 can't lower assigning to an Identifier yet,src/compiler/checker.ts,src/compiler/checker.ts:36497:5,False,measured on a checker-rejected entry-root program
NotYet,lowering,src/compiler/checker.ts:36527:17,assigning to an Identifier,/tmp/stage3-notyet-adapted/src/compiler/checker.ts:36527:17: stage 0 can't lower assigning to an Identifier yet,src/compiler/checker.ts,src/compiler/checker.ts:36497:5,False,measured on a checker-rejected entry-root program
NotYet,lowering,src/compiler/checker.ts:36534:13,assigning to an Identifier,/tmp/stage3-notyet-adapted/src/compiler/checker.ts:36534:13: stage 0 can't lower assigning to an Identifier yet,src/compiler/checker.ts,src/compiler/checker.ts:36497:5,False,measured on a checker-rejected entry-root program
NotYet,lowering,src/compiler/checker.ts:36734:25,assigning to an Identifier,/tmp/stage3-notyet-adapted/src/compiler/checker.ts:36734:25: stage 0 can't lower assigning to an Identifier yet,src/compiler/checker.ts,src/compiler/checker.ts:36540:5,False,measured on a checker-rejected entry-root program
NotYet,lowering,src/compiler/checker.ts:41715:9,assigning to an Identifier,/tmp/stage3-notyet-adapted/src/compiler/checker.ts:41715:9: stage 0 can't lower assigning to an Identifier yet,src/compiler/checker.ts,src/compiler/checker.ts:41707:5,False,measured on a checker-rejected entry-root program
NotYet,lowering,src/compiler/checker.ts:46034:13,assigning to an Identifier,/tmp/stage3-notyet-adapted/src/compiler/checker.ts:46034:13: stage 0 can't lower assigning to an Identifier yet,src/compiler/checker.ts,src/compiler/checker.ts:46011:5,False,measured on a checker-rejected entry-root program
NotYet,lowering,src/compiler/checker.ts:46062:13,assigning to an Identifier,/tmp/stage3-notyet-adapted/src/compiler/checker.ts:46062:13: stage 0 can't lower assigning to an Identifier yet,src/compiler/checker.ts,src/compiler/checker.ts:46011:5,False,measured on a checker-rejected entry-root program
NotYet,lowering,src/compiler/checker.ts:46219:9,assigning to an Identifier,/tmp/stage3-notyet-adapted/src/compiler/checker.ts:46219:9: stage 0 can't lower assigning to an Identifier yet,src/compiler/checker.ts,src/compiler/checker.ts:46206:5,False,measured on a checker-rejected entry-root program
NotYet,lowering,src/compiler/checker.ts:47749:25,assigning to an Identifier,/tmp/stage3-notyet-adapted/src/compiler/checker.ts:47749:25: stage 0 can't lower assigning to an Identifier yet,src/compiler/checker.ts,src/compiler/checker.ts:47717:5,False,measured on a checker-rejected entry-root program
NotYet,lowering,src/compiler/transformers/ts.ts:915:13,assigning to an Identifier,/tmp/stage3-notyet-adapted/src/compiler/transformers/ts.ts:915:13: stage 0 can't lower assigning to an Identifier yet,src/compiler/transformers/ts.ts,src/compiler/transformers/ts.ts:880:5,False,measured on a checker-rejected entry-root program
NotYet,lowering,src/compiler/transformers/ts.ts:1030:13,assigning to an Identifier,/tmp/stage3-notyet-adapted/src/compiler/transformers/ts.ts:1030:13: stage 0 can't lower assigning to an Identifier yet,src/compiler/transformers/ts.ts,src/compiler/transformers/ts.ts:1027:5,False,measured on a checker-rejected entry-root program
NotYet,lowering,src/compiler/transformers/ts.ts:1312:9,assigning to an Identifier,/tmp/stage3-notyet-adapted/src/compiler/transformers/ts.ts:1312:9: stage 0 can't lower assigning to an Identifier yet,src/compiler/transformers/ts.ts,src/compiler/transformers/ts.ts:1301:5,False,measured on a checker-rejected entry-root program
NotYet,lowering,src/compiler/transformers/ts.ts:1481:9,assigning to an Identifier,/tmp/stage3-notyet-adapted/src/compiler/transformers/ts.ts:1481:9: stage 0 can't lower assigning to an Identifier yet,src/compiler/transformers/ts.ts,src/compiler/transformers/ts.ts:1468:5,False,measured on a checker-rejected entry-root program
NotYet,lowering,src/compiler/transformers/ts.ts:1519:9,assigning to an Identifier,/tmp/stage3-notyet-adapted/src/compiler/transformers/ts.ts:1519:9: stage 0 can't lower assigning to an Identifier yet,src/compiler/transformers/ts.ts,src/compiler/transformers/ts.ts:1506:5,False,measured on a checker-rejected entry-root program
NotYet,lowering,src/compiler/transformers/ts.ts:1544:9,assigning to an Identifier,/tmp/stage3-notyet-adapted/src/compiler/transformers/ts.ts:1544:9: stage 0 can't lower assigning to an Identifier yet,src/compiler/transformers/ts.ts,src/compiler/transformers/ts.ts:1531:5,False,measured on a checker-rejected entry-root program
NotYet,lowering,src/compiler/transformers/ts.ts:1850:13,assigning to an Identifier,/tmp/stage3-notyet-adapted/src/compiler/transformers/ts.ts:1850:13: stage 0 can't lower assigning to an Identifier yet,src/compiler/transformers/ts.ts,src/compiler/transformers/ts.ts:1802:5,False,measured on a checker-rejected entry-root program
NotYet,lowering,src/compiler/transformers/ts.ts:2132:13,assigning to an Identifier,/tmp/stage3-notyet-adapted/src/compiler/transformers/ts.ts:2132:13: stage 0 can't lower assigning to an Identifier yet,src/compiler/transformers/ts.ts,src/compiler/transformers/ts.ts:2081:5,False,measured on a checker-rejected entry-root program
NotYet,lowering,src/compiler/transformers/classFields.ts:1460:13,assigning to an Identifier,/tmp/stage3-notyet-adapted/src/compiler/transformers/classFields.ts:1460:13: stage 0 can't lower assigning to an Identifier yet,src/compiler/transformers/classFields.ts,src/compiler/transformers/classFields.ts:1431:5,False,measured on a checker-rejected entry-root program
NotYet,lowering,src/compiler/transformers/classFields.ts:1921:13,assigning to an Identifier,/tmp/stage3-notyet-adapted/src/compiler/transformers/classFields.ts:1921:13: stage 0 can't lower assigning to an Identifier yet,src/compiler/transformers/classFields.ts,src/compiler/transformers/classFields.ts:1861:5,False,measured on a checker-rejected entry-root program
NotYet,lowering,src/compiler/transformers/esDecorators.ts:553:34,assigning to an Identifier,/tmp/stage3-notyet-adapted/src/compiler/transformers/esDecorators.ts:553:34: stage 0 can't lower assigning to an Identifier yet,src/compiler/transformers/esDecorators.ts,src/compiler/transformers/esDecorators.ts:548:5,False,measured on a checker-rejected entry-root program
NotYet,lowering,src/compiler/transformers/esDecorators.ts:554:34,assigning to an Identifier,/tmp/stage3-notyet-adapted/src/compiler/transformers/esDecorators.ts:554:34: stage 0 can't lower assigning to an Identifier yet,src/compiler/transformers/esDecorators.ts,src/compiler/transformers/esDecorators.ts:548:5,False,measured on a checker-rejected entry-root program
NotYet,lowering,src/compiler/transformers/esDecorators.ts:556:29,assigning to an Identifier,/tmp/stage3-notyet-adapted/src/compiler/transformers/esDecorators.ts:556:29: stage 0 can't lower assigning to an Identifier yet,src/compiler/transformers/esDecorators.ts,src/compiler/transformers/esDecorators.ts:548:5,False,measured on a checker-rejected entry-root program
NotYet,lowering,src/compiler/transformers/esDecorators.ts:1541:17,assigning to an Identifier,/tmp/stage3-notyet-adapted/src/compiler/transformers/esDecorators.ts:1541:17: stage 0 can't lower assigning to an Identifier yet,src/compiler/transformers/esDecorators.ts,src/compiler/transformers/esDecorators.ts:1495:5,False,measured on a checker-rejected entry-root program
NotYet,lowering,src/compiler/transformers/esDecorators.ts:1553:17,assigning to an Identifier,/tmp/stage3-notyet-adapted/src/compiler/transformers/esDecorators.ts:1553:17: stage 0 can't lower assigning to an Identifier yet,src/compiler/transformers/esDecorators.ts,src/compiler/transformers/esDecorators.ts:1495:5,False,measured on a checker-rejected entry-root program
NotYet,lowering,src/compiler/transformers/es2018.ts:1175:9,assigning to an Identifier,/tmp/stage3-notyet-adapted/src/compiler/transformers/es2018.ts:1175:9: stage 0 can't lower assigning to an Identifier yet,src/compiler/transformers/es2018.ts,src/compiler/transformers/es2018.ts:1164:5,False,measured on a checker-rejected entry-root program
NotYet,lowering,src/compiler/transformers/es2020.ts:129:9,assigning to an Identifier,/tmp/stage3-notyet-adapted/src/compiler/transformers/es2020.ts:129:9: stage 0 can't lower assigning to an Identifier yet,src/compiler/transformers/es2020.ts,src/compiler/transformers/es2020.ts:109:5,False,measured on a checker-rejected entry-root program
NotYet,lowering,src/compiler/transformers/es2020.ts:192:21,assigning to an Identifier,/tmp/stage3-notyet-adapted/src/compiler/transformers/es2020.ts:192:21: stage 0 can't lower assigning to an Identifier yet,src/compiler/transformers/es2020.ts,src/compiler/transformers/es2020.ts:166:5,False,measured on a checker-rejected entry-root program
NotYet,lowering,src/compiler/transformers/esnext.ts:535:13,assigning to an Identifier,/tmp/stage3-notyet-adapted/src/compiler/transformers/esnext.ts:535:13: stage 0 can't lower assigning to an Identifier yet,src/compiler/transformers/esnext.ts,src/compiler/transformers/esnext.ts:498:5,False,measured on a checker-rejected entry-root program
NotYet,lowering,src/compiler/transformers/esnext.ts:573:13,assigning to an Identifier,/tmp/stage3-notyet-adapted/src/compiler/transformers/esnext.ts:573:13: stage 0 can't lower assigning to an Identifier yet,src/compiler/transformers/esnext.ts,src/compiler/transformers/esnext.ts:498:5,False,measured on a checker-rejected entry-root program
NotYet,lowering,src/compiler/transformers/es2015.ts:806:13,assigning to a NonNullExpression,/tmp/stage3-notyet-adapted/src/compiler/transformers/es2015.ts:806:13: stage 0 can't lower assigning to a NonNullExpression yet,src/compiler/transformers/es2015.ts,src/compiler/transformers/es2015.ts:802:5,False,measured on a checker-rejected entry-root program
NotYet,lowering,src/compiler/transformers/es2015.ts:831:13,assigning to a NonNullExpression,/tmp/stage3-notyet-adapted/src/compiler/transformers/es2015.ts:831:13: stage 0 can't lower assigning to a NonNullExpression yet,src/compiler/transformers/es2015.ts,src/compiler/transformers/es2015.ts:829:5,False,measured on a checker-rejected entry-root program
NotYet,lowering,src/compiler/transformers/es2015.ts:3972:21,assigning to a NonNullExpression,/tmp/stage3-notyet-adapted/src/compiler/transformers/es2015.ts:3972:21: stage 0 can't lower assigning to a NonNullExpression yet,src/compiler/transformers/es2015.ts,src/compiler/transformers/es2015.ts:3938:5,False,measured on a checker-rejected entry-root program
NotYet,lowering,src/compiler/transformers/module/module.ts:1162:21,assigning to an Identifier,/tmp/stage3-notyet-adapted/src/compiler/transformers/module/module.ts:1162:21: stage 0 can't lower assigning to an Identifier yet,src/compiler/transformers/module/module.ts,src/compiler/transformers/module/module.ts:1140:5,False,measured on a checker-rejected entry-root program
NotYet,lowering,src/compiler/transformers/module/module.ts:1165:21,assigning to an Identifier,/tmp/stage3-notyet-adapted/src/compiler/transformers/module/module.ts:1165:21: stage 0 can't lower assigning to an Identifier yet,src/compiler/transformers/module/module.ts,src/compiler/transformers/module/module.ts:1140:5,False,measured on a checker-rejected entry-root program
NotYet,lowering,src/compiler/transformers/module/module.ts:1168:25,assigning to an Identifier,/tmp/stage3-notyet-adapted/src/compiler/transformers/module/module.ts:1168:25: stage 0 can't lower assigning to an Identifier yet,src/compiler/transformers/module/module.ts,src/compiler/transformers/module/module.ts:1140:5,False,measured on a checker-rejected entry-root program
NotYet,lowering,src/compiler/transformers/module/module.ts:1171:21,assigning to an Identifier,/tmp/stage3-notyet-adapted/src/compiler/transformers/module/module.ts:1171:21: stage 0 can't lower assigning to an Identifier yet,src/compiler/transformers/module/module.ts,src/compiler/transformers/module/module.ts:1140:5,False,measured on a checker-rejected entry-root program
NotYet,lowering,src/compiler/transformers/module/module.ts:1177:21,assigning to an Identifier,/tmp/stage3-notyet-adapted/src/compiler/transformers/module/module.ts:1177:21: stage 0 can't lower assigning to an Identifier yet,src/compiler/transformers/module/module.ts,src/compiler/transformers/module/module.ts:1140:5,False,measured on a checker-rejected entry-root program
NotYet,lowering,src/compiler/transformers/module/module.ts:1183:21,assigning to an Identifier,/tmp/stage3-notyet-adapted/src/compiler/transformers/module/module.ts:1183:21: stage 0 can't lower assigning to an Identifier yet,src/compiler/transformers/module/module.ts,src/compiler/transformers/module/module.ts:1140:5,False,measured on a checker-rejected entry-root program
NotYet,lowering,src/compiler/transformers/module/module.ts:1368:13,assigning to an Identifier,/tmp/stage3-notyet-adapted/src/compiler/transformers/module/module.ts:1368:13: stage 0 can't lower assigning to an Identifier yet,src/compiler/transformers/module/module.ts,src/compiler/transformers/module/module.ts:1332:5,False,measured on a checker-rejected entry-root program
NotYet,lowering,src/compiler/transformers/module/module.ts:1913:17,assigning to an Identifier,/tmp/stage3-notyet-adapted/src/compiler/transformers/module/module.ts:1913:17: stage 0 can't lower assigning to an Identifier yet,src/compiler/transformers/module/module.ts,src/compiler/transformers/module/module.ts:1905:5,False,measured on a checker-rejected entry-root program
NotYet,lowering,src/compiler/transformers/module/system.ts:524:13,assigning to an Identifier,/tmp/stage3-notyet-adapted/src/compiler/transformers/module/system.ts:524:13: stage 0 can't lower assigning to an Identifier yet,src/compiler/transformers/module/system.ts,src/compiler/transformers/module/system.ts:517:5,False,measured on a checker-rejected entry-root program
NotYet,lowering,src/compiler/transformers/module/system.ts:1712:21,assigning to an Identifier,/tmp/stage3-notyet-adapted/src/compiler/transformers/module/system.ts:1712:21: stage 0 can't lower assigning to an Identifier yet,src/compiler/transformers/module/system.ts,src/compiler/transformers/module/system.ts:1690:5,False,measured on a checker-rejected entry-root program
NotYet,lowering,src/compiler/transformers/module/system.ts:1715:21,assigning to an Identifier,/tmp/stage3-notyet-adapted/src/compiler/transformers/module/system.ts:1715:21: stage 0 can't lower assigning to an Identifier yet,src/compiler/transformers/module/system.ts,src/compiler/transformers/module/system.ts:1690:5,False,measured on a checker-rejected entry-root program
NotYet,lowering,src/compiler/transformers/module/system.ts:1718:25,assigning to an Identifier,/tmp/stage3-notyet-adapted/src/compiler/transformers/module/system.ts:1718:25: stage 0 can't lower assigning to an Identifier yet,src/compiler/transformers/module/system.ts,src/compiler/transformers/module/system.ts:1690:5,False,measured on a checker-rejected entry-root program
NotYet,lowering,src/compiler/transformers/module/system.ts:1721:21,assigning to an Identifier,/tmp/stage3-notyet-adapted/src/compiler/transformers/module/system.ts:1721:21: stage 0 can't lower assigning to an Identifier yet,src/compiler/transformers/module/system.ts,src/compiler/transformers/module/system.ts:1690:5,False,measured on a checker-rejected entry-root program
NotYet,lowering,src/compiler/transformers/module/system.ts:1726:21,assigning to an Identifier,/tmp/stage3-notyet-adapted/src/compiler/transformers/module/system.ts:1726:21: stage 0 can't lower assigning to an Identifier yet,src/compiler/transformers/module/system.ts,src/compiler/transformers/module/system.ts:1690:5,False,measured on a checker-rejected entry-root program
NotYet,lowering,src/compiler/transformers/module/system.ts:1730:21,assigning to an Identifier,/tmp/stage3-notyet-adapted/src/compiler/transformers/module/system.ts:1730:21: stage 0 can't lower assigning to an Identifier yet,src/compiler/transformers/module/system.ts,src/compiler/transformers/module/system.ts:1690:5,False,measured on a checker-rejected entry-root program
NotYet,lowering,src/compiler/transformers/module/system.ts:1779:17,a DeleteExpression as a statement,/tmp/stage3-notyet-adapted/src/compiler/transformers/module/system.ts:1779:17: stage 0 can't lower a DeleteExpression as a statement yet,src/compiler/transformers/module/system.ts,src/compiler/transformers/module/system.ts:1769:5,False,measured on a checker-rejected entry-root program
NotYet,lowering,src/compiler/transformers/declarations.ts:706:13,assigning to an Identifier,/tmp/stage3-notyet-adapted/src/compiler/transformers/declarations.ts:706:13: stage 0 can't lower assigning to an Identifier yet,src/compiler/transformers/declarations.ts,src/compiler/transformers/declarations.ts:675:5,False,measured on a checker-rejected entry-root program
NotYet,lowering,src/compiler/transformers/declarations.ts:709:13,assigning to an Identifier,/tmp/stage3-notyet-adapted/src/compiler/transformers/declarations.ts:709:13: stage 0 can't lower assigning to an Identifier yet,src/compiler/transformers/declarations.ts,src/compiler/transformers/declarations.ts:675:5,False,measured on a checker-rejected entry-root program
NotYet,lowering,src/compiler/emitter.ts:646:9,assigning to an Identifier,/tmp/stage3-notyet-adapted/src/compiler/emitter.ts:646:9: stage 0 can't lower assigning to an Identifier yet,src/compiler/emitter.ts,src/compiler/emitter.ts:636:1,False,measured on a checker-rejected entry-root program
NotYet,lowering,src/compiler/emitter.ts:651:9,assigning to an Identifier,/tmp/stage3-notyet-adapted/src/compiler/emitter.ts:651:9: stage 0 can't lower assigning to an Identifier yet,src/compiler/emitter.ts,src/compiler/emitter.ts:636:1,False,measured on a checker-rejected entry-root program
NotYet,lowering,src/compiler/emitter.ts:655:9,assigning to an Identifier,/tmp/stage3-notyet-adapted/src/compiler/emitter.ts:655:9: stage 0 can't lower assigning to an Identifier yet,src/compiler/emitter.ts,src/compiler/emitter.ts:636:1,False,measured on a checker-rejected entry-root program
NotYet,lowering,src/compiler/emitter.ts:1036:17,assigning to an Identifier,/tmp/stage3-notyet-adapted/src/compiler/emitter.ts:1036:17: stage 0 can't lower assigning to an Identifier yet,src/compiler/emitter.ts,src/compiler/emitter.ts:752:1,False,measured on a checker-rejected entry-root program
NotYet,lowering,src/compiler/emitter.ts:1036:17,assigning to an Identifier,/tmp/stage3-notyet-adapted/src/compiler/emitter.ts:1036:17: stage 0 can't lower assigning to an Identifier yet,src/compiler/emitter.ts,src/compiler/emitter.ts:993:5,False,measured on a checker-rejected entry-root program
NotYet,lowering,src/compiler/program.ts:719:9,assigning to an Identifier,/tmp/stage3-notyet-adapted/src/compiler/program.ts:719:9: stage 0 can't lower assigning to an Identifier yet,src/compiler/program.ts,src/compiler/program.ts:711:1,False,measured on a checker-rejected entry-root program
NotYet,lowering,src/compiler/program.ts:2149:9,assigning to an Identifier,/tmp/stage3-notyet-adapted/src/compiler/program.ts:2149:9: stage 0 can't lower assigning to an Identifier yet,src/compiler/program.ts,src/compiler/program.ts:2143:5,False,measured on a checker-rejected entry-root program
NotYet,lowering,src/compiler/program.ts:4057:25,assigning to an Identifier,/tmp/stage3-notyet-adapted/src/compiler/program.ts:4057:25: stage 0 can't lower assigning to an Identifier yet,src/compiler/program.ts,src/compiler/program.ts:3999:5,False,measured on a checker-rejected entry-root program
NotYet,lowering,src/compiler/program.ts:4061:25,assigning to an Identifier,/tmp/stage3-notyet-adapted/src/compiler/program.ts:4061:25: stage 0 can't lower assigning to an Identifier yet,src/compiler/program.ts,src/compiler/program.ts:3999:5,False,measured on a checker-rejected entry-root program
NotYet,lowering,src/compiler/builder.ts:2169:17,assigning to an Identifier,/tmp/stage3-notyet-adapted/src/compiler/builder.ts:2169:17: stage 0 can't lower assigning to an Identifier yet,src/compiler/builder.ts,src/compiler/builder.ts:2126:5,False,measured on a checker-rejected entry-root program
NotYet,lowering,src/compiler/watchPublic.ts:112:9,assigning to an Identifier,/tmp/stage3-notyet-adapted/src/compiler/watchPublic.ts:112:9: stage 0 can't lower assigning to an Identifier yet,src/compiler/watchPublic.ts,src/compiler/watchPublic.ts:106:1,False,measured on a checker-rejected entry-root program
NotYet,lowering,src/compiler/watchPublic.ts:117:9,assigning to an Identifier,/tmp/stage3-notyet-adapted/src/compiler/watchPublic.ts:117:9: stage 0 can't lower assigning to an Identifier yet,src/compiler/watchPublic.ts,src/compiler/watchPublic.ts:106:1,False,measured on a checker-rejected entry-root program
NotYet,lowering,src/compiler/watchPublic.ts:697:9,assigning to an Identifier,/tmp/stage3-notyet-adapted/src/compiler/watchPublic.ts:697:9: stage 0 can't lower assigning to an Identifier yet,src/compiler/watchPublic.ts,src/compiler/watchPublic.ts:682:5,False,measured on a checker-rejected entry-root program
NotYet,lowering,src/compiler/watchPublic.ts:858:9,assigning to an Identifier,/tmp/stage3-notyet-adapted/src/compiler/watchPublic.ts:858:9: stage 0 can't lower assigning to an Identifier yet,src/compiler/watchPublic.ts,src/compiler/watchPublic.ts:855:5,False,measured on a checker-rejected entry-root program
NotYet,lowering,src/compiler/watchPublic.ts:868:9,assigning to an Identifier,/tmp/stage3-notyet-adapted/src/compiler/watchPublic.ts:868:9: stage 0 can't lower assigning to an Identifier yet,src/compiler/watchPublic.ts,src/compiler/watchPublic.ts:862:5,False,measured on a checker-rejected entry-root program
NotYet,lowering,src/compiler/watchPublic.ts:872:9,assigning to an Identifier,/tmp/stage3-notyet-adapted/src/compiler/watchPublic.ts:872:9: stage 0 can't lower assigning to an Identifier yet,src/compiler/watchPublic.ts,src/compiler/watchPublic.ts:871:5,False,measured on a checker-rejected entry-root program
NotYet,lowering,src/compiler/watchPublic.ts:890:9,assigning to an Identifier,/tmp/stage3-notyet-adapted/src/compiler/watchPublic.ts:890:9: stage 0 can't lower assigning to an Identifier yet,src/compiler/watchPublic.ts,src/compiler/watchPublic.ts:881:5,False,measured on a checker-rejected entry-root program
NotYet,lowering,src/compiler/watchPublic.ts:900:9,assigning to an Identifier,/tmp/stage3-notyet-adapted/src/compiler/watchPublic.ts:900:9: stage 0 can't lower assigning to an Identifier yet,src/compiler/watchPublic.ts,src/compiler/watchPublic.ts:899:5,False,measured on a checker-rejected entry-root program
NotYet,lowering,src/compiler/executeCommandLine.ts:515:5,assigning to an Identifier,/tmp/stage3-notyet-adapted/src/compiler/executeCommandLine.ts:515:5: stage 0 can't lower assigning to an Identifier yet,src/compiler/executeCommandLine.ts,src/compiler/executeCommandLine.ts:513:1,False,measured on a checker-rejected entry-root program
NotYet,lowering,src/compiler/executeCommandLine.ts:516:5,assigning to an Identifier,/tmp/stage3-notyet-adapted/src/compiler/executeCommandLine.ts:516:5: stage 0 can't lower assigning to an Identifier yet,src/compiler/executeCommandLine.ts,src/compiler/executeCommandLine.ts:513:1,False,measured on a checker-rejected entry-root program
NotYet,lowering,src/compiler/executeCommandLine.ts:517:5,assigning to an Identifier,/tmp/stage3-notyet-adapted/src/compiler/executeCommandLine.ts:517:5: stage 0 can't lower assigning to an Identifier yet,src/compiler/executeCommandLine.ts,src/compiler/executeCommandLine.ts:513:1,False,measured on a checker-rejected entry-root program
NotYet,lowering,src/compiler/executeCommandLine.ts:525:5,assigning to an Identifier,/tmp/stage3-notyet-adapted/src/compiler/executeCommandLine.ts:525:5: stage 0 can't lower assigning to an Identifier yet,src/compiler/executeCommandLine.ts,src/compiler/executeCommandLine.ts:523:1,False,measured on a checker-rejected entry-root program
NotYet,lowering,src/compiler/expressionToTypeNode.ts:648:13,assigning to an Identifier,/tmp/stage3-notyet-adapted/src/compiler/expressionToTypeNode.ts:648:13: stage 0 can't lower assigning to an Identifier yet,src/compiler/expressionToTypeNode.ts,src/compiler/expressionToTypeNode.ts:637:5,False,measured on a checker-rejected entry-root program
NotYet,lowering,src/compiler/expressionToTypeNode.ts:806:13,assigning to an Identifier,/tmp/stage3-notyet-adapted/src/compiler/expressionToTypeNode.ts:806:13: stage 0 can't lower assigning to an Identifier yet,src/compiler/expressionToTypeNode.ts,src/compiler/expressionToTypeNode.ts:802:5,False,measured on a checker-rejected entry-root program
