family,checks,agree,diverge,blocked,agreement_among_successful_cells,go_findings,node_findings,blocked_causes
@eslint-community,201196,0,0,201196,,7541,0,"{""unported rule"": 201196}"
adamic,1408372,188441,16,1219915,99.991510%,34285,11850,"{""execution fault"": 63, ""parser"": 12676, ""unported rule"": 1207176}"
base,3219136,753828,0,2465308,100.000000%,30517,17084,"{""execution fault"": 252, ""parser"": 50704, ""unported rule"": 2414352}"
better-tailwindcss,2414352,0,0,2414352,,3634,0,"{""unported rule"": 2414352}"
boundaries,201196,0,0,201196,,0,0,"{""unported rule"": 201196}"
core,33800928,9987873,348,23812707,99.996516%,2701091,2856667,"{""execution fault"": 3339, ""parser"": 671828, ""unported rule"": 23137540}"
fixes,402392,188325,132,213935,99.929957%,0,0,"{""checker fact"": 188457, ""execution fault"": 126, ""parser"": 25352}"
format,235377,26990,10540,197847,71.915801%,0,0,"{""execution fault"": 141, ""formatter refusal"": 196905, ""parser"": 801}"
next,4426312,376914,0,4049398,100.000000%,1119,6,"{""execution fault"": 126, ""parser"": 25352, ""unported rule"": 4023920}"
nexus,10462192,1884236,334,8577622,99.982277%,2138384,2375962,"{""execution fault"": 630, ""parser"": 126760, ""unported rule"": 8450232}"
react,12876544,1696104,9,11180431,99.999469%,12270,2448,"{""execution fault"": 567, ""parser"": 114084, ""unported rule"": 11065780}"
react-hooks,3420332,0,0,3420332,,83,0,"{""unported rule"": 3420332}"
structure,6639468,188457,0,6451011,100.000000%,256869,1855,"{""execution fault"": 63, ""parser"": 12676, ""unported rule"": 6438272}"
typescript,19918404,1884473,97,18033834,99.994853%,290247,170606,"{""checker fact"": 565371, ""execution fault"": 819, ""parser"": 164788, ""unported rule"": 17302856}"
