rank,rule,findings,finding_files,census_status
1,one-var,921962,89282,incomplete
2,id-length,581633,62755,incomplete
3,no-inline-comments,181067,18721,incomplete
4,structure/consistency-require-organized-imports,111605,111605,incomplete
5,strict,73910,15978,incomplete
6,structure/import-require-react-namespace,65151,11409,incomplete
7,no-empty-function,58537,15901,incomplete
8,@typescript-eslint/no-non-null-assertion,49243,8173,incomplete
9,class-methods-use-this,43188,12804,incomplete
10,dot-notation,28775,4220,incomplete
11,@typescript-eslint/prefer-as-const,24214,111,incomplete
12,sort-vars,21982,2412,incomplete
13,arrow-body-style,17743,8748,incomplete
14,adamic/single-spread,17085,8134,incomplete
15,@typescript-eslint/array-type,17076,6032,incomplete
16,@typescript-eslint/no-empty-object-type,16871,5616,incomplete
17,structure/react-component-no-destructuring,15778,11242,incomplete
18,base/consistency-no-bare-throw,14262,5748,incomplete
19,max-lines,13414,13414,incomplete
20,@typescript-eslint/prefer-enum-initializers,12986,1680,incomplete
21,structure/react-component-no-const-assignment,12501,9773,incomplete
22,consistent-return,11928,3897,incomplete
23,nexus/consistency-no-utils-folder,11777,11777,incomplete
24,object-shorthand,11269,3640,incomplete
25,no-eq-null,9872,1940,incomplete
26,structure/react-component-require-properties-type-suffix,9515,7493,incomplete
27,nexus/import-require-node-namespace,9490,5139,incomplete
28,yoda,8058,222,incomplete
29,structure/react-hook-require-result-naming,7773,5282,incomplete
30,@eslint-community/eslint-comments/require-description,7541,4059,incomplete
31,complexity,6432,3304,incomplete
32,structure/consistency-require-matching-file-name,5920,5920,incomplete
33,structure/tailwind-no-physical-direction,5843,2109,incomplete
34,consistent-this,5787,506,incomplete
35,default-case,5548,1712,incomplete
36,adamic/no-definite-assignment,5489,1596,incomplete
37,structure/react-component-require-named-export,4978,4978,incomplete
38,structure/react-hook-no-destructuring,4710,2253,incomplete
39,@typescript-eslint/prefer-function-type,3423,1382,incomplete
40,structure/react-component-require-properties-parameter,3409,2600,incomplete
41,react/no-this-in-sfc,3063,377,incomplete
42,@typescript-eslint/no-unsafe-function-type,2884,1080,incomplete
43,no-lone-blocks,2878,495,incomplete
44,better-tailwindcss/enforce-shorthand-classes,2863,1383,incomplete
45,no-useless-computed-key,2814,674,incomplete
46,no-case-declarations,2510,417,incomplete
47,structure/network-no-forbidden-import,2221,2099,incomplete
48,@typescript-eslint/consistent-type-assertions,1941,660,incomplete
49,nexus/consistency-no-return-void,1863,20,incomplete
50,guard-for-in,1807,682,incomplete
51,nexus/boundary-no-internal-import,1673,1184,incomplete
52,nexus/import-no-forbidden-source,1656,1415,incomplete
53,func-name-matching,1597,629,incomplete
54,react/self-closing-comp,1578,650,incomplete
55,structure/react-element-no-anchor,1534,854,incomplete
56,react/jsx-no-useless-fragment,1446,1043,incomplete
57,no-extra-label,1330,248,incomplete
58,structure/react-component-no-forward-ref,1205,495,incomplete
59,nexus/consistency-no-hand-rolled-delay,1184,647,incomplete
60,react/no-unknown-property,1144,221,incomplete
61,default-param-last,1134,324,incomplete
62,@typescript-eslint/default-param-last,1110,306,incomplete
63,@typescript-eslint/no-dynamic-delete,1030,588,incomplete
64,structure/storage-no-direct-local-storage,1010,379,incomplete
65,react/no-unescaped-entities,962,337,incomplete
66,no-lonely-if,781,450,incomplete
67,@next/next/no-img-element,651,407,incomplete
68,no-dupe-class-members,627,174,incomplete
69,@typescript-eslint/no-dupe-class-members,589,161,incomplete
70,constructor-super,574,228,incomplete
71,prefer-spread,572,342,incomplete
72,structure/react-component-no-separate-named-export,546,546,incomplete
73,no-inner-declarations,540,261,incomplete
74,no-self-assign,534,120,incomplete
75,structure/next-require-page-default-export,508,396,incomplete
76,structure/react-hook-require-effect-comment,506,274,incomplete
77,no-constructor-return,443,215,incomplete
78,@next/next/no-assign-module-variable,427,329,incomplete
79,no-this-before-super,392,145,incomplete
80,react/prefer-stateless-function,389,231,incomplete
81,react/no-set-state,334,37,incomplete
82,no-delete-var,271,56,incomplete
83,no-loss-of-precision,238,38,incomplete
84,no-multi-str,238,56,incomplete
85,@typescript-eslint/ban-tslint-comment,232,161,incomplete
86,better-tailwindcss/no-deprecated-classes,231,130,incomplete
87,better-tailwindcss/no-unnecessary-whitespace,230,172,incomplete
88,structure/react-component-no-display-name,214,128,incomplete
89,@typescript-eslint/no-unnecessary-type-constraint,212,92,incomplete
90,@typescript-eslint/no-duplicate-enum-values,199,34,incomplete
91,@typescript-eslint/no-non-null-asserted-optional-chain,195,115,incomplete
92,react/jsx-key,172,70,incomplete
93,no-control-regex,160,95,incomplete
94,react/no-danger,150,119,incomplete
95,react/no-unused-class-component-methods,143,73,incomplete
96,no-useless-call,130,53,incomplete
97,better-tailwindcss/enforce-consistent-important-position,127,64,incomplete
98,default-case-last,99,50,incomplete
99,better-tailwindcss/no-duplicate-classes,92,26,incomplete
100,structure/react-element-no-horizontal-rule,85,60,incomplete
101,react/no-access-state-in-setstate,83,3,incomplete
102,react/sort-comp,76,60,incomplete
103,react-hooks/incompatible-library,75,73,incomplete
104,nexus/correctness-no-load-time-import-meta-path,65,50,incomplete
105,react/no-deprecated,63,54,incomplete
106,no-async-promise-executor,58,45,incomplete
107,better-tailwindcss/no-concatenated-classes,57,41,incomplete
108,grouped-accessor-pairs,56,31,incomplete
109,@typescript-eslint/prefer-namespace-keyword,52,19,incomplete
110,react/jsx-no-target-blank,50,31,incomplete
111,react/no-string-refs,50,14,incomplete
112,@typescript-eslint/no-misused-new,34,34,incomplete
113,better-tailwindcss/enforce-consistent-variable-syntax,34,18,incomplete
114,@typescript-eslint/no-extra-non-null-assertion,32,23,incomplete
115,react/no-unused-state,32,13,incomplete
116,react/default-props-match-prop-types,30,3,incomplete
117,no-regex-spaces,28,9,incomplete
118,react/no-did-update-set-state,26,14,incomplete
119,@typescript-eslint/no-confusing-non-null-assertion,25,20,incomplete
120,@typescript-eslint/no-unnecessary-parameter-property-assignment,25,25,incomplete
121,for-direction,24,4,incomplete
122,@next/next/no-location-assign-relative-destination,22,18,incomplete
123,structure/next-no-page-state,13,4,incomplete
124,react/no-invalid-html-attribute,12,5,incomplete
125,@next/next/no-head-element,11,8,incomplete
126,react/no-typos,11,11,incomplete
127,react-hooks/void-use-memo,8,8,incomplete
128,react/prefer-es6-class,8,8,incomplete
129,react/void-dom-elements-no-children,8,2,incomplete
130,react/jsx-props-no-spread-multi,6,4,incomplete
131,no-extra-bind,4,4,incomplete
132,react/no-did-mount-set-state,4,3,incomplete
133,no-compare-neg-zero,3,2,incomplete
134,react/no-arrow-function-lifecycle,2,2,incomplete
135,react/no-direct-mutation-state,2,2,incomplete
136,@next/next/no-before-interactive-script-outside-document,1,1,incomplete
137,@next/next/no-page-custom-font,1,1,incomplete
138,react/jsx-no-script-url,1,1,incomplete
139,react/no-render-return-value,1,1,incomplete
140,@next/next/google-font-display,0,0,incomplete
141,@next/next/google-font-preconnect,0,0,incomplete
142,@next/next/inline-script-id,0,0,incomplete
143,@next/next/next-script-for-ga,0,0,incomplete
144,@next/next/no-async-client-component,0,0,incomplete
145,@next/next/no-css-tags,0,0,incomplete
146,@next/next/no-document-import-in-page,0,0,incomplete
147,@next/next/no-duplicate-head,0,0,incomplete
148,@next/next/no-head-import-in-document,0,0,incomplete
149,@next/next/no-html-link-for-pages,0,0,incomplete
150,@next/next/no-script-component-in-head,0,0,incomplete
151,@next/next/no-styled-jsx-in-document,0,0,incomplete
152,@next/next/no-title-in-document-head,0,0,incomplete
153,@next/next/no-unwanted-polyfillio,0,0,incomplete
154,@typescript-eslint/await-thenable,0,0,incomplete
155,@typescript-eslint/ban-ts-comment,0,0,incomplete
156,@typescript-eslint/class-literal-property-style,0,0,incomplete
157,@typescript-eslint/consistent-generic-constructors,0,0,incomplete
158,@typescript-eslint/consistent-indexed-object-style,0,0,incomplete
159,@typescript-eslint/consistent-return,0,0,incomplete
160,@typescript-eslint/consistent-type-exports,0,0,incomplete
161,@typescript-eslint/consistent-type-imports,0,0,incomplete
162,@typescript-eslint/dot-notation,0,0,incomplete
163,@typescript-eslint/no-array-constructor,0,0,incomplete
164,@typescript-eslint/no-array-delete,0,0,incomplete
165,@typescript-eslint/no-base-to-string,0,0,incomplete
166,@typescript-eslint/no-confusing-void-expression,0,0,incomplete
167,@typescript-eslint/no-deprecated,0,0,incomplete
168,@typescript-eslint/no-duplicate-type-constituents,0,0,incomplete
169,@typescript-eslint/no-explicit-any,0,0,incomplete
170,@typescript-eslint/no-extraneous-class,0,0,incomplete
171,@typescript-eslint/no-floating-promises,0,0,incomplete
172,@typescript-eslint/no-for-in-array,0,0,incomplete
173,@typescript-eslint/no-implied-eval,0,0,incomplete
174,@typescript-eslint/no-invalid-this,0,0,incomplete
175,@typescript-eslint/no-meaningless-void-operator,0,0,incomplete
176,@typescript-eslint/no-misused-promises,0,0,incomplete
177,@typescript-eslint/no-misused-spread,0,0,incomplete
178,@typescript-eslint/no-mixed-enums,0,0,incomplete
179,@typescript-eslint/no-non-null-asserted-nullish-coalescing,0,0,incomplete
180,@typescript-eslint/no-redeclare,0,0,incomplete
181,@typescript-eslint/no-require-imports,0,0,incomplete
182,@typescript-eslint/no-restricted-types,0,0,incomplete
183,@typescript-eslint/no-shadow,0,0,incomplete
184,@typescript-eslint/no-unnecessary-qualifier,0,0,incomplete
185,@typescript-eslint/no-unnecessary-template-expression,0,0,incomplete
186,@typescript-eslint/no-unnecessary-type-parameters,0,0,incomplete
187,@typescript-eslint/no-unsafe-argument,0,0,incomplete
188,@typescript-eslint/no-unsafe-assignment,0,0,incomplete
189,@typescript-eslint/no-unsafe-call,0,0,incomplete
190,@typescript-eslint/no-unsafe-declaration-merging,0,0,incomplete
191,@typescript-eslint/no-unsafe-enum-comparison,0,0,incomplete
192,@typescript-eslint/no-unsafe-member-access,0,0,incomplete
193,@typescript-eslint/no-unsafe-return,0,0,incomplete
194,@typescript-eslint/no-unsafe-type-assertion,0,0,incomplete
195,@typescript-eslint/no-unsafe-unary-minus,0,0,incomplete
196,@typescript-eslint/no-unused-expressions,0,0,incomplete
197,@typescript-eslint/no-unused-private-class-members,0,0,incomplete
198,@typescript-eslint/no-unused-vars,0,0,incomplete
199,@typescript-eslint/no-useless-default-assignment,0,0,incomplete
200,@typescript-eslint/non-nullable-type-assertion-style,0,0,incomplete
201,@typescript-eslint/only-throw-error,0,0,incomplete
202,@typescript-eslint/prefer-for-of,0,0,incomplete
203,@typescript-eslint/prefer-includes,0,0,incomplete
204,@typescript-eslint/prefer-nullish-coalescing,0,0,incomplete
205,@typescript-eslint/prefer-promise-reject-errors,0,0,incomplete
206,@typescript-eslint/prefer-reduce-type-parameter,0,0,incomplete
207,@typescript-eslint/prefer-regexp-exec,0,0,incomplete
208,@typescript-eslint/prefer-return-this-type,0,0,incomplete
209,@typescript-eslint/related-getter-setter-pairs,0,0,incomplete
210,@typescript-eslint/require-array-sort-compare,0,0,incomplete
211,@typescript-eslint/restrict-plus-operands,0,0,incomplete
212,@typescript-eslint/restrict-template-expressions,0,0,incomplete
213,@typescript-eslint/return-await,0,0,incomplete
214,@typescript-eslint/strict-void-return,0,0,incomplete
215,@typescript-eslint/switch-exhaustiveness-check,0,0,incomplete
216,@typescript-eslint/triple-slash-reference,0,0,incomplete
217,@typescript-eslint/unbound-method,0,0,incomplete
218,@typescript-eslint/unified-signatures,0,0,incomplete
219,@typescript-eslint/use-unknown-in-catch-callback-variable,0,0,incomplete
220,accessor-pairs,0,0,incomplete
221,adamic/invariant-mutable,0,0,incomplete
222,adamic/no-optional-widening,0,0,incomplete
223,adamic/no-unchecked-cast,0,0,incomplete
224,adamic/nominal-class,0,0,incomplete
225,array-callback-return,0,0,incomplete
226,base/correctness-require-graphql-nullable-parity,0,0,incomplete
227,base/correctness-require-matching-inject-type,0,0,incomplete
228,base/correctness-require-matching-operation-context,0,0,incomplete
229,base/correctness-require-matching-provider-return,0,0,incomplete
230,base/correctness-require-optional-relation,0,0,incomplete
231,base/correctness-require-orm-column-declare,0,0,incomplete
232,base/correctness-require-orm-column-nullable-parity,0,0,incomplete
233,base/correctness-require-serializable-nullable-parity,0,0,incomplete
234,base/correctness-require-verify-array-parity,0,0,incomplete
235,base/correctness-require-verify-optional-parity,0,0,incomplete
236,base/security-require-context-access,0,0,incomplete
237,better-tailwindcss/enforce-canonical-classes,0,0,incomplete
238,better-tailwindcss/enforce-consistent-class-order,0,0,incomplete
239,better-tailwindcss/enforce-consistent-variant-order,0,0,incomplete
240,better-tailwindcss/no-conflicting-classes,0,0,incomplete
241,better-tailwindcss/no-unknown-classes,0,0,incomplete
242,block-scoped-var,0,0,incomplete
243,boundaries/dependencies,0,0,incomplete
244,getter-return,0,0,incomplete
245,id-denylist,0,0,incomplete
246,id-match,0,0,incomplete
247,logical-assignment-operators,0,0,incomplete
248,nexus/boundary-no-nexus-outside-import,0,0,incomplete
249,nexus/boundary-no-project-import,0,0,incomplete
250,nexus/concurrency-no-check-then-write,0,0,incomplete
251,nexus/concurrency-no-lost-update,0,0,incomplete
252,nexus/consistency-no-boolean-outcome,0,0,incomplete
253,nexus/consistency-no-iso-string-date-cut,0,0,incomplete
254,nexus/consistency-no-property-alias,0,0,incomplete
255,nexus/consistency-no-screaming-snake-case,0,0,incomplete
256,nexus/consistency-require-constant-casing,0,0,incomplete
257,nexus/consistency-require-matching-return-type,0,0,incomplete
258,nexus/correctness-no-callback-in-parse-try,0,0,incomplete
259,nexus/correctness-no-caller-data-mutation,0,0,incomplete
260,nexus/correctness-no-collection-misuse,0,0,incomplete
261,nexus/correctness-no-discarded-outcome,0,0,incomplete
262,nexus/correctness-no-discarded-pure-result,0,0,incomplete
263,nexus/correctness-no-global-listener-target-assertion,0,0,incomplete
264,nexus/correctness-no-identical-branches,0,0,incomplete
265,nexus/correctness-no-implicit-return,0,0,incomplete
266,nexus/correctness-no-import-cycle-load-time-read,0,0,incomplete
267,nexus/correctness-no-leaked-number-render,0,0,incomplete
268,nexus/correctness-no-mock-on-module-namespace,0,0,incomplete
269,nexus/correctness-no-nullish-stripping-assertion,0,0,incomplete
270,nexus/correctness-no-process-exit-after-output,0,0,incomplete
271,nexus/correctness-no-test-on-global-regex,0,0,incomplete
272,nexus/correctness-no-uncleared-race-timeout,0,0,incomplete
273,nexus/correctness-no-write-only-collection,0,0,incomplete
274,nexus/correctness-require-blocking-standard-streams,0,0,incomplete
275,nexus/correctness-require-child-process-error-listener,0,0,incomplete
276,nexus/correctness-require-response-status-check,0,0,incomplete
277,nexus/import-require-module-alias,0,0,incomplete
278,nexus/import-require-path-alias,0,0,incomplete
279,nexus/localization-no-untranslated-value,0,0,incomplete
280,nexus/performance-no-independent-await-in-loop,0,0,incomplete
281,nexus/security-no-interpolated-shell-command,0,0,incomplete
282,nexus/security-no-interpolated-sql-string,0,0,incomplete
283,no-alert,0,0,incomplete
284,no-class-assign,0,0,incomplete
285,no-cond-assign,0,0,incomplete
286,no-const-assign,0,0,incomplete
287,no-constant-binary-expression,0,0,incomplete
288,no-constant-condition,0,0,incomplete
289,no-else-return,0,0,incomplete
290,no-eval,0,0,incomplete
291,no-extend-native,0,0,incomplete
292,no-extra-boolean-cast,0,0,incomplete
293,no-fallthrough,0,0,incomplete
294,no-func-assign,0,0,incomplete
295,no-global-assign,0,0,incomplete
296,no-implicit-coercion,0,0,incomplete
297,no-implicit-globals,0,0,incomplete
298,no-implied-eval,0,0,incomplete
299,no-import-assign,0,0,incomplete
300,no-invalid-regexp,0,0,incomplete
301,no-invalid-this,0,0,incomplete
302,no-irregular-whitespace,0,0,incomplete
303,no-label-var,0,0,incomplete
304,no-loop-func,0,0,incomplete
305,no-misleading-character-class,0,0,incomplete
306,no-new-func,0,0,incomplete
307,no-new-native-nonconstructor,0,0,incomplete
308,no-new-wrappers,0,0,incomplete
309,no-nonoctal-decimal-escape,0,0,incomplete
310,no-obj-calls,0,0,incomplete
311,no-object-constructor,0,0,incomplete
312,no-octal,0,0,incomplete
313,no-param-reassign,0,0,incomplete
314,no-promise-executor-return,0,0,incomplete
315,no-restricted-exports,0,0,incomplete
316,no-restricted-globals,0,0,incomplete
317,no-restricted-imports,0,0,incomplete
318,no-restricted-properties,0,0,incomplete
319,no-setter-return,0,0,incomplete
320,no-shadow-restricted-names,0,0,incomplete
321,no-throw-literal,0,0,incomplete
322,no-unassigned-vars,0,0,incomplete
323,no-undef-init,0,0,incomplete
324,no-unmodified-loop-condition,0,0,incomplete
325,no-unreachable-loop,0,0,incomplete
326,no-use-before-define,0,0,incomplete
327,no-useless-assignment,0,0,incomplete
328,no-useless-backreference,0,0,incomplete
329,no-useless-escape,0,0,incomplete
330,no-useless-return,0,0,incomplete
331,prefer-arrow-callback,0,0,incomplete
332,prefer-const,0,0,incomplete
333,prefer-exponentiation-operator,0,0,incomplete
334,prefer-numeric-literals,0,0,incomplete
335,prefer-object-has-own,0,0,incomplete
336,prefer-object-spread,0,0,incomplete
337,prefer-promise-reject-errors,0,0,incomplete
338,prefer-regex-literals,0,0,incomplete
339,prefer-rest-params,0,0,incomplete
340,preserve-caught-error,0,0,incomplete
341,radix,0,0,incomplete
342,react-hooks/config,0,0,incomplete
343,react-hooks/exhaustive-deps,0,0,incomplete
344,react-hooks/gating,0,0,incomplete
345,react-hooks/globals,0,0,incomplete
346,react-hooks/immutability,0,0,incomplete
347,react-hooks/no-deriving-state-in-effects,0,0,incomplete
348,react-hooks/preserve-manual-memoization,0,0,incomplete
349,react-hooks/purity,0,0,incomplete
350,react-hooks/refs,0,0,incomplete
351,react-hooks/rules-of-hooks,0,0,incomplete
352,react-hooks/set-state-in-effect,0,0,incomplete
353,react-hooks/set-state-in-render,0,0,incomplete
354,react-hooks/static-components,0,0,incomplete
355,react-hooks/unsupported-syntax,0,0,incomplete
356,react-hooks/use-memo,0,0,incomplete
357,react/boolean-prop-naming,0,0,incomplete
358,react/button-has-type,0,0,incomplete
359,react/checked-requires-onchange-or-readonly,0,0,incomplete
360,react/display-name,0,0,incomplete
361,react/forbid-dom-props,0,0,incomplete
362,react/forbid-elements,0,0,incomplete
363,react/forbid-foreign-prop-types,0,0,incomplete
364,react/forbid-prop-types,0,0,incomplete
365,react/iframe-missing-sandbox,0,0,incomplete
366,react/jsx-fragments,0,0,incomplete
367,react/jsx-no-constructed-context-values,0,0,incomplete
368,react/jsx-no-duplicate-props,0,0,incomplete
369,react/jsx-no-undef,0,0,incomplete
370,react/no-adjacent-inline-elements,0,0,incomplete
371,react/no-array-index-key,0,0,incomplete
372,react/no-children-prop,0,0,incomplete
373,react/no-danger-with-children,0,0,incomplete
374,react/no-multi-comp,0,0,incomplete
375,react/no-namespace,0,0,incomplete
376,react/no-object-type-as-default-prop,0,0,incomplete
377,react/no-unsafe,0,0,incomplete
378,react/no-unstable-nested-components,0,0,incomplete
379,react/no-will-update-set-state,0,0,incomplete
380,react/require-render-return,0,0,incomplete
381,react/sort-default-props,0,0,incomplete
382,react/static-property-placement,0,0,incomplete
383,react/style-prop-object,0,0,incomplete
384,require-atomic-updates,0,0,incomplete
385,require-await,0,0,incomplete
386,structure/boundary-no-project-theme-value,0,0,incomplete
387,structure/network-no-invalidate-cache-in-on-success,0,0,incomplete
388,structure/network-no-invalidate-cache-literal-key,0,0,incomplete
389,structure/network-no-string-literal-query,0,0,incomplete
390,structure/network-require-hook-options-parameter,0,0,incomplete
391,structure/network-require-hook-request-suffix,0,0,incomplete
392,structure/network-require-hook-variables-type,0,0,incomplete
393,structure/next-no-near-miss-route-export,0,0,incomplete
394,structure/next-require-api-parameter-name,0,0,incomplete
395,structure/react-hook-no-any-type,0,0,incomplete
396,structure/react-hook-no-properties-in-dependencies,0,0,incomplete
397,symbol-description,0,0,incomplete
398,use-isnan,0,0,incomplete
399,valid-typeof,0,0,incomplete
