workload,rank_by_estimated_time,site,generated_C_line,calls,retains,callee_releases,paired_caller_releases,eligible,sample_count,estimated_ns
scanner,1,run#0:encoder:7,51930,1,219629,471923,0,False,1,13498347.0
scanner,2,Linter_ancestry#0:node:0,124347,67691,67691,0,67691,True,67,2174194.507462687
scanner,3,Rule_walk#0:node:0,97088,67691,67691,0,67691,True,67,1385139.7164179108
scanner,4,Rule_commentAnchors#0:node:1,104821,31486,31486,0,31486,True,31,757695.3548387096
scanner,5,commentAnchors#1:node:0,40686,31486,31486,0,31486,True,31,695739.0322580645
scanner,6,CommentAnchors_commentAnchors#0:node:0,92907,67688,67688,0,67688,True,67,615253.6119402986
scanner,7,Rule_visit#17:node:0,78284,4789,4789,0,4789,True,5,528705.6
scanner,8,commentAnchors#1:node:2,40842,67688,67688,0,0,False,67,452600.3582089551
scanner,9,abbreviation#0:membership:0,34749,19895,0,0,0,False,20,439679.4999999999
scanner,10,CommentAnchors_commentAnchors#0:node:1,92969,31486,31486,0,31486,True,31,411349.35483870964
scanner,11,RuleContext_has#0:node:0,57363,7484,7484,0,7484,True,8,267553.0
scanner,12,RuleContext_has#0:node:1,57371,34384,34384,0,34384,True,34,190123.2941176471
scanner,13,duplicateCases#0:node:1,28255,852,852,0,852,True,1,103944.0
scanner,14,after#0:node:1,28488,2136,2136,0,2136,True,3,97544.00000000001
scanner,15,Rule_commentAnchors#0:node:0,104759,67691,67691,0,67691,True,67,71732.25373134336
scanner,16,collectListInteriors#0:node:1,44082,42020,42020,0,42020,True,42,66031.42857142849
scanner,17,RuleContext_literalSpans#0:node:0,57267,67691,67691,0,67691,True,67,6061.880597015033
scanner,18,Rule_visit#77:node:0,103226,3,3,0,3,True,1,5265.0
scanner,19,commentAnchors#0:node:0,38984,31486,31486,0,31486,True,31,3047.0322580644297
scanner,20,Rule_enumAllowed#0:node:1,89011,24,24,0,24,True,1,2688.0
scanner,21,concatenation#1:node:1,44919,17,17,0,17,True,1,1751.0
scanner,22,Rule_walk#0:node:1,97137,9,9,0,9,True,1,1008.0
scanner,23,Parser_object#0:node:0,64962,36,36,0,0,False,1,792.0
scanner,24,Rule_visit#83:node:4,106323,1,1,0,1,True,1,132.0
scanner,25,Rule_visit#83:node:5,106325,1,1,0,1,True,1,92.0
scanner,26,Parser_type#0:node:0,60715,15,15,0,0,False,1,30.0
scanner,27,Parser_type#0:node:2,61171,15,15,0,0,False,1,30.0
scanner,28,duplicateCases#0:node:0,28247,87,87,0,87,True,1,0
scanner,29,duplicateCases#0:node:2,28265,786,786,0,786,True,1,0
scanner,30,after#0:node:0,28475,2136,2136,0,2136,True,3,0
scanner,31,noUnexpectedMultiline#0:node:0,28515,2298,2298,0,2298,True,3,0
scanner,32,noUnexpectedMultiline#0:node:4,28597,4277,4277,0,4277,True,5,0
scanner,33,tokenStart#0:node:0,29714,100,100,0,100,True,1,0
scanner,34,tokenStart#0:node:1,29718,100,100,0,100,True,1,0
scanner,35,tokenText#0:node:0,29807,39,39,0,39,True,1,0
scanner,36,legacy#0:node:0,29939,17,17,0,17,True,1,0
scanner,37,legacy#0:node:1,29941,17,17,0,17,True,1,0
scanner,38,build#0:node:0,30143,22,22,0,22,True,1,0
scanner,39,preferTemplate#0:node:0,30371,17,17,0,17,True,1,0
scanner,40,forwardRefUsesRef#0:node:0,30422,1776,1776,0,1776,True,2,0
scanner,41,forwardRefUsesRef#0:node:1,30436,522,522,0,522,True,1,0
scanner,42,noFindDomNode#0:node:0,30973,504,504,0,504,True,1,0
scanner,43,noFindDomNode#0:node:1,31014,1776,1776,0,1776,True,2,0
scanner,44,call#0:node:0,32505,6,6,0,6,True,1,0
scanner,45,inferred#0:node:0,32544,33,33,0,33,True,1,0
scanner,46,inferred#0:node:1,32548,33,33,0,0,False,1,0
scanner,47,inferred#0:node:2,32576,33,33,0,33,True,1,0
scanner,48,inferred#0:node:4,32790,9,9,0,9,True,1,0
scanner,49,inferred#0:node:5,32805,9,9,0,9,True,1,0
scanner,50,inferred#0:node:6,32813,9,9,0,9,True,1,0
scanner,51,parts#0:node:0,32919,1431,1431,0,1431,True,2,0
scanner,52,parts#0:node:1,32932,2970,2970,0,2970,True,3,0
scanner,53,exportNodeView#0:node:0,33523,252,252,0,252,True,1,0
scanner,54,exportNodeView#0:node:1,33532,1333,1333,0,1333,True,2,0
scanner,55,first#0:node:0,35784,99,99,0,99,True,1,0
scanner,56,last#0:node:0,35803,7803,7803,0,7803,True,8,0
scanner,57,name#0:node:0,35825,3847,3847,0,3847,True,4,0
scanner,58,name#0:node:1,35841,3973,3973,0,3973,True,4,0
scanner,59,foreign#0:node:0,35930,1020,1020,0,1020,True,1,0
scanner,60,foreign#0:node:1,35942,99,99,0,99,True,1,0
scanner,61,binding#0:node:0,36030,20750,20750,0,20750,True,21,0
scanner,62,rest#0:node:0,36208,2241,2241,0,2241,True,3,0
scanner,63,prepareBindings#0:node:0,36251,67700,67700,0,67700,True,67,0
scanner,64,prepareBindings#0:node:1,36274,6724,6724,0,6724,True,7,0
scanner,65,noAbbreviatedIdentifier#0:node:0,37050,1020,1020,0,1020,True,1,0
scanner,66,foreignName#0:node:0,37518,216,216,0,216,True,1,0
scanner,67,commentAnchors#0:node:1,38996,31486,31486,0,31486,True,31,0
scanner,68,commentAnchors#0:node:2,39140,67688,67688,0,0,False,67,0
scanner,69,first#1:node:0,39706,523,523,0,523,True,1,0
scanner,70,last#1:node:0,39725,523,523,0,523,True,1,0
scanner,71,claimed#0:node:0,39814,2302,2302,0,2302,True,3,0
scanner,72,claimed#0:node:1,39827,523,523,0,523,True,1,0
scanner,73,claimed#0:node:2,39832,523,523,0,523,True,1,0
scanner,74,inherited#0:node:0,39859,337,337,0,337,True,1,0
scanner,75,report#1:node:0,40062,14,14,0,14,True,1,0
scanner,76,report#1:node:1,40175,5,5,0,5,True,1,0
scanner,77,noMultilineArrowFunction#0:node:1,40345,71,71,0,71,True,1,0
scanner,78,noMultilineArrowFunction#0:node:2,40374,5,5,0,0,False,1,0
scanner,79,commentAnchors#1:node:1,40698,31486,31486,0,31486,True,31,0
scanner,80,assignment#1:node:0,43118,4490,4490,0,4490,True,5,0
scanner,81,tokenStart#1:node:0,43968,7896,7896,0,7896,True,8,0
scanner,82,collectListInteriors#0:node:0,44032,90215,90215,0,90215,True,89,0
scanner,83,collectListInteriors#0:node:2,44094,42020,42020,0,42020,True,42,0
scanner,84,all#0:node:0,44385,90215,90215,0,90215,True,89,0
scanner,85,concatenation#1:node:0,44906,765,765,0,765,True,1,0
scanner,86,literal#0:node:0,44933,399,399,0,399,True,1,0
scanner,87,initializer#0:node:0,45105,795,795,0,795,True,1,0
scanner,88,initializer#0:node:1,45159,111,111,0,111,True,1,0
scanner,89,run#0:encoder:1,51754,1032,14968,28486,0,False,2,0
scanner,90,run#0:encoder:2,51755,1032,2064,1032,0,False,2,0
scanner,91,RuleContext_start#0:node:0,56944,45947,45947,0,45947,True,45,0
scanner,92,RuleContext_report#0:node:0,56973,2570,2570,0,2570,True,3,0
scanner,93,RuleContext_reportNode#0:node:0,57016,35,35,0,35,True,1,0
scanner,94,RuleContext_child#0:node:0,57300,32228,32228,0,32228,True,32,0
scanner,95,RuleContext_kind#0:node:0,57337,83973,83973,0,83973,True,83,0
scanner,96,RuleContext_functionLike#0:node:0,57350,14541,14541,0,14541,True,15,0
scanner,97,RuleContext_children#0:node:0,57398,107,107,0,107,True,1,0
scanner,98,RuleContext_raw#0:node:0,57479,4858,4858,0,4858,True,5,0
scanner,99,RuleContext_name#0:node:0,57492,5637,5637,0,5637,True,6,0
scanner,100,RuleContext_property#0:node:0,57621,1044,1044,0,1044,True,2,0
scanner,101,RuleContext_initializer#0:node:0,57647,792,792,0,792,True,1,0
scanner,102,RuleContext_initializer#0:node:1,57664,792,792,0,792,True,1,0
scanner,103,RuleContext_initializer#0:node:2,57666,792,792,0,792,True,1,0
scanner,104,RuleContext_unwrap#0:node:0,57757,59983,59983,0,59983,True,59,0
scanner,105,RuleContext_unwrap#0:node:1,57767,371,371,0,371,True,1,0
scanner,106,RuleContext_literalType#0:node:0,57789,4314,4314,0,4314,True,5,0
scanner,107,RuleContext_signature#0:node:0,57887,8295,8295,0,8295,True,9,0
scanner,108,RuleContext_signature#0:node:1,57911,5043,5043,0,5043,True,5,0
scanner,109,Parser_delimitedList#0:node:0,58921,2639,2639,0,0,False,3,0
scanner,110,Parser_token#0:node:0,58993,6241,6241,0,0,False,7,0
scanner,111,Parser_literal#0:node:0,59067,16460,16460,0,0,False,17,0
scanner,112,Parser_identifier#0:node:0,59265,19897,19897,0,0,False,20,0
scanner,113,Parser_primary#0:node:3,59424,33,33,0,0,False,1,0
scanner,114,Parser_primary#0:node:4,59428,6,6,0,0,False,1,0
scanner,115,Parser_primary#0:node:5,59476,33,33,0,0,False,1,0
scanner,116,Parser_primary#0:node:6,59485,33,33,0,0,False,1,0
scanner,117,Parser_type#0:node:3,61175,6,6,0,0,False,1,0
scanner,118,Parser_type#0:node:4,61183,6,6,0,0,False,1,0
scanner,119,Parser_parameter#0:node:0,62362,846,846,0,0,False,1,0
scanner,120,Parser_optionalChain#0:node:0,63557,6159,6159,0,0,False,7,0
scanner,121,Parser_suffix#0:node:0,63673,29669,29669,0,0,False,29,0
scanner,122,Parser_suffix#0:node:1,63851,3807,3807,0,0,False,4,0
scanner,123,Parser_suffix#0:node:2,63932,60,60,0,0,False,1,0
scanner,124,Parser_suffix#0:node:3,63959,2298,2298,0,0,False,3,0
scanner,125,Parser_suffix#0:node:4,64048,2298,2298,0,0,False,3,0
scanner,126,Parser_suffix#0:node:5,64057,2298,2298,0,0,False,3,0
scanner,127,Parser_suffix#0:node:6,64067,2298,2298,0,0,False,3,0
scanner,128,Parser_templatePart#0:node:0,64258,81,81,0,0,False,1,0
scanner,129,Parser_template#0:node:0,64436,47,47,0,0,False,1,0
scanner,130,Parser_array#0:node:0,64500,90,90,0,0,False,1,0
scanner,131,Parser_array#0:node:1,64512,90,90,0,0,False,1,0
scanner,132,Parser_array#0:node:2,64523,90,90,0,0,False,1,0
scanner,133,Parser_object#0:node:1,64974,36,36,0,0,False,1,0
scanner,134,Parser_object#0:node:2,64985,36,36,0,0,False,1,0
scanner,135,Parser_unary#0:node:0,65136,282,282,0,0,False,1,0
scanner,136,Parser_unary#0:node:1,65186,498,498,0,0,False,1,0
scanner,137,Parser_assignment#0:node:0,65460,26982,26982,0,0,False,27,0
scanner,138,Parser_assignment#0:node:1,65467,8,8,0,0,False,1,0
scanner,139,Parser_assignment#0:node:2,65535,1527,1527,0,0,False,2,0
scanner,140,Parser_file#0:node:0,65768,3,3,0,0,False,1,0
scanner,141,Parser_file#0:node:1,65782,3,3,0,0,False,1,0
scanner,142,closure#25:node:0,74802,5355,5355,0,0,False,6,0
scanner,143,Rule_visit#1:node:0,75950,1887,1887,0,1887,True,2,0
scanner,144,Rule_visit#1:node:1,75958,1887,1887,0,1887,True,2,0
scanner,145,Rule_visit#1:node:2,76030,174,174,0,174,True,1,0
scanner,146,Rule_visit#1:node:3,76035,87,87,0,87,True,1,0
scanner,147,Rule_visit#2:node:0,76149,4277,4277,0,4277,True,5,0
scanner,148,Rule_visit#2:node:1,76184,4277,4277,0,4277,True,5,0
scanner,149,Rule_visit#2:node:2,76195,4277,4277,0,4277,True,5,0
scanner,150,Rule_visit#2:node:3,76202,4277,4277,0,4277,True,5,0
scanner,151,Rule_visit#2:node:4,76218,4277,4277,0,4277,True,5,0
scanner,152,Rule_visit#2:node:5,76225,4274,4274,0,4274,True,5,0
scanner,153,Rule_visit#3:node:0,76402,804,804,0,804,True,1,0
scanner,154,Rule_visit#3:node:1,76417,789,789,0,789,True,1,0
scanner,155,Rule_visit#3:node:2,76438,786,786,0,786,True,1,0
scanner,156,Rule_visit#3:node:4,76487,852,852,0,852,True,1,0
scanner,157,Rule_visit#4:node:0,76591,87,87,0,87,True,1,0
scanner,158,Rule_visit#4:node:1,76601,174,174,0,174,True,1,0
scanner,159,Rule_visit#17:node:1,78335,463,463,0,463,True,1,0
scanner,160,Rule_visit#17:node:3,78355,463,463,0,463,True,1,0
scanner,161,Rule_visit#18:node:0,78685,3,3,0,3,True,1,0
scanner,162,Rule_visit#18:node:2,78714,3,3,0,3,True,1,0
scanner,163,Rule_method#0:node:0,79873,104,104,0,104,True,1,0
scanner,164,Rule_method#0:node:1,79940,52,52,0,52,True,1,0
scanner,165,Rule_method#0:node:2,80067,1,1,0,1,True,1,0
scanner,166,Rule_containsKind#0:node:0,80259,85,85,0,85,True,1,0
scanner,167,Rule_containsKind#0:node:1,80266,85,85,0,85,True,1,0
scanner,168,Rule_returnType#0:node:0,80305,54,54,0,54,True,1,0
scanner,169,Rule_returnType#0:node:1,80335,54,54,0,54,True,1,0
scanner,170,Rule_parametersText#0:node:0,80361,52,52,0,52,True,1,0
scanner,171,Rule_parametersText#0:node:1,80396,16,16,0,16,True,1,0
scanner,172,Rule_parametersText#0:node:2,80449,3,3,0,3,True,1,0
scanner,173,Rule_delimiter#0:node:0,80488,51,51,0,51,True,1,0
scanner,174,closure#64:node:0,80542,2808,2808,0,2808,True,3,0
scanner,175,Rule_visit#21:node:0,80657,3,3,0,3,True,1,0
scanner,176,Rule_visit#21:node:1,80689,3,3,0,3,True,1,0
scanner,177,Rule_visit#21:node:2,80781,3,3,0,3,True,1,0
scanner,178,Rule_visit#21:node:3,80792,3,3,0,3,True,1,0
scanner,179,Rule_visit#21:node:4,80849,3,3,0,3,True,1,0
scanner,180,Rules_skip#0:node:0,82847,180,180,0,180,True,1,0
scanner,181,Checker_ask#0:node:0,83325,96,96,0,96,True,1,0
scanner,182,RedundantTypes_parts#0:node:0,84425,90,90,0,0,False,1,0
scanner,183,RedundantTypes_parts#0:node:1,84529,2,2,0,0,False,1,0
scanner,184,Rule_visit#24:node:0,85718,4277,4277,0,4277,True,5,0
scanner,185,Rule_visit#24:node:1,85750,2322,2322,0,2322,True,3,0
scanner,186,Rule_visit#25:node:0,86058,1439,1439,0,1439,True,2,0
scanner,187,Rule_visit#25:node:1,86090,271,271,0,0,False,1,0
scanner,188,Rule_visit#25:node:2,86112,271,271,0,0,False,1,0
scanner,189,Rule_visit#26:node:0,87128,3,3,0,3,True,1,0
scanner,190,Rule_prepare#2:node:0,87376,67691,67691,0,67691,True,67,0
scanner,191,Rule_prepare#2:node:1,87390,12,12,0,12,True,1,0
scanner,192,Rule_prepare#2:node:2,87401,12,12,0,12,True,1,0
scanner,193,Rule_prepare#2:node:3,87415,67691,67691,0,67691,True,67,0
scanner,194,Rule_visit#27:node:0,87451,561,561,0,561,True,1,0
scanner,195,Rule_visit#27:node:1,87464,552,552,0,552,True,1,0
scanner,196,Rule_directlyOptional#0:node:0,87647,126,126,0,126,True,1,0
scanner,197,Rule_constant#0:node:0,87681,20,20,0,20,True,1,0
scanner,198,Rule_member#0:node:0,87920,428,428,0,428,True,1,0
scanner,199,Rule_member#0:node:1,87958,103,103,0,103,True,1,0
scanner,200,Rule_filters#0:node:0,88060,3,3,0,0,False,1,0
scanner,201,Rule_visit#28:node:0,88344,431,431,0,0,False,1,0
scanner,202,Rule_enumAllowed#0:node:0,88921,24,24,0,24,True,1,0
scanner,203,Rule_visit#32:node:0,89386,3867,3867,0,3867,True,4,0
scanner,204,Rule_visit#32:node:1,89391,3840,3840,0,3840,True,4,0
scanner,205,Rule_elseIf#0:node:0,90463,1812,1812,0,1812,True,2,0
scanner,206,Rule_visit#36:node:0,90534,6726,6726,0,0,False,7,0
scanner,207,Rule_visit#37:node:0,90900,81,81,0,81,True,1,0
scanner,208,closure#85:node:0,91271,6,6,0,6,True,1,0
scanner,209,CommentAnchors_commentAnchors#0:node:2,92983,31486,31486,0,31486,True,31,0
scanner,210,Rule_visit#46:node:0,93507,3807,3807,0,3807,True,4,0
scanner,211,Rule_visit#46:node:1,93511,3807,3807,0,3807,True,4,0
scanner,212,Rule_visit#47:node:0,93642,798,798,0,798,True,1,0
scanner,213,Rule_visit#47:node:1,93672,792,792,0,792,True,1,0
scanner,214,Rule_constEnum#0:node:0,93775,723,723,0,723,True,1,0
scanner,215,Rule_visit#49:node:0,94367,4277,4277,0,4277,True,5,0
scanner,216,Rule_visit#50:node:0,94553,3807,3807,0,3807,True,4,0
scanner,217,Rule_logical#0:node:0,95506,6471,6471,0,6471,True,7,0
scanner,218,Rule_equal#0:node:0,95585,624,624,0,624,True,1,0
scanner,219,Rule_equal#0:node:1,95589,624,624,0,624,True,1,0
scanner,220,Rule_visit#53:node:0,95852,219,219,0,219,True,1,0
scanner,221,Rule_visit#58:node:0,96936,3867,3867,0,3867,True,4,0
scanner,222,Rule_walk#0:node:2,97154,60,60,0,60,True,1,0
scanner,223,Rule_walk#0:node:3,97160,9,9,0,9,True,1,0
scanner,224,Rule_walk#0:node:4,97167,9,9,0,9,True,1,0
scanner,225,Rule_allowedLabel#0:node:0,97252,12,12,0,12,True,1,0
scanner,226,Rule_allowedLabel#0:node:1,97259,12,12,0,12,True,1,0
scanner,227,Rule_visit#60:node:0,97381,1530,1530,0,1530,True,2,0
scanner,228,Rule_visit#60:node:1,97407,1527,1527,0,0,False,2,0
scanner,229,Rule_visit#61:node:0,97565,297,297,0,297,True,1,0
scanner,230,Rule_negated#0:node:0,97601,255,255,0,255,True,1,0
scanner,231,Rule_negated#0:node:1,97626,129,129,0,129,True,1,0
scanner,232,Rule_visit#62:node:0,97724,2058,2058,0,2058,True,3,0
scanner,233,Rule_visit#64:node:0,98088,3867,3867,0,0,False,4,0
scanner,234,Rule_skip#0:node:0,98405,2298,2298,0,2298,True,3,0
scanner,235,Rule_visit#65:node:0,98444,2298,2298,0,2298,True,3,0
scanner,236,Rule_visit#65:node:1,98468,2298,2298,0,2298,True,3,0
scanner,237,Rule_visit#65:node:2,98516,522,522,0,522,True,1,0
scanner,238,Rule_visit#66:node:0,98702,4277,4277,0,4277,True,5,0
scanner,239,Rule_visit#66:node:1,98795,1755,1755,0,1755,True,2,0
scanner,240,Rule_visit#68:node:0,99118,1233,1233,0,1233,True,2,0
scanner,241,Rule_visit#68:node:1,99122,1233,1233,0,1233,True,2,0
scanner,242,Rule_visit#69:node:0,99264,4277,4277,0,4277,True,5,0
scanner,243,Rule_chain#0:node:0,99297,96,96,0,96,True,1,0
scanner,244,Rule_chain#0:node:2,99333,96,96,0,96,True,1,0
scanner,245,Rule_chain#0:node:4,99370,96,96,0,96,True,1,0
scanner,246,Rule_comma#0:node:0,99397,192,192,0,192,True,1,0
scanner,247,Rule_comma#0:node:1,99407,96,96,0,96,True,1,0
scanner,248,Rule_comma#0:node:2,99414,96,96,0,96,True,1,0
scanner,249,Rule_forSlot#0:node:0,99438,96,96,0,96,True,1,0
scanner,250,Rule_forSlot#0:node:1,99461,96,96,0,96,True,1,0
scanner,251,Rule_assignmentTarget#0:node:0,99723,129,129,0,129,True,1,0
scanner,252,Rule_assignmentTarget#0:node:1,99750,3,3,0,3,True,1,0
scanner,253,Rule_name#0:node:0,100108,492,492,0,492,True,1,0
scanner,254,Rule_name#0:node:1,100118,612,612,0,612,True,1,0
scanner,255,Rule_bindingName#0:node:0,100157,3,3,0,3,True,1,0
scanner,256,Rule_bindingName#0:node:1,100174,3,3,0,3,True,1,0
scanner,257,Rule_bindingName#0:node:2,100201,3,3,0,3,True,1,0
scanner,258,Rule_bindings#0:node:0,100248,798,798,0,798,True,1,0
scanner,259,Rule_visit#72:node:0,100361,3807,3807,0,3807,True,4,0
scanner,260,Rule_visit#72:node:1,100393,108,108,0,108,True,1,0
scanner,261,Rule_visit#72:node:4,100493,492,492,0,492,True,1,0
scanner,262,Rule_visit#73:node:0,100739,99,99,0,99,True,1,0
scanner,263,Rule_visit#73:node:1,100748,99,99,0,99,True,1,0
scanner,264,Rule_visit#73:node:3,100852,99,99,0,99,True,1,0
scanner,265,Rule_visit#73:node:4,100859,99,99,0,99,True,1,0
scanner,266,Rule_visit#74:node:0,101547,6834,6834,0,6834,True,7,0
scanner,267,Rule_visit#74:node:1,101620,9,9,0,9,True,1,0
scanner,268,Rule_visit#74:node:2,101623,9,9,0,9,True,1,0
scanner,269,Rule_visit#74:node:3,101652,2286,2286,0,2286,True,3,0
scanner,270,Rule_visit#75:node:0,101859,4277,4277,0,4277,True,5,0
scanner,271,Rule_pattern#0:node:0,102106,4522,4522,0,4522,True,5,0
scanner,272,Rule_reaching#0:node:0,102127,6222,6222,0,6222,True,7,0
scanner,273,Rule_reaching#0:node:2,102291,9,9,0,9,True,1,0
scanner,274,Rule_visit#76:node:0,102393,13428,13428,0,13428,True,14,0
scanner,275,Rule_visit#76:node:3,102605,4277,4277,0,4277,True,5,0
scanner,276,Rule_walk#1:node:0,103329,67691,67691,0,67691,True,67,0
scanner,277,Rule_walk#1:node:1,103359,9,9,0,9,True,1,0
scanner,278,Rule_walk#1:node:2,103392,9,9,0,9,True,1,0
scanner,279,Rule_walk#1:node:3,103403,9,9,0,9,True,1,0
scanner,280,Rule_visit#79:node:0,103964,4277,4277,0,4277,True,5,0
scanner,281,Rule_visit#79:node:1,104033,3,3,0,3,True,1,0
scanner,282,Rule_visit#80:node:0,104339,105,105,0,105,True,1,0
scanner,283,Rule_visit#80:node:2,104413,3,3,0,3,True,1,0
scanner,284,Rule_visit#80:node:3,104429,3,3,0,3,True,1,0
scanner,285,Rule_commentAnchors#0:node:2,104835,31486,31486,0,31486,True,31,0
scanner,286,Rule_same#0:node:0,105648,22,22,0,22,True,1,0
scanner,287,Rule_same#0:node:1,105650,22,22,0,22,True,1,0
scanner,288,Rule_visit#83:node:3,106297,1,1,0,1,True,1,0
scanner,289,Rule_visit#84:node:0,106435,795,795,0,795,True,1,0
scanner,290,Rule_visit#84:node:1,106470,4277,4277,0,4277,True,5,0
scanner,291,Rule_visit#84:node:2,106509,1831,1831,0,1831,True,2,0
scanner,292,Rule_visit#84:node:3,106565,381,381,0,381,True,1,0
scanner,293,Rule_visit#84:node:4,106626,375,375,0,375,True,1,0
scanner,294,Rule_identifier#0:node:0,109635,1776,1776,0,1776,True,2,0
scanner,295,Rule_visit#87:node:0,110285,2298,2298,0,2298,True,3,0
scanner,296,Rule_visit#88:node:0,110799,4277,4277,0,4277,True,5,0
scanner,297,Rule_visit#90:node:0,111415,1776,1776,0,1776,True,2,0
scanner,298,Rule_visit#90:node:1,111442,522,522,0,522,True,1,0
scanner,299,Rule_visit#92:node:0,111687,69,69,0,69,True,1,0
scanner,300,Rule_visit#92:node:1,111711,69,69,0,69,True,1,0
scanner,301,Rule_visit#92:node:2,111720,69,69,0,69,True,1,0
scanner,302,Rule_visit#92:node:3,111725,69,69,0,69,True,1,0
scanner,303,Rule_visit#92:node:4,111748,69,69,0,69,True,1,0
scanner,304,Rule_visit#92:node:5,111758,438,438,0,438,True,1,0
scanner,305,Rule_visit#92:node:6,111777,3,3,0,3,True,1,0
scanner,306,RuleSet_visit#0:node:0,118658,67691,67691,0,0,False,67,0
scanner,307,Linter_walk#0:node:0,124377,67691,67691,0,67691,True,67,0
public23,1,Rule_prepare#2:node:0,87376,767,767,0,767,True,1,1071499.0
public23,2,run#0:encoder:7,51930,22,4640,10262,0,False,1,316514.0
public23,3,abbreviation#0:membership:0,34749,199,0,0,0,False,1,82784.0
public23,4,RuleContext_kind#0:node:0,57337,1344,1344,0,1344,True,2,20160.0
public23,5,commentAnchors#0:node:2,39140,741,741,0,0,False,1,18525.0
public23,6,Linter_ancestry#0:node:0,124347,767,767,0,767,True,1,11505.0
public23,7,Linter_walk#0:node:0,124377,767,767,0,767,True,1,11505.0
public23,8,CommentAnchors_commentAnchors#0:node:0,92907,741,741,0,741,True,1,11115.0
public23,9,RuleContext_start#0:node:0,56944,547,547,0,547,True,1,8205.0
public23,10,Parser_identifier#0:node:0,59265,207,207,0,0,False,1,5175.0
public23,11,RuleContext_literalSpans#0:node:0,57267,767,767,0,767,True,1,3835.0
public23,12,Rule_prepare#2:node:3,87415,767,767,0,767,True,1,3835.0
public23,13,Rule_walk#0:node:0,97088,767,767,0,767,True,1,3835.0
public23,14,Rule_walk#1:node:0,103329,767,767,0,767,True,1,3835.0
public23,15,Rule_commentAnchors#0:node:0,104759,767,767,0,767,True,1,3835.0
public23,16,RuleSet_visit#0:node:0,118658,767,767,0,0,False,1,3835.0
public23,17,commentAnchors#1:node:2,40842,741,741,0,0,False,1,3705.0
public23,18,prepareBindings#0:node:0,36251,81,81,0,81,True,1,2025.0
public23,19,Rule_visit#76:node:0,102393,108,108,0,108,True,1,1620.0
public23,20,RuleContext_child#0:node:0,57300,244,244,0,244,True,1,1220.0
public23,21,RuleContext_unwrap#0:node:0,57757,240,240,0,240,True,1,1200.0
public23,22,commentAnchors#0:node:0,38984,219,219,0,219,True,1,1095.0
public23,23,commentAnchors#0:node:1,38996,219,219,0,219,True,1,1095.0
public23,24,collectListInteriors#0:node:1,44082,219,219,0,219,True,1,1095.0
public23,25,RuleContext_name#0:node:0,57492,73,73,0,73,True,1,1095.0
public23,26,CommentAnchors_commentAnchors#0:node:1,92969,219,219,0,219,True,1,1095.0
public23,27,CommentAnchors_commentAnchors#0:node:2,92983,219,219,0,219,True,1,1095.0
public23,28,Rule_commentAnchors#0:node:1,104821,219,219,0,219,True,1,1095.0
public23,29,Rule_commentAnchors#0:node:2,104835,219,219,0,219,True,1,1095.0
public23,30,RuleContext_has#0:node:0,57363,66,66,0,66,True,1,990.0
public23,31,closure#25:node:0,74802,176,176,0,0,False,1,880.0
public23,32,run#0:encoder:1,51754,31,223,394,0,False,1,775.0
public23,33,RuleContext_has#0:node:1,57371,147,147,0,147,True,1,735.0
public23,34,Checker_ask#0:node:0,83325,28,28,0,28,True,1,700.0
public23,35,Rule_visit#17:node:0,78284,129,129,0,129,True,1,645.0
public23,36,Parser_suffix#0:node:0,63673,120,120,0,0,False,1,600.0
public23,37,run#0:encoder:3,51794,1,7,15,0,False,1,566.0
public23,38,Parser_assignment#0:node:0,65460,109,109,0,0,False,1,545.0
public23,39,after#0:node:1,28488,29,29,0,29,True,1,435.0
public23,40,exportNodeView#0:node:1,33532,82,82,0,82,True,1,410.0
public23,41,Rule_name#0:node:1,100118,26,26,0,26,True,1,390.0
public23,42,Parser_delimitedList#0:node:0,58921,70,70,0,0,False,1,350.0
public23,43,binding#0:node:0,36030,23,23,0,23,True,1,345.0
public23,44,Rule_pattern#0:node:0,102106,57,57,0,57,True,1,342.0
public23,45,parts#0:node:1,32932,62,62,0,62,True,1,310.0
public23,46,exportNodeView#0:node:0,33523,62,62,0,62,True,1,310.0
public23,47,RuleContext_functionLike#0:node:0,57350,51,51,0,51,True,1,306.0
public23,48,Rule_reaching#0:node:0,102127,61,61,0,61,True,1,305.0
public23,49,Parser_optionalChain#0:node:0,63557,57,57,0,0,False,1,285.0
public23,50,Parser_token#0:node:0,58993,54,54,0,0,False,1,270.0
public23,51,Rule_visit#3:node:0,76402,18,18,0,18,True,1,270.0
public23,52,Rule_name#0:node:0,100108,17,17,0,17,True,1,255.0
public23,53,Parser_literal#0:node:0,59067,50,50,0,0,False,1,250.0
public23,54,RuleContext_property#0:node:0,57621,33,33,0,33,True,1,198.0
public23,55,claimed#0:node:0,39814,37,37,0,37,True,1,185.0
public23,56,noUnexpectedMultiline#0:node:0,28515,36,36,0,36,True,1,180.0
public23,57,Parser_suffix#0:node:3,63959,36,36,0,0,False,1,180.0
public23,58,Parser_suffix#0:node:5,64057,36,36,0,0,False,1,180.0
public23,59,Parser_suffix#0:node:6,64067,36,36,0,0,False,1,180.0
public23,60,Rule_skip#0:node:0,98405,36,36,0,36,True,1,180.0
public23,61,Rule_visit#87:node:0,110285,36,36,0,36,True,1,180.0
public23,62,RuleContext_children#0:node:0,57398,34,34,0,34,True,1,170.0
public23,63,name#0:node:0,35825,11,11,0,11,True,1,165.0
public23,64,parts#0:node:0,32919,31,31,0,31,True,1,155.0
public23,65,run#0:encoder:2,51755,31,62,31,0,False,1,155.0
public23,66,Rule_visit#3:node:1,76417,29,29,0,29,True,1,145.0
public23,67,Rule_visit#3:node:4,76487,29,29,0,29,True,1,145.0
public23,68,Parser_file#0:node:0,65768,26,26,0,0,False,1,130.0
public23,69,Parser_file#0:node:1,65782,26,26,0,0,False,1,130.0
public23,70,Rule_visit#26:node:0,87128,26,26,0,26,True,1,130.0
public23,71,RuleContext_unwrap#0:node:1,57767,5,5,0,5,True,1,125.0
public23,72,Rule_visit#21:node:0,80657,25,25,0,25,True,1,125.0
public23,73,Rule_visit#27:node:0,87451,8,8,0,8,True,1,120.0
public23,74,Rule_visit#21:node:1,80689,22,22,0,22,True,1,110.0
public23,75,Rule_member#0:node:0,87920,22,22,0,22,True,1,110.0
public23,76,Rule_visit#28:node:0,88344,22,22,0,0,False,1,110.0
public23,77,forwardRefUsesRef#0:node:0,30422,20,20,0,20,True,1,100.0
public23,78,Parser_suffix#0:node:1,63851,20,20,0,0,False,1,100.0
public23,79,Rule_visit#58:node:0,96936,20,20,0,20,True,1,100.0
public23,80,Rule_visit#64:node:0,98088,20,20,0,0,False,1,100.0
public23,81,Rule_visit#72:node:0,100361,20,20,0,20,True,1,100.0
public23,82,Rule_nameText#0:node:0,104143,4,4,0,4,True,1,100.0
public23,83,Rule_identifier#0:node:0,109635,20,20,0,20,True,1,100.0
public23,84,Rule_visit#90:node:0,111415,20,20,0,20,True,1,100.0
public23,85,Parser_object#0:node:0,64962,19,19,0,0,False,1,95.0
public23,86,Parser_object#0:node:2,64985,19,19,0,0,False,1,95.0
public23,87,foreignName#0:node:0,37518,6,6,0,6,True,1,90.0
public23,88,initializer#0:node:0,45105,18,18,0,18,True,1,90.0
public23,89,RuleContext_initializer#0:node:0,57647,18,18,0,18,True,1,90.0
public23,90,RuleContext_initializer#0:node:1,57664,18,18,0,18,True,1,90.0
public23,91,RuleContext_initializer#0:node:2,57666,18,18,0,18,True,1,90.0
public23,92,Rule_visit#3:node:2,76438,18,18,0,18,True,1,90.0
public23,93,Rule_visit#21:node:3,80792,18,18,0,18,True,1,90.0
public23,94,Rule_visit#47:node:0,93642,18,18,0,18,True,1,90.0
public23,95,Rule_visit#47:node:1,93672,18,18,0,18,True,1,90.0
public23,96,Rule_visit#84:node:0,106435,18,18,0,18,True,1,90.0
public23,97,RuleContext_report#0:node:0,56973,17,17,0,17,True,1,85.0
public23,98,Parser_parameter#0:node:0,62362,17,17,0,0,False,1,85.0
public23,99,Rule_visit#21:node:4,80849,17,17,0,17,True,1,85.0
public23,100,Rule_visit#32:node:1,89391,17,17,0,17,True,1,85.0
public23,101,Rule_visit#72:node:4,100493,17,17,0,17,True,1,85.0
public23,102,forwardRefUsesRef#0:node:1,30436,16,16,0,16,True,1,80.0
public23,103,claimed#0:node:2,39832,16,16,0,16,True,1,80.0
public23,104,Rules_skip#0:node:0,82847,16,16,0,16,True,1,80.0
public23,105,Rule_visit#65:node:2,98516,16,16,0,16,True,1,80.0
public23,106,Rule_visit#90:node:1,111442,16,16,0,16,True,1,80.0
public23,107,Rule_visit#88:node:1,110836,5,5,0,5,True,1,75.0
public23,108,Rule_constEnum#0:node:0,93775,14,14,0,14,True,1,70.0
public23,109,noFindDomNode#0:node:0,30973,13,13,0,13,True,1,65.0
public23,110,Rule_visit#1:node:0,75950,13,13,0,13,True,1,65.0
public23,111,Rule_visit#1:node:1,75958,13,13,0,13,True,1,65.0
public23,112,Rule_visit#17:node:1,78335,4,4,0,4,True,1,60.0
public23,113,Rule_member#0:node:1,87958,10,10,0,10,True,1,50.0
public23,114,Rule_visit#62:node:0,97724,10,10,0,10,True,1,50.0
public23,115,Rule_prepare#2:node:1,87390,9,9,0,9,True,1,45.0
public23,116,Rule_prepare#2:node:2,87401,9,9,0,9,True,1,45.0
public23,117,Rule_visit#37:node:0,90900,9,9,0,9,True,1,45.0
public23,118,foreign#0:node:0,35930,8,8,0,8,True,1,40.0
public23,119,noAbbreviatedIdentifier#0:node:0,37050,8,8,0,8,True,1,40.0
public23,120,RedundantTypes_parts#0:node:0,84425,8,8,0,0,False,1,40.0
public23,121,Rule_visit#88:node:0,110799,8,8,0,8,True,1,40.0
public23,122,report#1:node:0,40062,7,7,0,7,True,1,35.0
public23,123,Parser_array#0:node:0,64500,7,7,0,0,False,1,35.0
public23,124,Parser_array#0:node:2,64523,7,7,0,0,False,1,35.0
public23,125,Rules_add#0:node:0,82814,1,1,0,0,False,1,35.0
public23,126,first#0:node:0,35784,2,2,0,2,True,1,30.0
public23,127,last#0:node:0,35803,6,6,0,6,True,1,30.0
public23,128,Rule_visit#27:node:1,87464,6,6,0,6,True,1,30.0
public23,129,RuleContext_members#0:node:0,57565,5,5,0,5,True,1,25.0
public23,130,RuleContext_literalType#0:node:0,57789,5,5,0,5,True,1,25.0
public23,131,Parser_templatePart#0:node:0,64258,5,5,0,0,False,1,25.0
public23,132,Rule_visit#2:node:0,76149,5,5,0,5,True,1,25.0
public23,133,Rule_visit#2:node:1,76184,5,5,0,5,True,1,25.0
public23,134,Rule_visit#2:node:3,76202,5,5,0,5,True,1,25.0
public23,135,Rule_visit#2:node:4,76218,5,5,0,5,True,1,25.0
public23,136,Rule_visit#25:node:0,86058,5,5,0,5,True,1,25.0
public23,137,Rule_visit#49:node:0,94367,5,5,0,5,True,1,25.0
public23,138,Rule_visit#66:node:0,98702,5,5,0,5,True,1,25.0
public23,139,Rule_visit#69:node:0,99264,5,5,0,5,True,1,25.0
public23,140,Rule_visit#75:node:0,101859,5,5,0,5,True,1,25.0
public23,141,Rule_visit#76:node:3,102605,5,5,0,5,True,1,25.0
public23,142,Rule_visit#17:node:3,78355,4,4,0,4,True,1,24.0
public23,143,Rule_visit#3:node:3,76462,4,4,0,4,True,1,20.0
public23,144,Rule_module#0:node:0,87258,4,4,0,4,True,1,20.0
public23,145,Rule_visit#34:node:0,89772,4,4,0,4,True,1,20.0
public23,146,Rule_visit#92:node:1,111711,4,4,0,4,True,1,20.0
public23,147,noRedundantShouldComponentUpdate#0:node:1,31217,1,1,0,1,True,1,15.0
public23,148,Parser_template#0:node:0,64436,3,3,0,0,False,1,15.0
public23,149,Rule_finish#0:node:0,90250,1,1,0,1,True,1,15.0
public23,150,inferred#0:node:1,32548,2,2,0,0,False,1,10.0
public23,151,inferred#0:node:2,32576,2,2,0,2,True,1,10.0
public23,152,report#1:node:1,40175,2,2,0,2,True,1,10.0
public23,153,initializer#0:node:1,45159,2,2,0,2,True,1,10.0
public23,154,Parser_type#0:node:3,61175,2,2,0,0,False,1,10.0
public23,155,RedundantTypes_parts#0:node:1,84529,2,2,0,0,False,1,10.0
public23,156,Rule_constEnum#0:node:1,93788,2,2,0,2,True,1,10.0
public23,157,Rule_visit#80:node:3,104429,2,2,0,2,True,1,10.0
public23,158,noUnexpectedMultiline#0:node:2,28556,1,1,0,1,True,1,5.0
public23,159,noUselessConstructor#0:node:1,29429,1,1,0,1,True,1,5.0
public23,160,Parser_unary#0:node:0,65136,1,1,0,0,False,1,5.0
public23,161,Rule_visit#21:node:5,80884,1,1,0,1,True,1,5.0
public23,162,Rule_visit#32:node:2,89406,1,1,0,1,True,1,5.0
public23,163,Rule_visit#32:node:3,89411,1,1,0,1,True,1,5.0
public23,164,Rule_finish#0:node:1,90272,1,1,0,1,True,1,5.0
public23,165,Rule_constEnum#0:node:3,93827,1,1,0,1,True,1,5.0
public23,166,Rule_constEnum#0:node:5,93852,1,1,0,1,True,1,5.0
public23,167,Rule_negated#0:node:0,97601,1,1,0,1,True,1,5.0
public23,168,after#0:node:0,28475,29,29,0,29,True,1,0
public23,169,noUnexpectedMultiline#0:node:1,28549,1,1,0,1,True,1,0
public23,170,noUnexpectedMultiline#0:node:4,28597,5,5,0,5,True,1,0
public23,171,noFindDomNode#0:node:1,31014,20,20,0,20,True,1,0
public23,172,noRedundantShouldComponentUpdate#0:node:0,31194,2,2,0,2,True,1,0
public23,173,inferred#0:node:0,32544,2,2,0,2,True,1,0
public23,174,name#0:node:1,35841,11,11,0,11,True,1,0
public23,175,rest#0:node:0,36208,5,5,0,5,True,1,0
public23,176,prepareBindings#0:node:1,36274,15,15,0,15,True,1,0
public23,177,first#1:node:0,39706,16,16,0,16,True,1,0
public23,178,last#1:node:0,39725,16,16,0,16,True,1,0
public23,179,claimed#0:node:1,39827,16,16,0,16,True,1,0
public23,180,inherited#0:node:0,39859,49,49,0,49,True,1,0
public23,181,noMultilineArrowFunction#0:node:1,40345,7,7,0,7,True,1,0
public23,182,noMultilineArrowFunction#0:node:2,40374,2,2,0,0,False,1,0
public23,183,commentAnchors#1:node:0,40686,219,219,0,219,True,1,0
public23,184,commentAnchors#1:node:1,40698,219,219,0,219,True,1,0
public23,185,assignment#1:node:0,43118,5,5,0,5,True,1,0
public23,186,tokenStart#1:node:0,43968,129,129,0,129,True,1,0
public23,187,collectListInteriors#0:node:0,44032,767,767,0,767,True,1,0
public23,188,collectListInteriors#0:node:2,44094,219,219,0,219,True,1,0
public23,189,all#0:node:0,44385,767,767,0,767,True,1,0
public23,190,RuleContext_reportNode#0:node:0,57016,1,1,0,1,True,1,0
public23,191,RuleContext_raw#0:node:0,57479,50,50,0,50,True,1,0
public23,192,Parser_type#0:node:2,61171,2,2,0,0,False,1,0
public23,193,Parser_type#0:node:4,61183,2,2,0,0,False,1,0
public23,194,Parser_suffix#0:node:4,64048,36,36,0,0,False,1,0
public23,195,Parser_suffix#0:node:7,64108,1,1,0,0,False,1,0
public23,196,Parser_suffix#0:node:8,64172,1,1,0,0,False,1,0
public23,197,Parser_array#0:node:1,64512,7,7,0,0,False,1,0
public23,198,Parser_object#0:node:1,64974,19,19,0,0,False,1,0
public23,199,Rule_visit#2:node:2,76195,5,5,0,5,True,1,0
public23,200,Rule_visit#2:node:5,76225,5,5,0,5,True,1,0
public23,201,Rule_visit#21:node:2,80781,18,18,0,18,True,1,0
public23,202,Rule_visit#24:node:0,85718,5,5,0,5,True,1,0
public23,203,Rule_visit#24:node:1,85750,18,18,0,18,True,1,0
public23,204,Rule_directlyOptional#0:node:0,87647,10,10,0,10,True,1,0
public23,205,Rule_visit#32:node:0,89386,20,20,0,20,True,1,0
public23,206,Rule_visit#34:node:1,89788,4,4,0,4,True,1,0
public23,207,Rule_elseIf#0:node:0,90463,3,3,0,3,True,1,0
public23,208,Rule_visit#36:node:0,90534,4,4,0,0,False,1,0
public23,209,Rule_visit#46:node:0,93507,20,20,0,20,True,1,0
public23,210,Rule_visit#46:node:1,93511,20,20,0,20,True,1,0
public23,211,Rule_constEnum#0:node:2,93813,2,2,0,2,True,1,0
public23,212,Rule_constEnum#0:node:4,93843,1,1,0,1,True,1,0
public23,213,Rule_awaitedLoop#0:node:0,94138,12,12,0,12,True,1,0
public23,214,Rule_visit#50:node:0,94553,20,20,0,20,True,1,0
public23,215,Rule_logical#0:node:0,95506,9,9,0,9,True,1,0
public23,216,Rule_visit#65:node:0,98444,36,36,0,36,True,1,0
public23,217,Rule_visit#65:node:1,98468,36,36,0,36,True,1,0
public23,218,Rule_assignmentTarget#0:node:0,99723,13,13,0,13,True,1,0
public23,219,Rule_bindings#0:node:0,100248,18,18,0,18,True,1,0
public23,220,Rule_visit#73:node:0,100739,1,1,0,1,True,1,0
public23,221,Rule_visit#73:node:1,100748,1,1,0,1,True,1,0
public23,222,Rule_visit#73:node:3,100852,1,1,0,1,True,1,0
public23,223,Rule_visit#73:node:4,100859,1,1,0,1,True,1,0
public23,224,Rule_visit#74:node:0,101547,18,18,0,18,True,1,0
public23,225,Rule_visit#74:node:3,101652,8,8,0,8,True,1,0
public23,226,Rule_visit#76:node:2,102477,14,14,0,14,True,1,0
public23,227,Rule_visit#79:node:0,103964,5,5,0,5,True,1,0
public23,228,Rule_visit#80:node:0,104339,26,26,0,26,True,1,0
public23,229,Rule_visit#80:node:2,104413,2,2,0,2,True,1,0
public23,230,Rule_visit#84:node:1,106470,5,5,0,5,True,1,0
public23,231,Rule_visit#84:node:2,106509,14,14,0,14,True,1,0
public23,232,Rule_visit#92:node:0,111687,4,4,0,4,True,1,0
public23,233,Rule_visit#92:node:2,111720,4,4,0,4,True,1,0
public23,234,Rule_visit#92:node:3,111725,4,4,0,4,True,1,0
compiler77,1,Linter_ancestry#0:node:0,124347,2647053,2647053,0,2647053,True,2586,112792504.68793505
compiler77,2,Rule_prepare#2:node:0,87376,2647053,2647053,0,2647053,True,2586,107510681.99651971
compiler77,3,RuleContext_has#0:node:1,57371,2310588,2310588,0,2310588,True,2257,90310514.40319008
compiler77,4,Rule_walk#0:node:0,97088,2647053,2647053,0,2647053,True,2586,83408783.33526683
compiler77,5,CommentAnchors_commentAnchors#0:node:0,92907,2646893,2646893,0,2646893,True,2585,78414589.10367504
compiler77,6,RuleContext_literalSpans#0:node:0,57267,2647053,2647053,0,2647053,True,2586,77561928.44895591
compiler77,7,Rule_commentAnchors#0:node:0,104759,2647053,2647053,0,2647053,True,2586,75390853.65661252
compiler77,8,commentAnchors#1:node:2,40842,2646893,2646893,0,0,False,2585,73640966.21547388
compiler77,9,commentAnchors#0:node:2,39140,2646893,2646893,0,0,False,2585,73396243.8065764
compiler77,10,RuleSet_visit#0:node:0,118658,2647053,2647053,0,0,False,2586,65343107.23433875
compiler77,11,Rule_walk#1:node:0,103329,2647053,2647053,0,2647053,True,2586,63847614.41415314
compiler77,12,Rule_commentAnchors#0:node:1,104821,893625,893625,0,893625,True,873,59510511.59793814
compiler77,13,commentAnchors#1:node:0,40686,893625,893625,0,893625,True,873,58303657.21649485
compiler77,14,CommentAnchors_commentAnchors#0:node:1,92969,893625,893625,0,893625,True,873,57195070.87628866
compiler77,15,RuleContext_unwrap#0:node:0,57757,2363627,2363627,0,2363627,True,2309,54332711.251191
compiler77,16,collectListInteriors#0:node:1,44082,1003752,1003752,0,1003752,True,981,51715226.642201826
compiler77,17,run#0:encoder:1,51754,28343,927099,1870536,0,False,28,51229972.5
compiler77,18,commentAnchors#0:node:0,38984,893625,893625,0,893625,True,873,47234171.82130584
compiler77,19,RuleContext_kind#0:node:0,57337,3300944,3300944,0,3300944,True,3224,43875729.91066998
compiler77,20,commentAnchors#0:node:1,38996,893625,893625,0,893625,True,873,42071005.15463918
compiler77,21,all#0:node:0,44385,2984309,2984309,0,2984309,True,2915,35874158.37701543
compiler77,22,Rule_visit#17:node:0,78284,224411,224411,0,224411,True,220,34435867.949999996
compiler77,23,abbreviation#0:membership:0,34749,1083820,0,0,0,False,1059,28748351.08593012
compiler77,24,collectListInteriors#0:node:0,44032,2984309,2984309,0,2984309,True,2915,27322551.832590047
compiler77,25,RuleContext_start#0:node:0,56944,1824447,1824447,0,1824447,True,1782,24478509.159932666
compiler77,26,prepareBindings#0:node:0,36251,2604343,2604343,0,2604343,True,2544,23552719.89033019
compiler77,27,binding#0:node:0,36030,1135665,1135665,0,1135665,True,1110,23118456.162162166
compiler77,28,Linter_walk#0:node:0,124377,2647053,2647053,0,2647053,True,2586,22919630.209976796
compiler77,29,RuleContext_name#0:node:0,57492,529369,529369,0,529369,True,517,19699284.702127658
compiler77,30,RuleContext_child#0:node:0,57300,1393619,1393619,0,1393619,True,1361,15884799.079353416
compiler77,31,Parser_identifier#0:node:0,59265,1086385,1086385,0,0,False,1061,10909926.649387375
compiler77,32,Rule_prepare#2:node:3,87415,2647053,2647053,0,2647053,True,2586,9109096.92459397
compiler77,33,parts#0:node:1,32932,208324,208324,0,208324,True,204,8707738.960784314
compiler77,34,Rule_visit#76:node:0,102393,799830,799830,0,799830,True,782,7783511.892583122
compiler77,35,closure#64:node:0,80542,328088,328088,0,328088,True,321,6630239.426791277
compiler77,36,Parser_suffix#0:node:0,63673,666108,666108,0,0,False,651,6534202.285714286
compiler77,37,RuleContext_has#0:node:0,57363,631601,631601,0,631601,True,617,5945443.448946515
compiler77,38,Parser_assignment#0:node:0,65460,567440,567440,0,0,False,555,5743924.180180181
compiler77,39,Rule_visit#3:node:1,76417,46223,46223,0,46223,True,46,5498527.304347826
compiler77,40,RuleContext_functionLike#0:node:0,57350,440332,440332,0,440332,True,431,5398409.02088167
compiler77,41,Rule_reaching#0:node:0,102127,370252,370252,0,370252,True,362,4277331.1160221
compiler77,42,Rule_pattern#0:node:0,102106,257079,257079,0,257079,True,252,4208138.392857144
compiler77,43,RuleContext_signature#0:node:0,57887,192814,192814,0,192814,True,189,3727737.333333334
compiler77,44,commentAnchors#1:node:1,40698,893625,893625,0,893625,True,873,3713713.0584192434
compiler77,45,CommentAnchors_commentAnchors#0:node:2,92983,893625,893625,0,893625,True,873,3669697.164948453
compiler77,46,RuleContext_raw#0:node:0,57479,353675,353675,0,353675,True,346,3645101.3005780345
compiler77,47,Rule_visit#27:node:0,87451,103269,103269,0,103269,True,101,3585785.97029703
compiler77,48,Rule_commentAnchors#0:node:2,104835,893625,893625,0,893625,True,873,3584736.2542955326
compiler77,49,Parser_optionalChain#0:node:0,63557,350897,350897,0,0,False,343,3360631.6180758025
compiler77,50,collectListInteriors#0:node:2,44094,1003752,1003752,0,1003752,True,981,3257845.43119266
compiler77,51,Rule_visit#46:node:1,93511,197325,197325,0,197325,True,193,3183782.642487047
compiler77,52,Rule_logical#0:node:0,95506,265988,265988,0,265988,True,260,3126382.030769231
compiler77,53,closure#25:node:0,74802,228831,228831,0,0,False,224,2846085.5625
compiler77,54,Rule_visit#74:node:0,101547,195159,195159,0,195159,True,191,2699529.204188482
compiler77,55,exportNodeView#0:node:1,33532,67690,67690,0,67690,True,67,2669208.6567164175
compiler77,56,last#0:node:0,35803,389079,389079,0,389079,True,380,2605805.407894736
compiler77,57,Parser_token#0:node:0,58993,236663,236663,0,0,False,232,2488021.797413794
compiler77,58,inherited#0:node:0,39859,58702,58702,0,58702,True,58,2487750.275862069
compiler77,59,duplicateCases#0:node:1,28255,16397,16397,0,16397,True,17,2451833.7647058824
compiler77,60,claimed#0:node:0,39814,150962,150962,0,150962,True,148,2402131.8243243243
compiler77,61,tokenStart#1:node:0,43968,338489,338489,0,338489,True,331,2300907.0996978856
compiler77,62,prepareBindings#0:node:1,36274,398682,398682,0,398682,True,390,2226485.6307692314
compiler77,63,Rule_visit#32:node:0,89386,202578,202578,0,202578,True,198,2018618.1515151514
compiler77,64,Rule_visit#46:node:0,93507,197325,197325,0,197325,True,193,1977339.6373056995
compiler77,65,Rule_visit#32:node:1,89391,176916,176916,0,176916,True,173,1964483.445086705
compiler77,66,name#0:node:1,35841,267074,267074,0,267074,True,261,1855192.1915708813
compiler77,67,Rule_visit#36:node:0,90534,173381,173381,0,0,False,170,1830699.3823529417
compiler77,68,Rule_skip#0:node:0,98405,150622,150622,0,150622,True,148,1764719.918918919
compiler77,69,Parser_delimitedList#0:node:0,58921,189635,189635,0,0,False,186,1625151.5591397851
compiler77,70,Rule_visit#3:node:4,76487,56142,56142,0,56142,True,55,1593412.0363636364
compiler77,71,name#0:node:0,35825,255338,255338,0,255338,True,250,1574924.7839999998
compiler77,72,after#0:node:0,28475,144580,144580,0,144580,True,142,1564925.7746478876
compiler77,73,Rule_visit#65:node:0,98444,150556,150556,0,150556,True,148,1542181.7297297295
compiler77,74,Rules_skip#0:node:0,82847,33242,33242,0,33242,True,33,1497904.6666666667
compiler77,75,parts#0:node:0,32919,104528,104528,0,104528,True,103,1458317.8252427182
compiler77,76,RuleContext_literalType#0:node:0,57789,122122,122122,0,122122,True,120,1428827.4000000004
compiler77,77,rest#0:node:0,36208,171432,171432,0,171432,True,168,1341863.5714285714
compiler77,78,noUnexpectedMultiline#0:node:0,28515,150351,150351,0,150351,True,147,1331680.2857142857
compiler77,79,Parser_suffix#0:node:1,63851,197355,197355,0,0,False,193,1298657.25388601
compiler77,80,assignment#1:node:0,43118,120748,120748,0,120748,True,118,1291389.6271186438
compiler77,81,Parser_suffix#0:node:3,63959,150578,150578,0,0,False,148,1267703.972972973
compiler77,82,Rule_visit#2:node:0,76149,119871,119871,0,119871,True,118,1246455.2288135595
compiler77,83,RuleContext_signature#0:node:1,57911,117518,117518,0,117518,True,115,1222187.1999999997
compiler77,84,Rule_visit#27:node:1,87464,100928,100928,0,100928,True,99,1189727.0303030305
compiler77,85,frameworkScope#0:node:0,36792,4798,4798,0,4798,True,5,1143843.2
compiler77,86,Rule_visit#2:node:5,76225,119417,119417,0,119417,True,117,1132930.5128205125
compiler77,87,forwardRefUsesRef#0:node:0,30422,121277,121277,0,121277,True,119,1091493.0
compiler77,88,Rule_visit#88:node:0,110799,119913,119913,0,119913,True,118,1075152.1525423727
compiler77,89,Rule_elseIf#0:node:0,90463,74132,74132,0,74132,True,73,1054096.1095890412
compiler77,90,Rule_visit#50:node:0,94553,197325,197325,0,197325,True,193,929370.077720207
compiler77,91,Rule_name#0:node:1,100118,38058,38058,0,38058,True,38,895364.5263157896
compiler77,92,Parser_parameter#0:node:0,62362,68237,68237,0,0,False,67,810696.2985074625
compiler77,93,Rule_visit#1:node:0,75950,76674,76674,0,76674,True,75,792298.0000000002
compiler77,94,Rule_visit#64:node:0,98088,202578,202578,0,0,False,198,780641.4848484847
compiler77,95,Rule_visit#72:node:0,100361,197325,197325,0,197325,True,193,776008.6787564766
compiler77,96,Rule_visit#87:node:0,110285,150556,150556,0,150556,True,148,753797.2702702704
compiler77,97,Rule_visit#74:node:3,101652,78583,78583,0,78583,True,77,735822.6363636364
compiler77,98,Rule_visit#58:node:0,96936,202578,202578,0,202578,True,198,734601.0303030303
compiler77,99,Rule_visit#84:node:2,106509,64084,64084,0,64084,True,63,722216.507936508
compiler77,100,Rule_visit#66:node:0,98702,119871,119871,0,119871,True,118,720241.8559322035
compiler77,101,run#0:encoder:7,51930,77,9413396,20355585,0,False,1,697004.0
compiler77,102,Parser_literal#0:node:0,59067,48579,48579,0,0,False,48,693262.8125000001
compiler77,103,Rule_visit#3:node:2,76438,45907,45907,0,45907,True,45,684524.3777777778
compiler77,104,Rule_visit#84:node:0,106435,49006,49006,0,49006,True,48,664643.875
compiler77,105,Rule_bindings#0:node:0,100248,51653,51653,0,51653,True,51,660348.156862745
compiler77,106,Rule_visit#24:node:1,85750,73556,73556,0,73556,True,72,659960.7777777778
compiler77,107,after#0:node:1,28488,144580,144580,0,144580,True,142,634319.295774648
compiler77,108,Rule_identifier#0:node:0,109635,121277,121277,0,121277,True,119,618614.6134453781
compiler77,109,Rule_visit#75:node:0,101859,119871,119871,0,119871,True,118,617640.4067796611
compiler77,110,Rule_visit#69:node:0,99264,119871,119871,0,119871,True,118,605450.1355932202
compiler77,111,Rule_visit#47:node:0,93642,50845,50845,0,50845,True,50,603021.7
compiler77,112,Rule_negated#0:node:1,97626,8475,8475,0,8475,True,9,566883.3333333333
compiler77,113,Rule_visit#92:node:5,111758,52526,52526,0,52526,True,52,564654.5
compiler77,114,RuleContext_report#0:node:0,56973,57891,57891,0,57891,True,57,556566.1052631579
compiler77,115,Parser_suffix#0:node:4,64048,150578,150578,0,0,False,148,550423.6351351354
compiler77,116,Rule_visit#84:node:1,106470,119871,119871,0,119871,True,118,549578.059322034
compiler77,117,noMultilineArrowFunction#0:node:1,40345,5595,5595,0,5595,True,6,549242.5
compiler77,118,Rule_name#0:node:0,100108,33007,33007,0,33007,True,33,546115.8181818182
compiler77,119,Rule_visit#65:node:1,98468,150556,150556,0,150556,True,148,535084.1621621619
compiler77,120,Rule_visit#61:node:0,97565,6949,6949,0,6949,True,7,525145.8571428572
compiler77,121,Rule_visit#62:node:0,97724,49916,49916,0,49916,True,49,511384.3265306123
compiler77,122,Rule_visit#2:node:2,76195,119871,119871,0,119871,True,118,506912.1101694916
compiler77,123,Rule_visit#49:node:0,94367,119871,119871,0,119871,True,118,506912.1101694916
compiler77,124,Rule_visit#80:node:0,104339,21825,21825,0,21825,True,22,502967.04545454547
compiler77,125,Rule_visit#25:node:0,86058,38454,38454,0,38454,True,38,502937.84210526326
compiler77,126,Rule_visit#24:node:0,85718,119871,119871,0,119871,True,118,485579.13559322024
compiler77,127,noFindDomNode#0:node:1,31014,121277,121277,0,121277,True,119,473897.5210084034
compiler77,128,noUnexpectedMultiline#0:node:4,28597,119871,119871,0,119871,True,118,467293.72881355917
compiler77,129,Rule_visit#79:node:0,103964,119871,119871,0,119871,True,118,465262.0169491527
compiler77,130,forwardRefUsesRef#0:node:1,30436,29065,29065,0,29065,True,29,455017.5862068965
compiler77,131,Rule_visit#90:node:0,111415,121277,121277,0,121277,True,119,454533.9663865547
compiler77,132,Rule_visit#2:node:4,76218,119871,119871,0,119871,True,118,446976.6101694916
compiler77,133,Parser_suffix#0:node:5,64057,150578,150578,0,0,False,148,437490.1351351354
compiler77,134,Rule_visit#76:node:3,102605,119871,119871,0,119871,True,118,433770.4830508473
compiler77,135,RuleContext_property#0:node:0,57621,58288,58288,0,58288,True,57,427445.33333333326
compiler77,136,Rule_visit#2:node:1,76184,119871,119871,0,119871,True,118,424627.7796610168
compiler77,137,Rule_visit#2:node:3,76202,119871,119871,0,119871,True,118,417516.7881355931
compiler77,138,Rule_visit#3:node:0,76402,48932,48932,0,48932,True,48,403689.0
compiler77,139,Parser_suffix#0:node:6,64067,150578,150578,0,0,False,148,396793.37837837863
compiler77,140,RuleContext_unwrap#0:node:1,57767,31704,31704,0,31704,True,31,376357.1612903225
compiler77,141,Rule_visit#47:node:1,93672,47409,47409,0,47409,True,47,370193.6808510638
compiler77,142,claimed#0:node:1,39827,29205,29205,0,29205,True,29,345424.6551724139
compiler77,143,Rule_visit#1:node:1,75958,76674,76674,0,76674,True,75,338387.92000000004
compiler77,144,last#1:node:0,39725,29221,29221,0,29221,True,29,335537.6896551725
compiler77,145,Rule_visit#28:node:0,88344,25466,25466,0,0,False,25,326983.44000000006
compiler77,146,RuleContext_initializer#0:node:0,57647,47443,47443,0,47443,True,47,319987.89361702127
compiler77,147,Rule_constEnum#0:node:0,93775,41931,41931,0,41931,True,41,310903.02439024387
compiler77,148,Rule_visit#68:node:0,99118,29847,29847,0,29847,True,30,300459.8000000001
compiler77,149,Rule_visit#17:node:1,78335,26691,26691,0,26691,True,27,284703.99999999994
compiler77,150,noFindDomNode#0:node:0,30973,24509,24509,0,24509,True,24,279811.08333333326
compiler77,151,Checker_ask#0:node:0,83325,16723,16723,0,16723,True,17,261665.76470588238
compiler77,152,Rule_visit#65:node:2,98516,29071,29071,0,29071,True,29,254621.86206896548
compiler77,153,Rule_visit#66:node:1,98795,24242,24242,0,24242,True,24,244440.16666666672
compiler77,154,Rule_directlyOptional#0:node:0,87647,7850,7850,0,7850,True,8,230593.75
compiler77,155,Parser_assignment#0:node:2,65535,24550,24550,0,0,False,24,230156.25
compiler77,156,Rule_negated#0:node:0,97601,17991,17991,0,17991,True,18,225887.00000000003
compiler77,157,Parser_unary#0:node:0,65136,22945,22945,0,0,False,23,224461.95652173916
compiler77,158,initializer#0:node:0,45105,49006,49006,0,49006,True,48,220527.0
compiler77,159,noAbbreviatedIdentifier#0:node:0,37050,17635,17635,0,17635,True,18,219457.77777777775
compiler77,160,Rule_containsYield#0:node:2,111254,1399,1399,0,1399,True,2,214047.0
compiler77,161,Rule_visit#72:node:4,100493,33007,33007,0,33007,True,33,206043.69696969696
compiler77,162,Rule_member#0:node:0,87920,25230,25230,0,25230,True,25,193766.4
compiler77,163,duplicateCases#0:node:2,28265,15602,15602,0,15602,True,16,183323.5
compiler77,164,Rule_visit#60:node:1,97407,24550,24550,0,0,False,24,177987.5
compiler77,165,Rule_visit#60:node:0,97381,25448,25448,0,25448,True,25,174064.32
compiler77,166,RedundantTypes_parts#0:node:0,84425,16550,16550,0,0,False,17,171341.17647058822
compiler77,167,Rule_member#0:node:1,87958,5826,5826,0,5826,True,6,154389.0
compiler77,168,Rule_containsKind#0:node:0,80259,3469,3469,0,3469,True,4,149167.0
compiler77,169,Parser_type#0:node:0,60715,4623,4623,0,0,False,5,148860.6
compiler77,170,foreignName#0:node:0,37518,18531,18531,0,18531,True,19,138494.84210526315
compiler77,171,RuleContext_initializer#0:node:2,57666,47443,47443,0,47443,True,47,138291.29787234048
compiler77,172,Rule_enumAllowed#0:node:1,89011,2800,2800,0,2800,True,3,134400.0
compiler77,173,first#1:node:0,39706,29205,29205,0,29205,True,29,133940.17241379304
compiler77,174,Rule_visit#1:node:2,76030,3266,3266,0,3266,True,4,133089.5
compiler77,175,claimed#0:node:2,39832,29205,29205,0,29205,True,29,125883.62068965516
compiler77,176,Rule_visit#17:node:3,78355,26691,26691,0,26691,True,27,125546.55555555552
compiler77,177,Rule_visit#73:node:0,100739,14143,14143,0,14143,True,14,113144.0
compiler77,178,Rule_reaching#0:node:1,102220,760,760,0,760,True,1,112480.0
compiler77,179,Rule_visit#68:node:1,99122,29847,29847,0,29847,True,30,111428.80000000003
compiler77,180,run#0:encoder:2,51755,28343,56728,28434,0,False,28,106286.25
compiler77,181,eventContext#0:node:0,37347,10611,10611,0,10611,True,11,104180.72727272725
compiler77,182,foreign#0:node:0,35930,17635,17635,0,17635,True,18,103850.55555555556
compiler77,183,Rule_visit#90:node:1,111442,29065,29065,0,29065,True,29,103230.86206896555
compiler77,184,exportNodeView#0:node:0,33523,11309,11309,0,11309,True,12,100838.58333333334
compiler77,185,Rule_visit#25:node:1,86090,8230,8230,0,0,False,9,94187.77777777777
compiler77,186,Rule_method#0:node:0,79873,3155,3155,0,3155,True,4,80452.5
compiler77,187,RuleContext_initializer#0:node:1,57664,47443,47443,0,47443,True,47,79744.61702127664
compiler77,188,Rule_enumAllowed#0:node:0,88921,4162,4162,0,4162,True,5,74916.0
compiler77,189,Rule_visit#73:node:1,100748,14143,14143,0,14143,True,14,74755.85714285713
compiler77,190,Rule_equal#0:node:0,95585,12796,12796,0,12796,True,13,72838.76923076925
compiler77,191,Rule_visit#25:node:2,86112,8191,8191,0,0,False,8,67575.75
compiler77,192,referenceProperty#0:node:3,36945,3623,3623,0,3623,True,4,65214.0
compiler77,193,Rule_visit#77:node:0,103226,31,31,0,31,True,1,65131.0
compiler77,194,Rule_visit#73:node:4,100859,14141,14141,0,14141,True,14,62624.42857142855
compiler77,195,Rule_containsKind#0:node:1,80266,3460,3460,0,3460,True,4,62280.0
compiler77,196,Rule_assignmentTarget#0:node:0,99723,6442,6442,0,6442,True,7,60738.85714285713
compiler77,197,Rule_visit#53:node:0,95852,5506,5506,0,5506,True,6,53224.66666666667
compiler77,198,Rule_visit#73:node:3,100852,14141,14141,0,14141,True,14,52523.7142857143
compiler77,199,closure#85:node:0,91271,7570,7570,0,7570,True,8,51097.5
compiler77,200,Rule_visit#18:node:0,78685,1175,1175,0,1175,True,2,50525.0
compiler77,201,foreign#0:node:1,35942,1448,1448,0,1448,True,2,47784.0
compiler77,202,concatenation#1:node:0,44906,4434,4434,0,4434,True,5,44340.0
compiler77,203,referenceProperty#0:node:1,36924,3400,3400,0,3400,True,4,44200.0
compiler77,204,initializer#0:node:1,45159,5340,5340,0,5340,True,6,42720.0
compiler77,205,concatenation#1:node:1,44919,330,330,0,330,True,1,42240.0
compiler77,206,Rule_assignments#0:node:0,96684,386,386,0,386,True,1,41688.0
compiler77,207,Rule_visit#37:node:0,90900,7482,7482,0,7482,True,8,41151.0
compiler77,208,first#0:node:0,35784,1993,1993,0,1993,True,2,35874.0
compiler77,209,Parser_template#0:node:0,64436,1908,1908,0,0,False,2,35298.0
compiler77,210,Rule_equal#0:node:1,95589,12796,12796,0,12796,True,13,34450.76923076924
compiler77,211,Parser_suffix#0:node:2,63932,5265,5265,0,0,False,6,34222.5
compiler77,212,literal#0:node:0,44933,2244,2244,0,2244,True,3,32911.99999999999
compiler77,213,Rule_prepare#2:node:1,87390,3931,3931,0,3931,True,4,31448.0
compiler77,214,Rule_bindingName#0:node:0,100157,2651,2651,0,2651,True,3,30044.66666666667
compiler77,215,Rule_bindingName#0:node:1,100174,2647,2647,0,2647,True,3,29999.33333333334
compiler77,216,Rule_comma#0:node:0,99397,248,248,0,248,True,1,29264.0
compiler77,217,Rule_visit#84:node:3,106565,6049,6049,0,6049,True,6,29236.833333333325
compiler77,218,inferred#0:node:0,32544,2426,2426,0,2426,True,3,27494.66666666667
compiler77,219,Rule_visit#27:node:2,87506,1496,1496,0,1496,True,2,26928.0
compiler77,220,Parser_templatePart#0:node:0,64258,3192,3192,0,0,False,4,25536.0
compiler77,221,Rule_visit#80:node:3,104429,3008,3008,0,3008,True,3,24064.0
compiler77,222,Rule_visit#84:node:4,106626,4943,4943,0,4943,True,5,19772.0
compiler77,223,Rule_visit#92:node:0,111687,1519,1519,0,1519,True,2,19747.0
compiler77,224,Parser_type#0:node:3,61175,1498,1498,0,0,False,2,19474.0
compiler77,225,Parser_assignment#0:node:1,65467,3517,3517,0,0,False,4,19343.5
compiler77,226,Parser_object#0:node:0,64962,3367,3367,0,0,False,4,18518.5
compiler77,227,Rule_visit#4:node:1,76601,3266,3266,0,3266,True,4,17963.0
compiler77,228,RuleContext_children#0:node:0,57398,3250,3250,0,3250,True,4,17875.0
compiler77,229,Rule_reaching#0:node:2,102291,1341,1341,0,1341,True,2,17433.0
compiler77,230,Parser_array#0:node:0,64500,5517,5517,0,0,False,6,16551.0
compiler77,231,Parser_array#0:node:2,64523,5517,5517,0,0,False,6,16551.0
compiler77,232,Rule_visit#76:node:1,102437,2065,2065,0,2065,True,3,16520.0
compiler77,233,Parser_unary#0:node:1,65186,1988,1988,0,0,False,2,15904.0
compiler77,234,frameworkScope#0:node:2,36856,384,384,0,384,True,1,14592.0
compiler77,235,Rule_visit#80:node:2,104413,1720,1720,0,1720,True,2,13760.0
compiler77,236,binding#0:node:1,36103,754,754,0,754,True,1,13572.0
compiler77,237,Rule_constant#0:node:0,87681,1689,1689,0,1689,True,2,13512.0
compiler77,238,Parser_primary#0:node:3,59424,1660,1660,0,0,False,2,13280.0
compiler77,239,Parser_primary#0:node:5,59476,1660,1660,0,0,False,2,13280.0
compiler77,240,Rule_returnType#0:node:0,80305,1616,1616,0,1616,True,2,12928.0
compiler77,241,Rule_returnType#0:node:1,80335,1616,1616,0,1616,True,2,12928.0
compiler77,242,RedundantTypes_parts#0:node:1,84529,332,332,0,0,False,1,12616.0
compiler77,243,eventContext#0:node:4,37479,1487,1487,0,1487,True,2,11896.0
compiler77,244,Rule_prepare#2:node:2,87401,3931,3931,0,3931,True,4,11793.0
compiler77,245,referenceProperty#0:node:4,36959,1463,1463,0,1463,True,2,11704.0
compiler77,246,inferred#0:node:1,32548,2426,2426,0,0,False,3,11321.333333333336
compiler77,247,inferred#0:node:2,32576,2426,2426,0,2426,True,3,11321.333333333336
compiler77,248,Rule_containsYield#0:node:1,111238,1399,1399,0,1399,True,2,11192.0
compiler77,249,Parser_type#0:node:4,61183,1323,1323,0,0,False,2,10584.0
compiler77,250,Rule_nameText#0:node:0,104143,354,354,0,354,True,1,9912.0
compiler77,251,Rule_parametersText#0:node:1,80396,1196,1196,0,1196,True,2,9568.0
compiler77,252,Rule_walk#0:node:1,97137,73,73,0,73,True,1,9417.0
compiler77,253,Rule_visit#18:node:2,78714,1175,1175,0,1175,True,2,9400.0
compiler77,254,Rule_visit#72:node:1,100393,1081,1081,0,1081,True,2,8648.0
compiler77,255,Rule_constEnum#0:node:1,93788,1009,1009,0,1009,True,1,8072.0
compiler77,256,tokenStart#0:node:0,29714,996,996,0,996,True,1,7968.0
compiler77,257,tokenStart#0:node:1,29718,996,996,0,996,True,1,7968.0
compiler77,258,Rule_visit#92:node:6,111777,935,935,0,935,True,1,7480.0
compiler77,259,inferred#0:node:4,32790,856,856,0,856,True,1,6848.0
compiler77,260,inferred#0:node:6,32813,856,856,0,856,True,1,6848.0
compiler77,261,Rule_constEnum#0:node:4,93843,810,810,0,810,True,1,6480.0
compiler77,262,referenceProperty#0:node:2,36937,751,751,0,751,True,1,6008.0
compiler77,263,report#1:node:0,40062,1918,1918,0,1918,True,2,5754.0
compiler77,264,Rule_visit#92:node:3,111725,1519,1519,0,1519,True,2,5316.5
compiler77,265,Parser_type#0:node:2,61171,1760,1760,0,0,False,2,5280.0
compiler77,266,Rule_method#0:node:1,79940,1501,1501,0,1501,True,2,5253.5
compiler77,267,duplicateCases#0:node:0,28247,1633,1633,0,1633,True,2,4899.0
compiler77,268,Rule_visit#1:node:3,76035,1633,1633,0,1633,True,2,4899.0
compiler77,269,Rule_visit#4:node:0,76591,1633,1633,0,1633,True,2,4899.0
compiler77,270,Rule_walk#0:node:2,97154,583,583,0,583,True,1,4664.0
compiler77,271,report#1:node:1,40175,573,573,0,573,True,1,4584.0
compiler77,272,Rule_visit#92:node:1,111711,1519,1519,0,1519,True,2,4557.0
compiler77,273,Rule_parametersText#0:node:0,80361,1501,1501,0,1501,True,2,4503.0
compiler77,274,Rule_bindingName#0:node:2,100201,2647,2647,0,2647,True,3,4411.66666666667
compiler77,275,Rule_delimiter#0:node:0,80488,1454,1454,0,1454,True,2,4362.0
compiler77,276,Rule_containsYield#0:node:0,111225,1437,1437,0,1437,True,2,4311.0
compiler77,277,Rule_visit#92:node:4,111748,1435,1435,0,1435,True,2,4305.0
compiler77,278,eventContext#0:node:3,37448,234,234,0,234,True,1,4212.0
compiler77,279,Rule_visit#21:node:1,80689,191,191,0,191,True,1,3438.0
compiler77,280,Rule_visit#84:node:5,106672,391,391,0,391,True,1,3128.0
compiler77,281,Rule_visit#84:node:7,106697,391,391,0,391,True,1,3128.0
compiler77,282,Rule_comma#0:node:1,99407,100,100,0,100,True,1,2800.0
compiler77,283,Rule_visit#21:node:4,80849,155,155,0,155,True,1,2790.0
compiler77,284,referenceProperty#0:node:0,36892,302,302,0,302,True,1,2416.0
compiler77,285,Rule_visit#80:node:4,104470,272,272,0,272,True,1,2176.0
compiler77,286,Rule_walk#1:node:1,103359,73,73,0,73,True,1,2044.0
compiler77,287,Rule_chain#0:node:2,99333,100,100,0,100,True,1,1800.0
compiler77,288,Parser_object#0:node:1,64974,3367,3367,0,0,False,4,1683.5
compiler77,289,Parser_object#0:node:2,64985,3367,3367,0,0,False,4,1683.5
compiler77,290,Rule_visit#76:node:2,102477,192,192,0,192,True,1,1536.0
compiler77,291,Rule_visit#21:node:0,80657,191,191,0,191,True,1,1528.0
compiler77,292,Rule_visit#21:node:3,80792,191,191,0,191,True,1,1528.0
compiler77,293,legacy#0:node:0,29939,185,185,0,185,True,1,1480.0
compiler77,294,legacy#0:node:1,29941,185,185,0,185,True,1,1480.0
compiler77,295,Rule_visit#3:node:3,76462,170,170,0,170,True,1,1360.0
compiler77,296,preferTemplate#0:node:0,30371,164,164,0,164,True,1,1312.0
compiler77,297,Parser_file#0:node:1,65782,160,160,0,0,False,1,1280.0
compiler77,298,Rule_visit#26:node:0,87128,160,160,0,160,True,1,1280.0
compiler77,299,Rule_forSlot#0:node:1,99461,144,144,0,144,True,1,1152.0
compiler77,300,Rule_chain#0:node:0,99297,137,137,0,137,True,1,1096.0
compiler77,301,Rule_skip#0:node:1,98417,60,60,0,60,True,1,1080.0
compiler77,302,RuleContext_arguments#0:node:0,57594,118,118,0,118,True,1,1062.0
compiler77,303,RuleContext_comment#0:node:0,57712,37,37,0,37,True,1,1036.0
compiler77,304,Rule_visit#75:node:1,101892,52,52,0,52,True,1,936.0
compiler77,305,Rule_parametersText#0:node:2,80449,29,29,0,29,True,1,812.0
compiler77,306,Rule_chain#0:node:4,99370,100,100,0,100,True,1,800.0
compiler77,307,noUselessConstructor#0:node:1,29429,26,26,0,26,True,1,728.0
compiler77,308,Rules_skip#0:node:1,82858,90,90,0,90,True,1,720.0
compiler77,309,Rule_visit#78:node:0,103665,86,86,0,86,True,1,688.0
compiler77,310,Parser_importType#0:node:0,60470,24,24,0,0,False,1,672.0
compiler77,311,Rule_walk#0:node:4,97167,77,77,0,77,True,1,616.0
compiler77,312,comparator#0:node:0,37283,16,16,0,16,True,1,608.0
compiler77,313,Rule_visit#83:node:4,106323,20,20,0,20,True,1,580.0
compiler77,314,noIsMounted#0:node:0,31087,58,58,0,58,True,1,464.0
compiler77,315,Rule_visit#74:node:1,101620,51,51,0,51,True,1,408.0
compiler77,316,Rule_visit#74:node:2,101623,51,51,0,51,True,1,408.0
compiler77,317,Rule_visit#66:node:3,98810,50,50,0,50,True,1,400.0
compiler77,318,eventContext#0:node:1,37376,44,44,0,44,True,1,352.0
compiler77,319,closure#69:node:0,81327,9,9,0,9,True,1,342.0
compiler77,320,call#0:node:0,32505,42,42,0,42,True,1,336.0
compiler77,321,Rule_chain#0:node:1,99309,37,37,0,37,True,1,296.0
compiler77,322,Rule_method#0:node:2,80067,36,36,0,36,True,1,288.0
compiler77,323,Rule_visit#57:node:1,96642,28,28,0,28,True,1,252.0
compiler77,324,frameworkScope#0:node:1,36819,28,28,0,28,True,1,224.0
compiler77,325,Rule_visit#57:node:0,96629,28,28,0,28,True,1,224.0
compiler77,326,Rule_visit#57:node:3,96672,28,28,0,28,True,1,224.0
compiler77,327,Rule_visit#78:node:2,103706,28,28,0,28,True,1,224.0
compiler77,328,Rule_visit#78:node:3,103719,28,28,0,28,True,1,224.0
compiler77,329,Rule_assignments#0:node:1,96720,26,26,0,26,True,1,208.0
compiler77,330,Rule_constEnum#0:node:6,93861,7,7,0,7,True,1,196.0
compiler77,331,RuleContext_members#0:node:0,57565,23,23,0,23,True,1,184.0
compiler77,332,Rule_visit#83:node:3,106297,20,20,0,20,True,1,160.0
compiler77,333,Rule_visit#83:node:5,106325,20,20,0,20,True,1,160.0
compiler77,334,Rule_assignmentTarget#0:node:2,99803,8,8,0,8,True,1,144.0
compiler77,335,inherited#0:node:1,39918,16,16,0,16,True,1,128.0
compiler77,336,Parser_type#0:node:1,60775,6,6,0,0,False,1,108.0
compiler77,337,Rule_assignments#0:node:2,96788,12,12,0,12,True,1,96.0
compiler77,338,Rule_assignments#0:node:3,96798,12,12,0,12,True,1,96.0
compiler77,339,call#0:node:1,32522,10,10,0,10,True,1,80.0
compiler77,340,noUnexpectedMultiline#0:node:2,28556,4,4,0,4,True,1,72.0
compiler77,341,Rule_finish#0:node:0,90250,8,8,0,8,True,1,64.0
compiler77,342,Rule_finish#0:node:1,90272,8,8,0,8,True,1,64.0
compiler77,343,Rule_constEnum#0:node:9,93900,7,7,0,7,True,1,56.0
compiler77,344,Rule_constEnum#0:node:10,93914,7,7,0,7,True,1,56.0
compiler77,345,child#0:node:0,32882,6,6,0,6,True,1,54.0
compiler77,346,Rules_add#0:node:0,82814,3,3,0,0,False,1,54.0
compiler77,347,triviaText#0:node:0,29818,6,6,0,6,True,1,48.0
compiler77,348,Parser_templateType#0:node:0,64384,6,6,0,0,False,1,48.0
compiler77,349,Rule_visit#22:node:1,81284,6,6,0,6,True,1,48.0
compiler77,350,noUnexpectedMultiline#0:node:1,28549,4,4,0,4,True,1,36.0
compiler77,351,Rule_invert#0:node:0,101301,2,2,0,2,True,1,36.0
compiler77,352,Rule_visit#78:node:5,103749,2,2,0,2,True,1,36.0
compiler77,353,closure#61:node:0,75877,4,4,0,4,True,1,32.0
compiler77,354,Rule_visit#25:node:3,86347,1,1,0,1,True,1,28.0
compiler77,355,Rule_visit#79:node:1,104033,3,3,0,3,True,1,24.0
compiler77,356,Rule_visit#28:node:1,88466,1,1,0,1,True,1,18.0
compiler77,357,Rule_alwaysBoolean#0:node:0,101396,1,1,0,1,True,1,18.0
compiler77,358,noRedundantShouldComponentUpdate#0:node:1,31217,2,2,0,2,True,1,16.0
compiler77,359,Rule_empty#0:node:0,87210,2,2,0,2,True,1,16.0
compiler77,360,Rule_empty#0:node:1,87223,2,2,0,2,True,1,16.0
compiler77,361,Rule_visit#32:node:2,89406,2,2,0,2,True,1,16.0
compiler77,362,Rule_visit#50:node:1,94572,2,2,0,2,True,1,16.0
compiler77,363,Rule_precedence#0:node:0,100966,2,2,0,2,True,1,16.0
compiler77,364,Rule_visit#78:node:6,103771,2,2,0,2,True,1,16.0
compiler77,365,Rule_visit#78:node:8,103806,2,2,0,2,True,1,16.0
compiler77,366,Rule_visit#0:node:0,56310,1,1,0,1,True,1,8.0
compiler77,367,Rule_visit#25:node:6,86518,1,1,0,1,True,1,8.0
compiler77,368,Rule_strong#0:node:0,86578,1,1,0,1,True,1,8.0
compiler77,369,Rule_filters#0:node:2,88197,1,1,0,1,True,1,8.0
compiler77,370,Rule_visit#28:node:2,88484,1,1,0,1,True,1,8.0
compiler77,371,Rule_visit#28:node:3,88522,1,1,0,1,True,1,8.0
compiler77,372,noUselessConstructor#0:node:2,29509,8,8,0,8,True,1,0
compiler77,373,tokenText#0:node:0,29807,384,384,0,384,True,1,0
compiler77,374,triviaText#0:node:1,29838,6,6,0,6,True,1,0
compiler77,375,build#0:node:0,30143,224,224,0,224,True,1,0
compiler77,376,noRedundantShouldComponentUpdate#0:node:0,31194,10,10,0,10,True,1,0
compiler77,377,call#0:node:2,32530,4,4,0,4,True,1,0
compiler77,378,inferred#0:node:5,32805,856,856,0,856,True,1,0
compiler77,379,child#0:node:1,32889,18,18,0,18,True,1,0
compiler77,380,foreign#0:node:2,35971,10,10,0,10,True,1,0
compiler77,381,noMultilineArrowFunction#0:node:2,40374,573,573,0,0,False,1,0
compiler77,382,Rule_visit#0:node:1,56318,1,1,0,1,True,1,0
compiler77,383,RuleContext_reportNode#0:node:0,57016,297,297,0,297,True,1,0
compiler77,384,Parser_primary#0:node:4,59428,630,630,0,0,False,1,0
compiler77,385,Parser_primary#0:node:6,59485,1660,1660,0,0,False,2,0
compiler77,386,Parser_suffix#0:node:7,64108,4,4,0,0,False,1,0
compiler77,387,Parser_suffix#0:node:8,64172,4,4,0,0,False,1,0
compiler77,388,Parser_array#0:node:1,64512,5517,5517,0,0,False,6,0
compiler77,389,Parser_file#0:node:0,65768,160,160,0,0,False,1,0
compiler77,390,Rule_visit#21:node:2,80781,191,191,0,191,True,1,0
compiler77,391,Rule_visit#25:node:4,86390,1,1,0,1,True,1,0
compiler77,392,Rule_filters#0:node:0,88060,408,408,0,0,False,1,0
compiler77,393,Rule_visit#32:node:3,89411,2,2,0,2,True,1,0
compiler77,394,Rule_visit#33:node:0,89534,105,105,0,105,True,1,0
compiler77,395,Rule_constEnum#0:node:2,93813,1009,1009,0,1009,True,1,0
compiler77,396,Rule_constEnum#0:node:3,93827,810,810,0,810,True,1,0
compiler77,397,Rule_constEnum#0:node:5,93852,16,16,0,16,True,1,0
compiler77,398,Rule_constEnum#0:node:7,93877,7,7,0,7,True,1,0
compiler77,399,Rule_constEnum#0:node:8,93886,7,7,0,7,True,1,0
compiler77,400,Rule_constEnum#0:node:11,93930,7,7,0,7,True,1,0
compiler77,401,Rule_constEnum#0:node:12,93939,4,4,0,4,True,1,0
compiler77,402,Rule_visit#57:node:2,96659,28,28,0,28,True,1,0
compiler77,403,Rule_walk#0:node:3,97160,77,77,0,77,True,1,0
compiler77,404,Rule_allowedLabel#0:node:0,97252,104,104,0,104,True,1,0
compiler77,405,Rule_allowedLabel#0:node:1,97259,104,104,0,104,True,1,0
compiler77,406,Rule_visit#66:node:2,98807,50,50,0,50,True,1,0
compiler77,407,Rule_comma#0:node:2,99414,100,100,0,100,True,1,0
compiler77,408,Rule_forSlot#0:node:0,99438,181,181,0,181,True,1,0
compiler77,409,Rule_forSlot#0:node:2,99475,7,7,0,7,True,1,0
compiler77,410,Rule_assignmentTarget#0:node:1,99750,770,770,0,770,True,1,0
compiler77,411,Rule_invert#0:node:1,101310,2,2,0,2,True,1,0
compiler77,412,Rule_walk#1:node:2,103392,77,77,0,77,True,1,0
compiler77,413,Rule_walk#1:node:3,103403,73,73,0,73,True,1,0
compiler77,414,Rule_visit#78:node:1,103678,28,28,0,28,True,1,0
compiler77,415,Rule_visit#78:node:4,103736,28,28,0,28,True,1,0
compiler77,416,Rule_visit#80:node:5,104490,235,235,0,235,True,1,0
compiler77,417,Rule_visit#80:node:7,104548,6,6,0,6,True,1,0
compiler77,418,Rule_same#0:node:0,105648,121,121,0,121,True,1,0
compiler77,419,Rule_same#0:node:1,105650,121,121,0,121,True,1,0
compiler77,420,Rule_visit#84:node:6,106688,391,391,0,391,True,1,0
compiler77,421,Rule_visit#88:node:1,110836,72,72,0,72,True,1,0
compiler77,422,Rule_visit#89:node:0,111178,226,226,0,226,True,1,0
compiler77,423,Rule_visit#89:node:1,111183,38,38,0,38,True,1,0
compiler77,424,Rule_visit#92:node:2,111720,1519,1519,0,1519,True,2,0
