where,source_checker_type,verdict,first_remaining_stop,sha
src/compiler/binder.ts:1296:36,NodeArray<Expression>,reproduced,NotYet: src/compiler/binder.ts:1296:36 for...of over an object,4665974380601cd4a49089225dd0ff91f60b7993
src/compiler/binder.ts:1823:29,NodeArray<Expression>,masked; not covered,Refused: src/compiler/binder.ts:1823:30 a cast the runtime can't check,4665974380601cd4a49089225dd0ff91f60b7993
src/compiler/binder.ts:1833:29,NodeArray<ObjectLiteralElementLike>,masked; not covered,Refused: src/compiler/binder.ts:1823:30 a cast the runtime can't check,4665974380601cd4a49089225dd0ff91f60b7993
src/compiler/binder.ts:2061:33,NodeArray<BindingElement> | NodeArray<ArrayBindingElement>,reproduced,NotYet: src/compiler/binder.ts:2061:33 for...of over an object,4665974380601cd4a49089225dd0ff91f60b7993
src/compiler/binder.ts:2809:33,JSDocArray,reproduced,NotYet: src/compiler/binder.ts:2809:33 for...of over an object,4665974380601cd4a49089225dd0ff91f60b7993
src/compiler/binder.ts:2814:33,JSDocArray,reproduced,NotYet: src/compiler/binder.ts:2809:33 for...of over an object,4665974380601cd4a49089225dd0ff91f60b7993
src/compiler/binder.ts:2824:37,NodeArray<Statement>,reproduced,NotYet: src/compiler/binder.ts:2824:37 for...of over an object,4665974380601cd4a49089225dd0ff91f60b7993
src/compiler/binder.ts:432:37,NodeArray<Statement>,reproduced,NotYet: src/compiler/binder.ts:423:18 a BinaryExpression with a value and a value,4665974380601cd4a49089225dd0ff91f60b7993
src/compiler/builderState.ts:522:33,NodeArray<Statement>,reproduced,NotYet: src/compiler/builderState.ts:522:33 for...of over an object,4665974380601cd4a49089225dd0ff91f60b7993
src/compiler/checker.ts:11771:39,NodeArray<BindingElement>,reproduced,NotYet: src/compiler/checker.ts:11753:13 a BinaryExpression with a boolean and a number,4665974380601cd4a49089225dd0ff91f60b7993
src/compiler/checker.ts:13449:40,NodeArray<ExpressionWithTypeArguments>,masked; not covered,Refused: src/compiler/checker.ts:13447:65 a cast the runtime can't check,4665974380601cd4a49089225dd0ff91f60b7993
src/compiler/checker.ts:13551:46,NodeArray<EnumMember>,masked; not covered,Refused: src/compiler/checker.ts:13551:47 a cast the runtime can't check,4665974380601cd4a49089225dd0ff91f60b7993
src/compiler/checker.ts:15779:30,Iterable<Symbol>,reproduced,NotYet: src/compiler/checker.ts:15779:30 for...of over an object,4665974380601cd4a49089225dd0ff91f60b7993
src/compiler/checker.ts:21550:29,ElaborationIterator,reproduced,NotYet: src/compiler/checker.ts:21550:29 for...of over an object,4665974380601cd4a49089225dd0ff91f60b7993
src/compiler/checker.ts:21679:28,NodeArray<JsxAttributeLike>,reproduced,NotYet: src/compiler/checker.ts:21679:28 for...of over an object,4665974380601cd4a49089225dd0ff91f60b7993
src/compiler/checker.ts:21861:28,NodeArray<ObjectLiteralElementLike>,reproduced,NotYet: src/compiler/checker.ts:21861:28 for...of over an object,4665974380601cd4a49089225dd0ff91f60b7993
src/compiler/checker.ts:28080:36,NodeArray<Expression>,reproduced,NotYet: src/compiler/checker.ts:28080:36 for...of over an object,4665974380601cd4a49089225dd0ff91f60b7993
src/compiler/checker.ts:28466:34,NodeArray<CaseOrDefaultClause>,reproduced,NotYet: src/compiler/checker.ts:28466:34 for...of over an object,4665974380601cd4a49089225dd0ff91f60b7993
src/compiler/checker.ts:28480:30,NodeArray<CaseOrDefaultClause>,reproduced,NotYet: src/compiler/checker.ts:28480:30 for...of over an object,4665974380601cd4a49089225dd0ff91f60b7993
src/compiler/checker.ts:29248:47,NodeArray<Expression>,masked; not covered,Refused: src/compiler/checker.ts:29240:22 a cast the runtime can't check,4665974380601cd4a49089225dd0ff91f60b7993
src/compiler/checker.ts:33555:28,NodeArray<ObjectLiteralElementLike>,reproduced,NotYet: src/compiler/checker.ts:33539:42 a BinaryExpression with a value and a value,4665974380601cd4a49089225dd0ff91f60b7993
src/compiler/checker.ts:33562:34,NodeArray<ObjectLiteralElementLike>,reproduced,NotYet: src/compiler/checker.ts:33539:42 a BinaryExpression with a value and a value,4665974380601cd4a49089225dd0ff91f60b7993
src/compiler/checker.ts:33840:41,NodeArray<JsxAttributeLike>,reproduced,NotYet: src/compiler/checker.ts:33829:15 a value of type __String | undefined,4665974380601cd4a49089225dd0ff91f60b7993
src/compiler/checker.ts:33962:29,NodeArray<JsxChild>,reproduced,NotYet: src/compiler/checker.ts:33962:29 for...of over an object,4665974380601cd4a49089225dd0ff91f60b7993
src/compiler/checker.ts:37008:35,NodeArray<Expression>,reproduced,NotYet: src/compiler/checker.ts:37008:35 for...of over an object,4665974380601cd4a49089225dd0ff91f60b7993
src/compiler/checker.ts:38742:31,NodeArray<BindingElement> | NodeArray<ArrayBindingElement>,reproduced,NotYet: src/compiler/checker.ts:38742:31 for...of over an object,4665974380601cd4a49089225dd0ff91f60b7993
src/compiler/checker.ts:41285:28,NodeArray<TemplateSpan>,reproduced,NotYet: src/compiler/checker.ts:41284:23 an array of never,4665974380601cd4a49089225dd0ff91f60b7993
src/compiler/checker.ts:41390:25,NodeArray<BindingElement>,reproduced,NotYet: src/compiler/checker.ts:41390:25 for...of over an object,4665974380601cd4a49089225dd0ff91f60b7993
src/compiler/checker.ts:42104:31,NodeArray<BindingElement> | NodeArray<ArrayBindingElement>,reproduced,NotYet: src/compiler/checker.ts:42104:31 for...of over an object,4665974380601cd4a49089225dd0ff91f60b7993
src/compiler/checker.ts:42242:30,NodeArray<ClassElement>,reproduced,"NotYet: src/compiler/checker.ts:42238:31 a Map whose keys aren't strings, numbers, booleans, objects, arrays, maps or functions",4665974380601cd4a49089225dd0ff91f60b7993
src/compiler/checker.ts:42327:30,NodeArray<ClassElement>,reproduced,NotYet: src/compiler/checker.ts:42327:30 for...of over an object,4665974380601cd4a49089225dd0ff91f60b7993
src/compiler/checker.ts:42353:30,NodeArray<TypeElement>,reproduced,NotYet: src/compiler/checker.ts:42353:30 for...of over an object,4665974380601cd4a49089225dd0ff91f60b7993
src/compiler/checker.ts:42881:25,NodeArray<TypeNode | NamedTupleMember>,reproduced,NotYet: src/compiler/checker.ts:42881:25 for...of over an object,4665974380601cd4a49089225dd0ff91f60b7993
src/compiler/checker.ts:43023:28,NodeArray<TemplateLiteralTypeSpan>,reproduced,NotYet: src/compiler/checker.ts:43023:28 for...of over an object,4665974380601cd4a49089225dd0ff91f60b7993
src/compiler/checker.ts:44206:32,NodeArray<ModifierLike>,reproduced,Refused: src/compiler/utilities.ts:3471:1 overload 1 of nodeCanBeDecorated result true cannot be served by implementation result boolean,4665974380601cd4a49089225dd0ff91f60b7993
src/compiler/checker.ts:44238:26,NodeArray<TypeParameterDeclaration>,reproduced,NotYet: src/compiler/checker.ts:44238:26 for...of over an object,4665974380601cd4a49089225dd0ff91f60b7993
src/compiler/checker.ts:44497:30,NodeArray<ClassElement>,reproduced,NotYet: src/compiler/checker.ts:44497:30 for...of over an object,4665974380601cd4a49089225dd0ff91f60b7993
src/compiler/checker.ts:44942:34,NodeArray<ClassElement>,reproduced,NotYet: src/compiler/checker.ts:44942:34 for...of over an object,4665974380601cd4a49089225dd0ff91f60b7993
src/compiler/checker.ts:47233:30,NodeArray<ClassElement>,reproduced,NotYet: src/compiler/checker.ts:47229:27 a BinaryExpression with a value and a value,4665974380601cd4a49089225dd0ff91f60b7993
src/compiler/checker.ts:47414:30,NodeArray<ClassElement>,reproduced,NotYet: src/compiler/checker.ts:47414:30 for...of over an object,4665974380601cd4a49089225dd0ff91f60b7993
src/compiler/checker.ts:47764:30,NodeArray<ClassElement>,reproduced,NotYet: src/compiler/checker.ts:47760:13 a BinaryExpression with a boolean and a number,4665974380601cd4a49089225dd0ff91f60b7993
src/compiler/checker.ts:47891:34,NodeArray<EnumMember>,reproduced,NotYet: src/compiler/checker.ts:47891:34 for...of over an object,4665974380601cd4a49089225dd0ff91f60b7993
src/compiler/checker.ts:48275:36,NodeArray<VariableDeclaration>,masked; not covered,Refused: src/compiler/checker.ts:48275:37 a cast the runtime can't check,4665974380601cd4a49089225dd0ff91f60b7993
src/compiler/checker.ts:51814:32,NodeArray<ModifierLike> | NodeArray<Modifier>,reproduced,NotYet: src/compiler/checker.ts:53343:79 a rest array of DiagnosticArguments,4665974380601cd4a49089225dd0ff91f60b7993
src/compiler/checker.ts:52540:42,NodeArray<HeritageClause>,reproduced,NotYet: src/compiler/checker.ts:52540:42 for...of over an object,4665974380601cd4a49089225dd0ff91f60b7993
src/compiler/checker.ts:52600:28,NodeArray<ObjectLiteralElementLike>,reproduced,"NotYet: src/compiler/checker.ts:52598:22 a Map whose keys aren't strings, numbers, booleans, objects, arrays, maps or functions",4665974380601cd4a49089225dd0ff91f60b7993
src/compiler/checker.ts:52717:28,NodeArray<JsxAttributeLike>,reproduced,"NotYet: src/compiler/checker.ts:52715:22 a Map whose keys aren't strings, numbers, booleans, objects, arrays, maps or functions",4665974380601cd4a49089225dd0ff91f60b7993
src/compiler/checker.ts:53209:35,NodeArray<BindingElement> | NodeArray<ArrayBindingElement>,reproduced,NotYet: src/compiler/checker.ts:53362:110 a rest array of DiagnosticArguments,4665974380601cd4a49089225dd0ff91f60b7993
src/compiler/checker.ts:53226:35,NodeArray<BindingElement> | NodeArray<ArrayBindingElement>,reproduced,NotYet: src/compiler/checker.ts:53220:17 a value of type __String,4665974380601cd4a49089225dd0ff91f60b7993
src/compiler/checker.ts:53486:28,NodeArray<Statement>,reproduced,NotYet: src/compiler/checker.ts:53486:28 for...of over an object,4665974380601cd4a49089225dd0ff91f60b7993
src/compiler/core.ts:2173:29,Iterable<T>,masked; not covered,NotYet: src/compiler/core.ts:2169:17 a function returning T | undefined,4665974380601cd4a49089225dd0ff91f60b7993
src/compiler/core.ts:333:21,Iterable<T>,reproduced,NotYet: src/compiler/core.ts:333:21 for...of over an object,4665974380601cd4a49089225dd0ff91f60b7993
src/compiler/core.ts:438:21,Iterable<T>,reproduced,NotYet: src/compiler/core.ts:438:21 for...of over an object,4665974380601cd4a49089225dd0ff91f60b7993
src/compiler/core.ts:510:21,Iterable<T>,reproduced,NotYet: src/compiler/core.ts:510:21 for...of over an object,4665974380601cd4a49089225dd0ff91f60b7993
src/compiler/emitter.ts:2062:38,SortedReadonlyArray<EmitHelper>,masked; not covered,Refused: src/compiler/emitter.ts:2050:58 a cast the runtime can't check,4665974380601cd4a49089225dd0ff91f60b7993
src/compiler/emitter.ts:3505:33,NodeArray<Statement>,reproduced,NotYet: src/compiler/emitter.ts:3493:13 a BinaryExpression with a boolean and a value,4665974380601cd4a49089225dd0ff91f60b7993
src/compiler/expressionToTypeNode.ts:1006:31,NodeArray<Expression>,reproduced,NotYet: src/compiler/expressionToTypeNode.ts:1006:31 for...of over an object,4665974380601cd4a49089225dd0ff91f60b7993
src/compiler/expressionToTypeNode.ts:1026:28,NodeArray<ObjectLiteralElementLike>,reproduced,NotYet: src/compiler/expressionToTypeNode.ts:1026:28 for...of over an object,4665974380601cd4a49089225dd0ff91f60b7993
src/compiler/expressionToTypeNode.ts:1066:28,NodeArray<ObjectLiteralElementLike>,reproduced,NotYet: src/compiler/expressionToTypeNode.ts:1066:28 for...of over an object,4665974380601cd4a49089225dd0ff91f60b7993
src/compiler/expressionToTypeNode.ts:987:31,NodeArray<Expression>,reproduced,NotYet: src/compiler/expressionToTypeNode.ts:984:13 a method call through a structural signature in a program with statics; use typeof the declaring class,4665974380601cd4a49089225dd0ff91f60b7993
src/compiler/factory/nodeFactory.ts:7311:25,MutableNodeArray<Node>,reproduced,NotYet: src/compiler/factory/nodeFactory.ts:7311:25 for...of over an object,4665974380601cd4a49089225dd0ff91f60b7993
src/compiler/factory/utilities.ts:1710:29,NodeArray<Expression>,reproduced,NotYet: src/compiler/factory/utilities.ts:1710:29 for...of over an object,4665974380601cd4a49089225dd0ff91f60b7993
src/compiler/moduleSpecifiers.ts:800:25,"readonly [""dependencies"", ""peerDependencies"", ""optionalDependencies""]",covered gate,NotYet: src/compiler/moduleSpecifiers.ts:799:9 a value of type any,4665974380601cd4a49089225dd0ff91f60b7993
src/compiler/parser.ts:10114:44,JSDocArray,reproduced,"Refused: src/compiler/utilities.ts:10655:6 a value of type T seen as TextRange, whose readonly field pos becomes writable: a readonly field may hold something narrower than number, which a write of number would replace",4665974380601cd4a49089225dd0ff91f60b7993
src/compiler/parser.ts:10124:32,NodeArray<Node>,reproduced,"Refused: src/compiler/utilities.ts:10655:6 a value of type T seen as TextRange, whose readonly field pos becomes writable: a readonly field may hold something narrower than number, which a write of number would replace",4665974380601cd4a49089225dd0ff91f60b7993
src/compiler/parser.ts:10224:44,JSDocArray,reproduced,NotYet: src/compiler/debug.ts:213:28 a value of type unknown,4665974380601cd4a49089225dd0ff91f60b7993
src/compiler/parser.ts:10267:48,JSDocArray,reproduced,NotYet: src/compiler/debug.ts:213:28 a value of type unknown,4665974380601cd4a49089225dd0ff91f60b7993
src/compiler/parser.ts:10297:36,NodeArray<Node>,reproduced,NotYet: src/compiler/debug.ts:213:28 a value of type unknown,4665974380601cd4a49089225dd0ff91f60b7993
src/compiler/program.ts:3202:40,NodeArray<ModifierLike>,reproduced,NotYet: src/compiler/program.ts:3202:40 for...of over an object,4665974380601cd4a49089225dd0ff91f60b7993
src/compiler/program.ts:3348:28,NodeArray<Statement>,reproduced,NotYet: src/compiler/program.ts:3344:30 an array of never,4665974380601cd4a49089225dd0ff91f60b7993
src/compiler/transformers/classFields.ts:1724:30,NodeArray<ClassElement>,reproduced,NotYet: src/compiler/utilitiesPublic.ts:762:1 overload 1 of getOriginalNode with additional implementation type parameters,4665974380601cd4a49089225dd0ff91f60b7993
src/compiler/transformers/classFields.ts:2103:34,NodeArray<ClassElement>,reproduced,NotYet: src/compiler/transformers/classFields.ts:2103:34 for...of over an object,4665974380601cd4a49089225dd0ff91f60b7993
src/compiler/transformers/classFields.ts:2122:38,NodeArray<ClassElement>,reproduced,NotYet: src/compiler/transformers/classFields.ts:2103:34 for...of over an object,4665974380601cd4a49089225dd0ff91f60b7993
src/compiler/transformers/declarations.ts:1625:48,NodeArray<BindingElement> | NodeArray<ArrayBindingElement>,reproduced,NotYet: src/compiler/transformers/declarations.ts:1625:48 for...of over an object,4665974380601cd4a49089225dd0ff91f60b7993
src/compiler/transformers/es2015.ts:1557:33,NodeArray<Statement>,reproduced,NotYet: src/compiler/transformers/es2015.ts:1557:33 for...of over an object,4665974380601cd4a49089225dd0ff91f60b7993
src/compiler/transformers/es2015.ts:1691:33,NodeArray<Statement>,reproduced,NotYet: src/compiler/transformers/es2015.ts:1683:13 a BinaryExpression with a number and a number,4665974380601cd4a49089225dd0ff91f60b7993
src/compiler/transformers/es2015.ts:1909:33,NodeArray<ParameterDeclaration>,reproduced,NotYet: src/compiler/transformers/es2015.ts:1909:33 for...of over an object,4665974380601cd4a49089225dd0ff91f60b7993
src/compiler/transformers/es2015.ts:2255:30,NodeArray<ClassElement>,reproduced,NotYet: src/compiler/transformers/es2015.ts:2255:30 for...of over an object,4665974380601cd4a49089225dd0ff91f60b7993
src/compiler/transformers/es2015.ts:3415:39,NodeArray<BindingElement> | NodeArray<ArrayBindingElement>,reproduced,NotYet: src/compiler/transformers/es2015.ts:3415:39 for...of over an object,4665974380601cd4a49089225dd0ff91f60b7993
src/compiler/transformers/es2015.ts:4052:35,NodeArray<BindingElement> | NodeArray<ArrayBindingElement>,reproduced,NotYet: src/compiler/transformers/es2015.ts:4052:35 for...of over an object,4665974380601cd4a49089225dd0ff91f60b7993
src/compiler/transformers/es2015.ts:4806:28,NodeArray<TemplateSpan>,reproduced,NotYet: src/compiler/transformers/es2015.ts:4805:38 a method call through a structural signature in a program with statics; use typeof the declaring class,4665974380601cd4a49089225dd0ff91f60b7993
src/compiler/transformers/es2017.ts:578:35,NodeArray<BindingElement> | NodeArray<ArrayBindingElement>,reproduced,"NotYet: src/compiler/transformers/es2017.ts:575:13 a Set of __String (a Set holds strings, numbers, booleans, objects, arrays, maps or functions so far)",4665974380601cd4a49089225dd0ff91f60b7993
src/compiler/transformers/es2017.ts:616:35,NodeArray<BindingElement> | NodeArray<ArrayBindingElement>,reproduced,NotYet: src/compiler/transformers/es2017.ts:616:35 for...of over an object,4665974380601cd4a49089225dd0ff91f60b7993
src/compiler/transformers/es2017.ts:640:35,NodeArray<BindingElement> | NodeArray<ArrayBindingElement>,reproduced,"NotYet: src/compiler/transformers/es2017.ts:637:20 a Set of __String (a Set holds strings, numbers, booleans, objects, arrays, maps or functions so far)",4665974380601cd4a49089225dd0ff91f60b7993
src/compiler/transformers/es2017.ts:708:33,NodeArray<ParameterDeclaration>,reproduced,Refused: src/compiler/visitorPublic.ts:393:126 overload 1 of visitParameterList parameter nodesVisitor cannot be served by implementation parameter nodesVisitor,4665974380601cd4a49089225dd0ff91f60b7993
src/compiler/transformers/es2018.ts:1148:33,NodeArray<ParameterDeclaration>,reproduced,Refused: src/compiler/visitorPublic.ts:393:126 overload 1 of visitParameterList parameter nodesVisitor cannot be served by implementation parameter nodesVisitor,4665974380601cd4a49089225dd0ff91f60b7993
src/compiler/transformers/es2018.ts:1244:33,NodeArray<ParameterDeclaration>,reproduced,NotYet: src/compiler/transformers/es2018.ts:1244:33 for...of over an object,4665974380601cd4a49089225dd0ff91f60b7993
src/compiler/transformers/es2018.ts:976:33,NodeArray<ParameterDeclaration>,reproduced,NotYet: src/compiler/transformers/es2018.ts:976:33 for...of over an object,4665974380601cd4a49089225dd0ff91f60b7993
src/compiler/transformers/esDecorators.ts:604:30,NodeArray<ClassElement>,reproduced,NotYet: src/compiler/transformers/esDecorators.ts:579:35 a method call through a structural signature in a program with statics; use typeof the declaring class,4665974380601cd4a49089225dd0ff91f60b7993
src/compiler/transformers/esnext.ts:587:32,NodeArray<VariableDeclaration>,reproduced,NotYet: src/compiler/transformers/esnext.ts:587:32 for...of over an object,4665974380601cd4a49089225dd0ff91f60b7993
src/compiler/transformers/esnext.ts:625:35,NodeArray<BindingElement> | NodeArray<ArrayBindingElement>,reproduced,NotYet: src/compiler/transformers/esnext.ts:625:35 for...of over an object,4665974380601cd4a49089225dd0ff91f60b7993
src/compiler/transformers/generators.ts:737:36,NodeArray<VariableDeclaration>,reproduced,NotYet: src/compiler/transformers/generators.ts:737:36 for...of over an object,4665974380601cd4a49089225dd0ff91f60b7993
src/compiler/transformers/generators.ts:918:28,NodeArray<Expression>,reproduced,NotYet: src/compiler/transformers/generators.ts:918:28 for...of over an object,4665974380601cd4a49089225dd0ff91f60b7993
src/compiler/transformers/jsx.ts:271:28,NodeArray<JsxAttributeLike>,reproduced,NotYet: src/compiler/transformers/jsx.ts:271:28 for...of over an object,4665974380601cd4a49089225dd0ff91f60b7993
src/compiler/transformers/legacyDecorators.ts:174:30,NodeArray<ClassElement>,reproduced,NotYet: src/compiler/transformers/legacyDecorators.ts:174:30 for...of over an object,4665974380601cd4a49089225dd0ff91f60b7993
src/compiler/transformers/module/module.ts:1827:36,NodeArray<VariableDeclaration>,reproduced,NotYet: src/compiler/transformers/module/module.ts:1827:36 for...of over an object,4665974380601cd4a49089225dd0ff91f60b7993
src/compiler/transformers/module/module.ts:1983:49,NodeArray<ImportSpecifier>,reproduced,NotYet: src/compiler/transformers/utilities.ts:404:5 a function returning this,4665974380601cd4a49089225dd0ff91f60b7993
src/compiler/transformers/module/module.ts:2038:28,NodeArray<VariableDeclaration>,reproduced,NotYet: src/compiler/transformers/module/module.ts:2038:28 for...of over an object,4665974380601cd4a49089225dd0ff91f60b7993
src/compiler/transformers/module/module.ts:2060:35,NodeArray<BindingElement> | NodeArray<ArrayBindingElement>,reproduced,NotYet: src/compiler/transformers/module/module.ts:2060:35 for...of over an object,4665974380601cd4a49089225dd0ff91f60b7993
src/compiler/transformers/module/module.ts:846:32,NodeArray<ObjectLiteralElementLike>,reproduced,NotYet: src/compiler/transformers/module/module.ts:846:32 for...of over an object,4665974380601cd4a49089225dd0ff91f60b7993
src/compiler/transformers/module/module.ts:873:32,NodeArray<Expression>,reproduced,NotYet: src/compiler/transformers/module/module.ts:846:32 for...of over an object,4665974380601cd4a49089225dd0ff91f60b7993
src/compiler/transformers/module/system.ts:1035:49,NodeArray<ImportSpecifier>,reproduced,NotYet: src/compiler/transformers/module/system.ts:1035:49 for...of over an object,4665974380601cd4a49089225dd0ff91f60b7993
src/compiler/transformers/module/system.ts:1079:28,NodeArray<VariableDeclaration>,reproduced,NotYet: src/compiler/transformers/module/system.ts:1079:28 for...of over an object,4665974380601cd4a49089225dd0ff91f60b7993
src/compiler/transformers/module/system.ts:1104:35,NodeArray<BindingElement> | NodeArray<ArrayBindingElement>,reproduced,NotYet: src/compiler/transformers/module/system.ts:1104:35 for...of over an object,4665974380601cd4a49089225dd0ff91f60b7993
src/compiler/transformers/module/system.ts:1373:36,NodeArray<VariableDeclaration>,reproduced,NotYet: src/compiler/transformers/module/system.ts:1373:36 for...of over an object,4665974380601cd4a49089225dd0ff91f60b7993
src/compiler/transformers/module/system.ts:647:49,NodeArray<ExportSpecifier>,reproduced,NotYet: src/compiler/core.ts:33:17 a function returning U | undefined,4665974380601cd4a49089225dd0ff91f60b7993
src/compiler/transformers/module/system.ts:880:36,NodeArray<VariableDeclaration>,reproduced,Refused: src/compiler/visitorPublic.ts:123:5 overload 1 of visitNode parameter node cannot be served by implementation parameter node,4665974380601cd4a49089225dd0ff91f60b7993
src/compiler/transformers/module/system.ts:899:36,NodeArray<VariableDeclaration>,reproduced,Refused: src/compiler/visitorPublic.ts:123:5 overload 1 of visitNode parameter node cannot be served by implementation parameter node,4665974380601cd4a49089225dd0ff91f60b7993
src/compiler/transformers/module/system.ts:924:35,NodeArray<BindingElement> | NodeArray<ArrayBindingElement>,reproduced,NotYet: src/compiler/transformers/module/system.ts:924:35 for...of over an object,4665974380601cd4a49089225dd0ff91f60b7993
src/compiler/transformers/taggedTemplate.ts:68:36,NodeArray<TemplateSpan>,reproduced,Refused: src/compiler/visitorPublic.ts:123:5 overload 1 of visitNode parameter node cannot be served by implementation parameter node,4665974380601cd4a49089225dd0ff91f60b7993
src/compiler/transformers/utilities.ts:194:24,NodeArray<Statement>,reproduced,NotYet: src/compiler/transformers/utilities.ts:180:22 a method call through a structural signature in a program with statics; use typeof the declaring class,4665974380601cd4a49089225dd0ff91f60b7993
src/compiler/transformers/utilities.ts:357:31,NodeArray<BindingElement> | NodeArray<ArrayBindingElement>,reproduced,NotYet: src/compiler/transformers/utilities.ts:357:31 for...of over an object,4665974380601cd4a49089225dd0ff91f60b7993
src/compiler/utilities.ts:10127:29,NodeArray<Statement>,reproduced,NotYet: src/compiler/utilities.ts:10127:29 for...of over an object,4665974380601cd4a49089225dd0ff91f60b7993
src/compiler/utilities.ts:10736:31,JSDocArray,reproduced,NotYet: src/compiler/utilities.ts:10736:31 for...of over an object,4665974380601cd4a49089225dd0ff91f60b7993
src/compiler/utilities.ts:11428:28,NodeArray<TemplateSpan>,reproduced,NotYet: src/compiler/utilities.ts:11428:28 for...of over an object,4665974380601cd4a49089225dd0ff91f60b7993
src/compiler/utilities.ts:11457:26,NodeArray<ClassElement>,reproduced,NotYet: src/compiler/utilities.ts:11457:26 for...of over an object,4665974380601cd4a49089225dd0ff91f60b7993
src/compiler/utilities.ts:3595:33,NodeArray<ParameterDeclaration>,reproduced,NotYet: src/compiler/utilities.ts:3581:13 a BinaryExpression with a value and a boolean,4665974380601cd4a49089225dd0ff91f60b7993
src/compiler/utilities.ts:5244:30,NodeArray<HeritageClause>,reproduced,NotYet: src/compiler/utilities.ts:5244:30 for...of over an object,4665974380601cd4a49089225dd0ff91f60b7993
